[Licensing::Module] Trying to connect to existing licensing client channel...
Built from '6000.3/staging' branch; Version is '6000.3.4f1 (fdd3b8998ec4) revision 16634808'; Using compiler version '194234433'; Build Type 'Release'
[Licensing::IpcConnector] Successfully connected to: "LicenseClient-ajffj" at "2026-04-20T08:07:42.6350094Z"
OS: 'Windows 11  (10.0.26200) Professional' Language: 'ko' Physical Memory: 64659 MB
BatchMode: 1, IsHumanControllingUs: 0, StartBugReporterOnCrash: 0, Is64bit: 1
System  architecture: x64
Process architecture: x64
Date: 2026-04-20T08:07:42Z
[Licensing::Client] Code 10 while verifying Licensing Client signature (process Id: 20808, path: "E:/Unity/Unity Hub/UnityLicensingClient_V1/Unity.Licensing.Client.exe")
[Licensing::Module] LicensingClient has failed validation; ignoring
[Licensing::Client] Error: HandshakeResponse reported an error:
	ResponseCode: 505
	ResponseStatus: Unsupported protocol version '1.17.4'.
[Licensing::Module] Error: Failed to handshake to channel: "LicenseClient-ajffj"
[Licensing::IpcConnector] LicenseClient-ajffj channel disconnected successfully.
[Licensing::IpcConnector] Successfully connected to: "LicenseClient-ajffj-6000.3.4" at "2026-04-20T08:07:42.6862295Z"

COMMAND LINE ARGUMENTS:
C:\Program Files\Unity\Hub\Editor\6000.3.4f1\Editor\Unity.exe
-adb2
-batchMode
-noUpm
-name
AssetImportWorker6
-projectPath
E:/Unity/TPS_Project/TpsProject
-logFile
Logs/AssetImportWorker6.log
-srvPort
6187
-licensingIpc
LicenseClient-ajffj
-job-worker-count
11
-background-job-worker-count
8
-gc-helper-count
1
-name
AssetImport
Successfully changed project path to: E:/Unity/TPS_Project/TpsProject
E:/Unity/TPS_Project/TpsProject
[UnityMemory] Configuration Parameters - Can be set up in boot.config
    "memorysetup-temp-allocator-size-nav-mesh-worker=65536"
    "memorysetup-temp-allocator-size-audio-worker=65536"
    "memorysetup-temp-allocator-size-gfx=262144"
    "memorysetup-allocator-temp-initial-block-size-main=262144"
    "memorysetup-allocator-temp-initial-block-size-worker=262144"
    "memorysetup-temp-allocator-size-background-worker=32768"
    "memorysetup-temp-allocator-size-job-worker=262144"
    "memorysetup-temp-allocator-size-preload-manager=33554432"
    "memorysetup-temp-allocator-size-gi-baking-worker=262144"
    "memorysetup-temp-allocator-size-gi-baking-worker=262144"
    "memorysetup-temp-allocator-size-gi-baking-worker=262144"
    "memorysetup-temp-allocator-size-gi-baking-worker=262144"
    "memorysetup-temp-allocator-size-gi-baking-worker=262144"
    "memorysetup-bucket-allocator-granularity=16"
    "memorysetup-bucket-allocator-bucket-count=8"
    "memorysetup-bucket-allocator-block-size=33554432"
    "memorysetup-bucket-allocator-block-count=8"
    "memorysetup-main-allocator-block-size=16777216"
    "memorysetup-thread-allocator-block-size=16777216"
    "memorysetup-gfx-main-allocator-block-size=16777216"
    "memorysetup-gfx-thread-allocator-block-size=16777216"
    "memorysetup-cache-allocator-block-size=4194304"
    "memorysetup-typetree-allocator-block-size=2097152"
    "memorysetup-profiler-bucket-allocator-granularity=16"
    "memorysetup-profiler-bucket-allocator-bucket-count=8"
    "memorysetup-profiler-bucket-allocator-block-size=33554432"
    "memorysetup-profiler-bucket-allocator-block-count=8"
    "memorysetup-profiler-allocator-block-size=16777216"
    "memorysetup-profiler-editor-allocator-block-size=1048576"
    "memorysetup-temp-allocator-size-main=16777216"
    "memorysetup-job-temp-allocator-block-size=2097152"
    "memorysetup-job-temp-allocator-block-size-background=1048576"
    "memorysetup-job-temp-allocator-reduction-small-platforms=262144"
    "memorysetup-temp-allocator-size-cloud-worker=32768"
Player connection [3244]  Target information:

Player connection [3244]  * "[IP] 192.168.0.3 [Port] 0 [Flags] 2 [Guid] 2940030113 [EditorId] 2940030113 [Version] 1048832 [Id] WindowsEditor(7,DESKTOP-3QPCFMO) [Debug] 1 [PackageName] WindowsEditor [ProjectName] Editor" 

Player connection [3244] Host joined multi-casting on [225.0.0.222:54997]...
Player connection [3244] Host joined alternative multi-casting on [225.0.0.222:34997]...
JobSystem: Creating JobQueue using job-worker-count value 11
Input System module state changed to: Initialized.
[Physics::Module] Initialized fallback backend.
[Physics::Module] Id: 0xdecafbad
Library Redirect Path: Library/
[Physics::Module] Selected backend.
[Physics::Module] Name: PhysX
[Physics::Module] Id: 0xf2b8ea05
[Physics::Module] SDK Version: 4.1.2
[Physics::Module] Integration Version: 1.0.0
[Physics::Module] Threading Mode: Multi-Threaded
Refreshing native plugins compatible for Editor in 71.38 ms, found 3 plugins.
Preloading 0 native plugins for Editor in 0.00 ms.
Initialize engine version: 6000.3.4f1 (fdd3b8998ec4)
[Subsystems] Discovering subsystems at path C:/Program Files/Unity/Hub/Editor/6000.3.4f1/Editor/Data/Resources/UnitySubsystems
[Subsystems] Discovering subsystems at path E:/Unity/TPS_Project/TpsProject/Assets
GfxDevice: creating device client; kGfxThreadingModeNonThreaded
Direct3D:
    Version:  Direct3D 11.0 [level 11.1]
    Renderer: NVIDIA GeForce RTX 3070 (ID=0x2484)
    Vendor:   NVIDIA
    VRAM:     8018 MB
    Driver:   32.0.15.9186
Initialize mono
Mono path[0] = 'C:/Program Files/Unity/Hub/Editor/6000.3.4f1/Editor/Data/Managed'
Mono path[1] = 'C:/Program Files/Unity/Hub/Editor/6000.3.4f1/Editor/Data/MonoBleedingEdge/lib/mono/unityjit-win32'
Mono config path = 'C:/Program Files/Unity/Hub/Editor/6000.3.4f1/Editor/Data/MonoBleedingEdge/etc'
Using monoOptions --debugger-agent=transport=dt_socket,embedding=1,server=y,suspend=n,address=127.0.0.1:56504
Begin MonoManager ReloadAssembly
[Licensing::Client] Handshaking with LicensingClient:
  Version:                 1.17.4+4293ba1
  Session Id:              280ccb8fdb164ea9bed26bccd874daf3
  Correlation Id:          37df60d828c7be8c3c8e2435d570d8df
  External correlation Id: 951392563700289007
  Machine Id:              quNDNEHvSPhWQgiArlte8FV3K/U=
[Licensing::Module] Successfully connected to LicensingClient on channel: "LicenseClient-ajffj-6000.3.4" (connect: 0.00s, validation: 0.00s, handshake: 1.09s)
[Licensing::IpcConnector] Successfully connected to: "LicenseClient-ajffj-6000.3.4-notifications" at "2026-04-20T08:07:43.7864547Z"
[Licensing::Module] Licensing Background thread has ended after 1.15s
Registering precompiled unity dll's ...
Register platform support module: C:/Program Files/Unity/Hub/Editor/6000.3.4f1/Editor/Data/PlaybackEngines/WindowsStandaloneSupport/UnityEditor.WindowsStandalone.Extensions.dll
Registered in 0.003082 seconds.
- Loaded All Assemblies, in  1.757 seconds
Native extension for WindowsStandalone target not found
ScheduleIndexationOnStartup MainProcess:False IndexOnStartup:True
Mono: successfully reloaded assembly
- Finished resetting the current domain, in  0.409 seconds
Domain Reload Profiling: 2159ms
	BeginReloadAssembly (321ms)
		ExecutionOrderSort (0ms)
		DisableScriptedObjects (0ms)
		BackupInstance (0ms)
		ReleaseScriptingObjects (0ms)
		CreateAndSetChildDomain (1ms)
	RebuildCommonClasses (347ms)
	RebuildNativeTypeToScriptingClass (10ms)
	initialDomainReloadingComplete (46ms)
	LoadAllAssembliesAndSetupDomain (1026ms)
		LoadAssemblies (318ms)
		RebuildTransferFunctionScriptingTraits (0ms)
		AnalyzeDomain (1019ms)
			TypeCache.Refresh (1018ms)
				TypeCache.ScanAssembly (774ms)
			BuildScriptInfoCaches (0ms)
			ResolveRequiredComponents (0ms)
	FinalizeReload (409ms)
		ReleaseScriptCaches (0ms)
		RebuildScriptCaches (0ms)
		SetupLoadedEditorAssemblies (368ms)
			LogAssemblyErrors (0ms)
			InitializePlatformSupportModulesInManaged (39ms)
			SetLoadedEditorAssemblies (3ms)
			BeforeProcessingInitializeOnLoad (84ms)
			ProcessInitializeOnLoadAttributes (162ms)
			ProcessInitializeOnLoadMethodAttributes (81ms)
			AfterProcessingInitializeOnLoad (0ms)
			EditorAssembliesLoaded (0ms)
		ExecutionOrderSort2 (0ms)
		AwakeInstancesAfterBackupRestoration (0ms)
========================================================================
Worker process is ready to serve import requests
Import Worker Mode flag is 0x00
Begin MonoManager ReloadAssembly
[Licensing::Client] Successfully resolved entitlement details
[Licensing::Module] License group:
  Id: 14568646326981-UnityPersXXXX
  Product: Unity Personal
  Type: Assigned
  Expiration: Unlimited
- Loaded All Assemblies, in  6.780 seconds
Refreshing native plugins compatible for Editor in 0.84 ms, found 3 plugins.
Native extension for WindowsStandalone target not found
Package Manager log level set to [2]
[Package Manager] Failed to launch server process. Reason: Unity was launched with the -noUpm command-line argument
[Package Manager] Unable to send message (not connected to server process).
[Package Manager] Cannot connect to Unity Package Manager local server
ScheduleIndexationOnStartup MainProcess:False IndexOnStartup:True
Mono: successfully reloaded assembly
- Finished resetting the current domain, in  0.839 seconds
Domain Reload Profiling: 7612ms
	BeginReloadAssembly (207ms)
		ExecutionOrderSort (0ms)
		DisableScriptedObjects (6ms)
		BackupInstance (0ms)
		ReleaseScriptingObjects (0ms)
		CreateAndSetChildDomain (42ms)
	RebuildCommonClasses (41ms)
	RebuildNativeTypeToScriptingClass (12ms)
	initialDomainReloadingComplete (44ms)
	LoadAllAssembliesAndSetupDomain (6469ms)
		LoadAssemblies (6124ms)
		RebuildTransferFunctionScriptingTraits (0ms)
		AnalyzeDomain (457ms)
			TypeCache.Refresh (399ms)
				TypeCache.ScanAssembly (385ms)
			BuildScriptInfoCaches (45ms)
			ResolveRequiredComponents (9ms)
	FinalizeReload (839ms)
		ReleaseScriptCaches (0ms)
		RebuildScriptCaches (0ms)
		SetupLoadedEditorAssemblies (543ms)
			LogAssemblyErrors (0ms)
			InitializePlatformSupportModulesInManaged (2ms)
			SetLoadedEditorAssemblies (4ms)
			BeforeProcessingInitializeOnLoad (155ms)
			ProcessInitializeOnLoadAttributes (321ms)
			ProcessInitializeOnLoadMethodAttributes (54ms)
			AfterProcessingInitializeOnLoad (8ms)
			EditorAssembliesLoaded (0ms)
		ExecutionOrderSort2 (0ms)
		AwakeInstancesAfterBackupRestoration (6ms)
Launched and connected shader compiler UnityShaderCompiler.exe after 0.01 seconds
Refreshing native plugins compatible for Editor in 1.04 ms, found 3 plugins.
Preloading 0 native plugins for Editor in 0.00 ms.
Unloading 20 Unused Serialized files (Serialized files now loaded: 0)
Unloading 6364 unused Assets / (3.3 MB). Loaded Objects now: 7211.
Memory consumption went from 163.2 MB to 160.0 MB.
Total: 10.050700 ms (FindLiveObjects: 1.097800 ms CreateObjectMapping: 0.304800 ms MarkObjects: 6.364800 ms  DeleteObjects: 2.282900 ms)

========================================================================
Received Import Request.
  Time since last request: 8163.198399 seconds.
  path: Assets/Flooded_Grounds/Prefabs/Buildings/GreenHouse/GreenHouse1_Mid_A.prefab
  artifactKey: Guid(cbd0b3ad55adbb2449d91dce8172900a) Importer(2089858483,b0f066a214c2f5e87bad3c948f4d605d)
Start importing Assets/Flooded_Grounds/Prefabs/Buildings/GreenHouse/GreenHouse1_Mid_A.prefab using Guid(cbd0b3ad55adbb2449d91dce8172900a) Importer(2089858483,b0f066a214c2f5e87bad3c948f4d605d) (ScriptedImporter) -> (artifact id: '5d2fd3facbf29c2b4e5e8d094e088b86') in 0.10932 seconds
Number of updated asset objects reloaded before import = 0Number of asset objects unloaded after import = 9

========================================================================
Received Import Request.
  Time since last request: 0.000013 seconds.
  path: Assets/Flooded_Grounds/PostProcessing/Runtime/Models/BuiltinDebugViewsModel.cs
  artifactKey: Guid(33d6d1a4b7b3dec40819019a25605191) Importer(2089858483,b0f066a214c2f5e87bad3c948f4d605d)
Start importing Assets/Flooded_Grounds/PostProcessing/Runtime/Models/BuiltinDebugViewsModel.cs using Guid(33d6d1a4b7b3dec40819019a25605191) Importer(2089858483,b0f066a214c2f5e87bad3c948f4d605d) (ScriptedImporter) -> (artifact id: 'cf1b3f7b4e4d85674b1039470fc623a7') in 0.0091953 seconds
Number of updated asset objects reloaded before import = 0Number of asset objects unloaded after import = 0

========================================================================
Received Import Request.
  Time since last request: 0.000021 seconds.
  path: Assets/Flooded_Grounds/Content/Meshes/mBuildings/mVilla1/Villa1_Floor_Mid_C_COL.fbx
  artifactKey: Guid(b704d96549581a240ad2450e3b33b42b) Importer(2089858483,b0f066a214c2f5e87bad3c948f4d605d)
Start importing Assets/Flooded_Grounds/Content/Meshes/mBuildings/mVilla1/Villa1_Floor_Mid_C_COL.fbx using Guid(b704d96549581a240ad2450e3b33b42b) Importer(2089858483,b0f066a214c2f5e87bad3c948f4d605d) (ScriptedImporter) -> (artifact id: 'c29f7277ff5cb2f28203755d9e6586e3') in 0.0308345 seconds
Number of updated asset objects reloaded before import = 0Number of asset objects unloaded after import = 7

========================================================================
Received Import Request.
  Time since last request: 0.000029 seconds.
  path: Assets/Flooded_Grounds/Content/Textures/BLD_Rubble1_A.tif
  artifactKey: Guid(6626f7396393484488cdc76763fb7382) Importer(2089858483,b0f066a214c2f5e87bad3c948f4d605d)
Start importing Assets/Flooded_Grounds/Content/Textures/BLD_Rubble1_A.tif using Guid(6626f7396393484488cdc76763fb7382) Importer(2089858483,b0f066a214c2f5e87bad3c948f4d605d) (ScriptedImporter) -> (artifact id: '939a11ceb671934f10de189042d1cb40') in 0.0377826 seconds
Number of updated asset objects reloaded before import = 0Number of asset objects unloaded after import = 1

========================================================================
Received Import Request.
  Time since last request: 0.000012 seconds.
  path: Assets/Flooded_Grounds/Content/Meshes/mBuildings/mBrickHouse/BrickHouse_IntWall_C.fbx
  artifactKey: Guid(8dea3d00786ffc0459f4908c132f8854) Importer(2089858483,b0f066a214c2f5e87bad3c948f4d605d)
Start importing Assets/Flooded_Grounds/Content/Meshes/mBuildings/mBrickHouse/BrickHouse_IntWall_C.fbx using Guid(8dea3d00786ffc0459f4908c132f8854) Importer(2089858483,b0f066a214c2f5e87bad3c948f4d605d) (ScriptedImporter) -> (artifact id: '6db31c045054b2697a4ed64d6aa8b8b1') in 0.0169225 seconds
Number of updated asset objects reloaded before import = 0Number of asset objects unloaded after import = 7

========================================================================
Received Import Request.
  Time since last request: 0.000013 seconds.
  path: Assets/Flooded_Grounds/Content/Meshes/mBuildings/mBrickHouse/BrickHouse_Mid_B.fbx
  artifactKey: Guid(f1a73dd9e67a25140a9eb78307675a22) Importer(2089858483,b0f066a214c2f5e87bad3c948f4d605d)
Start importing Assets/Flooded_Grounds/Content/Meshes/mBuildings/mBrickHouse/BrickHouse_Mid_B.fbx using Guid(f1a73dd9e67a25140a9eb78307675a22) Importer(2089858483,b0f066a214c2f5e87bad3c948f4d605d) (ScriptedImporter) -> (artifact id: '80cf75c5989bf7e6960317431ee328e2') in 0.0129699 seconds
Number of updated asset objects reloaded before import = 0Number of asset objects unloaded after import = 7

========================================================================
Received Import Request.
  Time since last request: 0.000020 seconds.
  path: Assets/Flooded_Grounds/Prefabs/Buildings/Cabins/Cabin1_DM.prefab
  artifactKey: Guid(89f79f1bf5f167d4298cf43d900f56c1) Importer(2089858483,b0f066a214c2f5e87bad3c948f4d605d)
Start importing Assets/Flooded_Grounds/Prefabs/Buildings/Cabins/Cabin1_DM.prefab using Guid(89f79f1bf5f167d4298cf43d900f56c1) Importer(2089858483,b0f066a214c2f5e87bad3c948f4d605d) (ScriptedImporter) -> (artifact id: '0199432de363bdb1ac0210e2d9676efd') in 0.0131409 seconds
Number of updated asset objects reloaded before import = 0Number of asset objects unloaded after import = 9

========================================================================
Received Import Request.
  Time since last request: 0.000016 seconds.
  path: Assets/Flooded_Grounds/PostProcessing/Runtime/PostProcessingComponent.cs
  artifactKey: Guid(ef3277e9c14f78546a1ecaab0d293b77) Importer(2089858483,b0f066a214c2f5e87bad3c948f4d605d)
Start importing Assets/Flooded_Grounds/PostProcessing/Runtime/PostProcessingComponent.cs using Guid(ef3277e9c14f78546a1ecaab0d293b77) Importer(2089858483,b0f066a214c2f5e87bad3c948f4d605d) (ScriptedImporter) -> (artifact id: '4ac02c5f672f965db2b47bb7524c27bb') in 0.0094221 seconds
Number of updated asset objects reloaded before import = 0Number of asset objects unloaded after import = 0

========================================================================
Received Import Request.
  Time since last request: 0.000018 seconds.
  path: Assets/Flooded_Grounds/Content/Textures/BLD_Bridge1_A.tif
  artifactKey: Guid(098fa56b6e8c3344cbce9e8a884c490b) Importer(2089858483,b0f066a214c2f5e87bad3c948f4d605d)
Start importing Assets/Flooded_Grounds/Content/Textures/BLD_Bridge1_A.tif using Guid(098fa56b6e8c3344cbce9e8a884c490b) Importer(2089858483,b0f066a214c2f5e87bad3c948f4d605d) (ScriptedImporter) -> (artifact id: '5cd3aa6ebeac45d6a0622f93abf9480e') in 0.0199243 seconds
Number of updated asset objects reloaded before import = 0Number of asset objects unloaded after import = 1

========================================================================
Received Import Request.
  Time since last request: 0.000016 seconds.
  path: Assets/Flooded_Grounds/Content/Animations/Prop_Boat_A_Bobbing.anim
  artifactKey: Guid(19ad7872f173c494a9d04d95a5b62b19) Importer(2089858483,b0f066a214c2f5e87bad3c948f4d605d)
Start importing Assets/Flooded_Grounds/Content/Animations/Prop_Boat_A_Bobbing.anim using Guid(19ad7872f173c494a9d04d95a5b62b19) Importer(2089858483,b0f066a214c2f5e87bad3c948f4d605d) (ScriptedImporter) -> (artifact id: '1cd635913c4894bce2df21e67091f945') in 0.0171635 seconds
Number of updated asset objects reloaded before import = 0Number of asset objects unloaded after import = 1

========================================================================
Received Import Request.
  Time since last request: 0.000015 seconds.
  path: Assets/Flooded_Grounds/Content/Materials/ATM_Leaf1.mat
  artifactKey: Guid(e049ee4d8606de040a720fb72ae1d9f2) Importer(2089858483,b0f066a214c2f5e87bad3c948f4d605d)
Start importing Assets/Flooded_Grounds/Content/Materials/ATM_Leaf1.mat using Guid(e049ee4d8606de040a720fb72ae1d9f2) Importer(2089858483,b0f066a214c2f5e87bad3c948f4d605d) (ScriptedImporter) -> (artifact id: '4e2eae5a36be9bc6c82412d90ed34437') in 0.0165318 seconds
Number of updated asset objects reloaded before import = 0Number of asset objects unloaded after import = 2

========================================================================
Received Import Request.
  Time since last request: 0.000015 seconds.
  path: Assets/Flooded_Grounds/Content/Meshes/mBuildings/mStructures/Struct_Pavilion_B_COL.fbx
  artifactKey: Guid(63132d99821cb9a44a82fbae427832c9) Importer(2089858483,b0f066a214c2f5e87bad3c948f4d605d)
Start importing Assets/Flooded_Grounds/Content/Meshes/mBuildings/mStructures/Struct_Pavilion_B_COL.fbx using Guid(63132d99821cb9a44a82fbae427832c9) Importer(2089858483,b0f066a214c2f5e87bad3c948f4d605d) (ScriptedImporter) -> (artifact id: '54df48d69b842aa58bcbc7ebbfc0d1c1') in 0.0155135 seconds
Number of updated asset objects reloaded before import = 0Number of asset objects unloaded after import = 7

========================================================================
Received Import Request.
  Time since last request: 0.000020 seconds.
  path: Assets/Flooded_Grounds/Content/Meshes/mBuildings/mGuardHouse
  artifactKey: Guid(388b9974ee0b56949bb717dfec3a370e) Importer(2089858483,b0f066a214c2f5e87bad3c948f4d605d)
Start importing Assets/Flooded_Grounds/Content/Meshes/mBuildings/mGuardHouse using Guid(388b9974ee0b56949bb717dfec3a370e) Importer(2089858483,b0f066a214c2f5e87bad3c948f4d605d) (ScriptedImporter) -> (artifact id: 'ab32dfac1ec5ae25bed288a2bc98cd99') in 0.0100534 seconds
Number of updated asset objects reloaded before import = 0Number of asset objects unloaded after import = 1

========================================================================
Received Import Request.
  Time since last request: 0.000036 seconds.
  path: Assets/Flooded_Grounds/Prefabs/Buildings/Structures1/Struct_Billboard_A_DM.prefab
  artifactKey: Guid(17ad2d2220fb18a4ebe7d676a612bca0) Importer(2089858483,b0f066a214c2f5e87bad3c948f4d605d)
Start importing Assets/Flooded_Grounds/Prefabs/Buildings/Structures1/Struct_Billboard_A_DM.prefab using Guid(17ad2d2220fb18a4ebe7d676a612bca0) Importer(2089858483,b0f066a214c2f5e87bad3c948f4d605d) (ScriptedImporter) -> (artifact id: '7a60781c7a5f7a23af93d8253593c338') in 0.0122413 seconds
Number of updated asset objects reloaded before import = 0Number of asset objects unloaded after import = 10

========================================================================
Received Import Request.
  Time since last request: 0.000016 seconds.
  path: Assets/Flooded_Grounds/Content/Meshes/mBuildings/mBrickHouse/BrickHouse_Floor_Mid_A_DM_B_COL.fbx
  artifactKey: Guid(a3d0eba37d1b8e6498f35c5514f8ea55) Importer(2089858483,b0f066a214c2f5e87bad3c948f4d605d)
Start importing Assets/Flooded_Grounds/Content/Meshes/mBuildings/mBrickHouse/BrickHouse_Floor_Mid_A_DM_B_COL.fbx using Guid(a3d0eba37d1b8e6498f35c5514f8ea55) Importer(2089858483,b0f066a214c2f5e87bad3c948f4d605d) (ScriptedImporter) -> (artifact id: '811f0890a261c1c202e6a0a3ed1c4c81') in 0.0149076 seconds
Number of updated asset objects reloaded before import = 0Number of asset objects unloaded after import = 7

========================================================================
Received Import Request.
  Time since last request: 0.000023 seconds.
  path: Assets/Flooded_Grounds/Content/Trees/SrcTextures/FOL_BushFlower1_N.tif
  artifactKey: Guid(caf13ffc086061d41bef50689b9e6eb9) Importer(2089858483,b0f066a214c2f5e87bad3c948f4d605d)
Start importing Assets/Flooded_Grounds/Content/Trees/SrcTextures/FOL_BushFlower1_N.tif using Guid(caf13ffc086061d41bef50689b9e6eb9) Importer(2089858483,b0f066a214c2f5e87bad3c948f4d605d) (ScriptedImporter) -> (artifact id: 'ca151ab538d663c4528f91b65d7ff777') in 0.0160615 seconds
Number of updated asset objects reloaded before import = 0Number of asset objects unloaded after import = 1

========================================================================
Received Import Request.
  Time since last request: 0.000013 seconds.
  path: Assets/Flooded_Grounds/Content/Textures/PROP_SmallProps1_A.tif
  artifactKey: Guid(237b057e663a74e41be862053ec11ef0) Importer(2089858483,b0f066a214c2f5e87bad3c948f4d605d)
Start importing Assets/Flooded_Grounds/Content/Textures/PROP_SmallProps1_A.tif using Guid(237b057e663a74e41be862053ec11ef0) Importer(2089858483,b0f066a214c2f5e87bad3c948f4d605d) (ScriptedImporter) -> (artifact id: '053ef3d88bfd65235aa6158468481348') in 0.0133116 seconds
Number of updated asset objects reloaded before import = 0Number of asset objects unloaded after import = 1

========================================================================
Received Import Request.
  Time since last request: 0.000017 seconds.
  path: Assets/Flooded_Grounds/PostProcessing/Utilities/CustomMotionTexture/Shaders/CustomMotionVectorTexture.shader
  artifactKey: Guid(9189229324e2342b8b69f7c1904dceba) Importer(2089858483,b0f066a214c2f5e87bad3c948f4d605d)
Start importing Assets/Flooded_Grounds/PostProcessing/Utilities/CustomMotionTexture/Shaders/CustomMotionVectorTexture.shader using Guid(9189229324e2342b8b69f7c1904dceba) Importer(2089858483,b0f066a214c2f5e87bad3c948f4d605d) (ScriptedImporter) -> (artifact id: 'de4cf8c5f2d0f3d6b63d5503ef2a1695') in 0.01165 seconds
Number of updated asset objects reloaded before import = 0Number of asset objects unloaded after import = 1

========================================================================
Received Import Request.
  Time since last request: 0.000025 seconds.
  path: Assets/Flooded_Grounds/Prefabs/Buildings/IndBuilding1/IndBuilding1_Wall_Int_A.prefab
  artifactKey: Guid(b5c6f1e15b5541a4990e2f0b2715e6be) Importer(2089858483,b0f066a214c2f5e87bad3c948f4d605d)
Start importing Assets/Flooded_Grounds/Prefabs/Buildings/IndBuilding1/IndBuilding1_Wall_Int_A.prefab using Guid(b5c6f1e15b5541a4990e2f0b2715e6be) Importer(2089858483,b0f066a214c2f5e87bad3c948f4d605d) (ScriptedImporter) -> (artifact id: '22ca8cf8ac9f6cfb8cf7417b6fe990c1') in 0.0131509 seconds
Number of updated asset objects reloaded before import = 0Number of asset objects unloaded after import = 9

========================================================================
Received Import Request.
  Time since last request: 0.000015 seconds.
  path: Assets/Flooded_Grounds/PostProcessing/Runtime/Models/FogModel.cs
  artifactKey: Guid(1e20e66aa2deb7943993c444137d9acd) Importer(2089858483,b0f066a214c2f5e87bad3c948f4d605d)
Start importing Assets/Flooded_Grounds/PostProcessing/Runtime/Models/FogModel.cs using Guid(1e20e66aa2deb7943993c444137d9acd) Importer(2089858483,b0f066a214c2f5e87bad3c948f4d605d) (ScriptedImporter) -> (artifact id: '650987bd0568f7f7c256ec0998ce36e8') in 0.0095399 seconds
Number of updated asset objects reloaded before import = 0Number of asset objects unloaded after import = 0

========================================================================
Received Import Request.
  Time since last request: 0.000013 seconds.
  path: Assets/Flooded_Grounds/PostProcessing/Editor/Models/FogModelEditor.cs
  artifactKey: Guid(44a64b44ec891d24b96ed84d958c3d4f) Importer(2089858483,b0f066a214c2f5e87bad3c948f4d605d)
Start importing Assets/Flooded_Grounds/PostProcessing/Editor/Models/FogModelEditor.cs using Guid(44a64b44ec891d24b96ed84d958c3d4f) Importer(2089858483,b0f066a214c2f5e87bad3c948f4d605d) (ScriptedImporter) -> (artifact id: '6852000f22c1bba9928d7bc22a825ec0') in 0.0088459 seconds
Number of updated asset objects reloaded before import = 0Number of asset objects unloaded after import = 0

========================================================================
Received Import Request.
  Time since last request: 0.000015 seconds.
  path: Assets/Flooded_Grounds/Content/Meshes/mBuildings/mIndBuilding2/Indbuilding2_End_A.fbx
  artifactKey: Guid(9ef6ca1b48a472842a62794f0698ffe1) Importer(2089858483,b0f066a214c2f5e87bad3c948f4d605d)
Start importing Assets/Flooded_Grounds/Content/Meshes/mBuildings/mIndBuilding2/Indbuilding2_End_A.fbx using Guid(9ef6ca1b48a472842a62794f0698ffe1) Importer(2089858483,b0f066a214c2f5e87bad3c948f4d605d) (ScriptedImporter) -> (artifact id: '1231955b293f5a7d84f34ba764c55ae9') in 0.0146324 seconds
Number of updated asset objects reloaded before import = 0Number of asset objects unloaded after import = 7

========================================================================
Received Import Request.
  Time since last request: 0.000018 seconds.
  path: Assets/Flooded_Grounds/Content/Meshes/mBuildings/mStructures/Struct_WoodPath_A.fbx
  artifactKey: Guid(8090ccb464a84444fa067b64fcdd1715) Importer(2089858483,b0f066a214c2f5e87bad3c948f4d605d)
Start importing Assets/Flooded_Grounds/Content/Meshes/mBuildings/mStructures/Struct_WoodPath_A.fbx using Guid(8090ccb464a84444fa067b64fcdd1715) Importer(2089858483,b0f066a214c2f5e87bad3c948f4d605d) (ScriptedImporter) -> (artifact id: '96b1614ecfdd3e3443827ecd885a0bcd') in 0.0187958 seconds
Number of updated asset objects reloaded before import = 0Number of asset objects unloaded after import = 20

========================================================================
Received Import Request.
  Time since last request: 0.000021 seconds.
  path: Assets/Flooded_Grounds/PostProcessing/Resources/Bluenoise64/LDR_LLL1_4.png
  artifactKey: Guid(6fa5cf178eaaa5f42b820f636bb6e0bd) Importer(2089858483,b0f066a214c2f5e87bad3c948f4d605d)
Start importing Assets/Flooded_Grounds/PostProcessing/Resources/Bluenoise64/LDR_LLL1_4.png using Guid(6fa5cf178eaaa5f42b820f636bb6e0bd) Importer(2089858483,b0f066a214c2f5e87bad3c948f4d605d) (ScriptedImporter) -> (artifact id: '03575b89875b1746d1ae46eabd8bc6cb') in 0.013542 seconds
Number of updated asset objects reloaded before import = 0Number of asset objects unloaded after import = 1

========================================================================
Received Import Request.
  Time since last request: 0.000014 seconds.
  path: Assets/Flooded_Grounds/Content/Meshes/mBuildings/mVilla2/Villa2_Top_Cor_B.fbx
  artifactKey: Guid(671d5171ef0684740be6243a2fff6eb8) Importer(2089858483,b0f066a214c2f5e87bad3c948f4d605d)
Start importing Assets/Flooded_Grounds/Content/Meshes/mBuildings/mVilla2/Villa2_Top_Cor_B.fbx using Guid(671d5171ef0684740be6243a2fff6eb8) Importer(2089858483,b0f066a214c2f5e87bad3c948f4d605d) (ScriptedImporter) -> (artifact id: '9e8b28c3a8d8c5688730a834221a33af') in 0.0122369 seconds
Number of updated asset objects reloaded before import = 0Number of asset objects unloaded after import = 7

========================================================================
Received Import Request.
  Time since last request: 0.000018 seconds.
  path: Assets/Flooded_Grounds/Prefabs/Buildings/Villa1/Villa1_Top_Mid_A.prefab
  artifactKey: Guid(419a8536db6f54646b66c61dcdf5a2d6) Importer(2089858483,b0f066a214c2f5e87bad3c948f4d605d)
Start importing Assets/Flooded_Grounds/Prefabs/Buildings/Villa1/Villa1_Top_Mid_A.prefab using Guid(419a8536db6f54646b66c61dcdf5a2d6) Importer(2089858483,b0f066a214c2f5e87bad3c948f4d605d) (ScriptedImporter) -> (artifact id: '3dcfd09e0275994263f4459499ec5be7') in 0.0147098 seconds
Number of updated asset objects reloaded before import = 0Number of asset objects unloaded after import = 9

========================================================================
Received Import Request.
  Time since last request: 0.000019 seconds.
  path: Assets/Flooded_Grounds/Content/Meshes/mBuildings/mChurches/Church1_Deco_Column_A.fbx
  artifactKey: Guid(7d40ea3f48eabf641bbd5a6051bbf671) Importer(2089858483,b0f066a214c2f5e87bad3c948f4d605d)
Start importing Assets/Flooded_Grounds/Content/Meshes/mBuildings/mChurches/Church1_Deco_Column_A.fbx using Guid(7d40ea3f48eabf641bbd5a6051bbf671) Importer(2089858483,b0f066a214c2f5e87bad3c948f4d605d) (ScriptedImporter) -> (artifact id: 'afbd0ccea26ff8397d9bbf09417f081c') in 0.0144528 seconds
Number of updated asset objects reloaded before import = 0Number of asset objects unloaded after import = 7

========================================================================
Received Import Request.
  Time since last request: 0.000023 seconds.
  path: Assets/Flooded_Grounds/Content/Meshes/mBuildings/mBrickHouse/BrickHouse_IntStairs_A.fbx
  artifactKey: Guid(f03a0b9a9b8682d40b323894651de91a) Importer(2089858483,b0f066a214c2f5e87bad3c948f4d605d)
Start importing Assets/Flooded_Grounds/Content/Meshes/mBuildings/mBrickHouse/BrickHouse_IntStairs_A.fbx using Guid(f03a0b9a9b8682d40b323894651de91a) Importer(2089858483,b0f066a214c2f5e87bad3c948f4d605d) (ScriptedImporter) -> (artifact id: 'a772f5870c19b63229e5f856af5ef94d') in 0.0151074 seconds
Number of updated asset objects reloaded before import = 0Number of asset objects unloaded after import = 7

========================================================================
Received Import Request.
  Time since last request: 0.000025 seconds.
  path: Assets/Flooded_Grounds/Content/Materials/PROP_FlyingSaucer_Mossy.mat
  artifactKey: Guid(5f922f9d8a0eb6b49af35dc7edb53897) Importer(2089858483,b0f066a214c2f5e87bad3c948f4d605d)
Start importing Assets/Flooded_Grounds/Content/Materials/PROP_FlyingSaucer_Mossy.mat using Guid(5f922f9d8a0eb6b49af35dc7edb53897) Importer(2089858483,b0f066a214c2f5e87bad3c948f4d605d) (ScriptedImporter) -> (artifact id: '306f41905153e6d314e49f61ce9afd15') in 0.0534428 seconds
Number of updated asset objects reloaded before import = 0Number of asset objects unloaded after import = 9

========================================================================
Received Import Request.
  Time since last request: 0.000022 seconds.
  path: Assets/_TerrainAutoUpgrade
  artifactKey: Guid(504ff8b712174c34a8b46148cfcf60c3) Importer(2089858483,b0f066a214c2f5e87bad3c948f4d605d)
Start importing Assets/_TerrainAutoUpgrade using Guid(504ff8b712174c34a8b46148cfcf60c3) Importer(2089858483,b0f066a214c2f5e87bad3c948f4d605d) (ScriptedImporter) -> (artifact id: '6034518e1afd1872684cbc40ce5bf737') in 0.0098081 seconds
Number of updated asset objects reloaded before import = 0Number of asset objects unloaded after import = 1

========================================================================
Received Import Request.
  Time since last request: 0.000016 seconds.
  path: Assets/Flooded_Grounds/Content/Meshes/mBuildings/mIndBuilding1/IndBuilding1_Top_Mid_A.fbx
  artifactKey: Guid(1f32cfe42957f2248832dfe36ec4ed4a) Importer(2089858483,b0f066a214c2f5e87bad3c948f4d605d)
Start importing Assets/Flooded_Grounds/Content/Meshes/mBuildings/mIndBuilding1/IndBuilding1_Top_Mid_A.fbx using Guid(1f32cfe42957f2248832dfe36ec4ed4a) Importer(2089858483,b0f066a214c2f5e87bad3c948f4d605d) (ScriptedImporter) -> (artifact id: '5f378378656d509a7f7039def8e79fcc') in 0.0129507 seconds
Number of updated asset objects reloaded before import = 0Number of asset objects unloaded after import = 7

========================================================================
Received Import Request.
  Time since last request: 0.000014 seconds.
  path: Assets/Flooded_Grounds/Content/Textures/BLD_WindowGlass1_MS.tif
  artifactKey: Guid(cda6643c125264d49beaa658d2048eac) Importer(2089858483,b0f066a214c2f5e87bad3c948f4d605d)
Start importing Assets/Flooded_Grounds/Content/Textures/BLD_WindowGlass1_MS.tif using Guid(cda6643c125264d49beaa658d2048eac) Importer(2089858483,b0f066a214c2f5e87bad3c948f4d605d) (ScriptedImporter) -> (artifact id: '44a1624067c9deb0996f4b5d09efc5c9') in 0.0133209 seconds
Number of updated asset objects reloaded before import = 0Number of asset objects unloaded after import = 1

========================================================================
Received Import Request.
  Time since last request: 0.000019 seconds.
  path: Assets/Flooded_Grounds/Prefabs/Buildings/Villa1/Villa1_Deco_Column_Mid_A.prefab
  artifactKey: Guid(5296e314f038d5946b1e87c49325871e) Importer(2089858483,b0f066a214c2f5e87bad3c948f4d605d)
Start importing Assets/Flooded_Grounds/Prefabs/Buildings/Villa1/Villa1_Deco_Column_Mid_A.prefab using Guid(5296e314f038d5946b1e87c49325871e) Importer(2089858483,b0f066a214c2f5e87bad3c948f4d605d) (ScriptedImporter) -> (artifact id: 'e38a33431281d1fdd2c8ba731c385dc9') in 0.011423 seconds
Number of updated asset objects reloaded before import = 0Number of asset objects unloaded after import = 9

========================================================================
Received Import Request.
  Time since last request: 0.000025 seconds.
  path: Assets/Flooded_Grounds/Prefabs/Buildings/LightHouse
  artifactKey: Guid(4b1e231dc47ee7d4e999276c0f099cfd) Importer(2089858483,b0f066a214c2f5e87bad3c948f4d605d)
Start importing Assets/Flooded_Grounds/Prefabs/Buildings/LightHouse using Guid(4b1e231dc47ee7d4e999276c0f099cfd) Importer(2089858483,b0f066a214c2f5e87bad3c948f4d605d) (ScriptedImporter) -> (artifact id: 'c13de0e1ee23bd398c86bc855ed40a74') in 0.007673 seconds
Number of updated asset objects reloaded before import = 0Number of asset objects unloaded after import = 1

========================================================================
Received Import Request.
  Time since last request: 0.000029 seconds.
  path: Assets/Flooded_Grounds/Content/Meshes/mBuildings/mVilla1/Villa1_Ext_A.fbx
  artifactKey: Guid(d4f6d897a9fc78244bb719468f1569c0) Importer(2089858483,b0f066a214c2f5e87bad3c948f4d605d)
Start importing Assets/Flooded_Grounds/Content/Meshes/mBuildings/mVilla1/Villa1_Ext_A.fbx using Guid(d4f6d897a9fc78244bb719468f1569c0) Importer(2089858483,b0f066a214c2f5e87bad3c948f4d605d) (ScriptedImporter) -> (artifact id: 'e58a13b13bc1fd443aee49e44ecfa367') in 0.0205731 seconds
Number of updated asset objects reloaded before import = 0Number of asset objects unloaded after import = 7

========================================================================
Received Import Request.
  Time since last request: 0.000018 seconds.
  path: Assets/Flooded_Grounds/Content/Textures/BLD_Structures2_N.tif
  artifactKey: Guid(d51e916c844b644469451ac4a8daf24e) Importer(2089858483,b0f066a214c2f5e87bad3c948f4d605d)
Start importing Assets/Flooded_Grounds/Content/Textures/BLD_Structures2_N.tif using Guid(d51e916c844b644469451ac4a8daf24e) Importer(2089858483,b0f066a214c2f5e87bad3c948f4d605d) (ScriptedImporter) -> (artifact id: '766ff09bef99c881450bbe6f15d7fb22') in 0.0254428 seconds
Number of updated asset objects reloaded before import = 0Number of asset objects unloaded after import = 1

========================================================================
Received Import Request.
  Time since last request: 0.000014 seconds.
  path: Assets/Flooded_Grounds/Prefabs/Props/Prop_Painting_C.prefab
  artifactKey: Guid(8b04cd075f5ebc74a866cece42007aed) Importer(2089858483,b0f066a214c2f5e87bad3c948f4d605d)
Start importing Assets/Flooded_Grounds/Prefabs/Props/Prop_Painting_C.prefab using Guid(8b04cd075f5ebc74a866cece42007aed) Importer(2089858483,b0f066a214c2f5e87bad3c948f4d605d) (ScriptedImporter) -> (artifact id: '6f41cb4022458497e8cf279f5a46b222') in 0.0348908 seconds
Number of updated asset objects reloaded before import = 0Number of asset objects unloaded after import = 8

========================================================================
Received Import Request.
  Time since last request: 0.000018 seconds.
  path: Assets/Flooded_Grounds/Content/Textures/PROP_Beds1_AO.tif
  artifactKey: Guid(3d24556bbcdd2d740aeb463e398d74c5) Importer(2089858483,b0f066a214c2f5e87bad3c948f4d605d)
Start importing Assets/Flooded_Grounds/Content/Textures/PROP_Beds1_AO.tif using Guid(3d24556bbcdd2d740aeb463e398d74c5) Importer(2089858483,b0f066a214c2f5e87bad3c948f4d605d) (ScriptedImporter) -> (artifact id: '55dd5d3e52dc36e7aecf74f2b4adf64c') in 0.0157939 seconds
Number of updated asset objects reloaded before import = 0Number of asset objects unloaded after import = 1

========================================================================
Received Import Request.
  Time since last request: 0.000025 seconds.
  path: Assets/Flooded_Grounds/Content/Meshes/mBuildings/mBarns/Barn1_Door_A.fbx
  artifactKey: Guid(7d826f29a6f86bc42b3d6a3a8babc75c) Importer(2089858483,b0f066a214c2f5e87bad3c948f4d605d)
Start importing Assets/Flooded_Grounds/Content/Meshes/mBuildings/mBarns/Barn1_Door_A.fbx using Guid(7d826f29a6f86bc42b3d6a3a8babc75c) Importer(2089858483,b0f066a214c2f5e87bad3c948f4d605d) (ScriptedImporter) -> (artifact id: '8653d7cedc6c62d852db00091ed05d05') in 0.0163388 seconds
Number of updated asset objects reloaded before import = 0Number of asset objects unloaded after import = 7

========================================================================
Received Import Request.
  Time since last request: 0.000023 seconds.
  path: Assets/Flooded_Grounds/PostProcessing/Resources/Bluenoise64/LDR_LLL1_31.png
  artifactKey: Guid(6b0a189df0bd4d5448eaefb4e673ace8) Importer(2089858483,b0f066a214c2f5e87bad3c948f4d605d)
Start importing Assets/Flooded_Grounds/PostProcessing/Resources/Bluenoise64/LDR_LLL1_31.png using Guid(6b0a189df0bd4d5448eaefb4e673ace8) Importer(2089858483,b0f066a214c2f5e87bad3c948f4d605d) (ScriptedImporter) -> (artifact id: 'fcf2bc4cfe337a600c64628a0521e497') in 0.0147277 seconds
Number of updated asset objects reloaded before import = 0Number of asset objects unloaded after import = 1

========================================================================
Received Import Request.
  Time since last request: 0.000066 seconds.
  path: Assets/Flooded_Grounds/Prefabs/Buildings/IndBuilding1/IndBuilding1_Deco_IntColumn_Top.prefab
  artifactKey: Guid(c77c9941a488b844f81552ee194644cb) Importer(2089858483,b0f066a214c2f5e87bad3c948f4d605d)
Start importing Assets/Flooded_Grounds/Prefabs/Buildings/IndBuilding1/IndBuilding1_Deco_IntColumn_Top.prefab using Guid(c77c9941a488b844f81552ee194644cb) Importer(2089858483,b0f066a214c2f5e87bad3c948f4d605d) (ScriptedImporter) -> (artifact id: 'c61370d2ffef6d421f3a04538d896a43') in 0.0131954 seconds
Number of updated asset objects reloaded before import = 0Number of asset objects unloaded after import = 9

========================================================================
Received Import Request.
  Time since last request: 0.000016 seconds.
  path: Assets/Flooded_Grounds/Prefabs/Buildings/IndBuilding1/IndBuilding1_Base_Mid_A.prefab
  artifactKey: Guid(5f8119929abe75e4e8f9da64a6263f12) Importer(2089858483,b0f066a214c2f5e87bad3c948f4d605d)
Start importing Assets/Flooded_Grounds/Prefabs/Buildings/IndBuilding1/IndBuilding1_Base_Mid_A.prefab using Guid(5f8119929abe75e4e8f9da64a6263f12) Importer(2089858483,b0f066a214c2f5e87bad3c948f4d605d) (ScriptedImporter) -> (artifact id: '61107575addd3c172fc868e068ecac38') in 0.0118475 seconds
Number of updated asset objects reloaded before import = 0Number of asset objects unloaded after import = 9

========================================================================
Received Import Request.
  Time since last request: 0.000027 seconds.
  path: Assets/Flooded_Grounds/PostProcessing/Resources/Bluenoise64/LDR_LLL1_11.png
  artifactKey: Guid(771903fe7b4674445829e52e91cff019) Importer(2089858483,b0f066a214c2f5e87bad3c948f4d605d)
Start importing Assets/Flooded_Grounds/PostProcessing/Resources/Bluenoise64/LDR_LLL1_11.png using Guid(771903fe7b4674445829e52e91cff019) Importer(2089858483,b0f066a214c2f5e87bad3c948f4d605d) (ScriptedImporter) -> (artifact id: '3bc96c1709865764cc0d553a592ce567') in 0.0120897 seconds
Number of updated asset objects reloaded before import = 0Number of asset objects unloaded after import = 1

========================================================================
Received Import Request.
  Time since last request: 0.000020 seconds.
  path: Assets/Flooded_Grounds/Prefabs/Buildings/Bridge/BLD_Bridge_A.prefab
  artifactKey: Guid(06e456f55e6fa06438fb977ee919a779) Importer(2089858483,b0f066a214c2f5e87bad3c948f4d605d)
Start importing Assets/Flooded_Grounds/Prefabs/Buildings/Bridge/BLD_Bridge_A.prefab using Guid(06e456f55e6fa06438fb977ee919a779) Importer(2089858483,b0f066a214c2f5e87bad3c948f4d605d) (ScriptedImporter) -> (artifact id: '7fdcb4b352180f2f93c5e74919fbea48') in 0.0138509 seconds
Number of updated asset objects reloaded before import = 0Number of asset objects unloaded after import = 23

========================================================================
Received Import Request.
  Time since last request: 0.000020 seconds.
  path: Assets/Flooded_Grounds/Content/Meshes/mBuildings/mIndBuilding1/IndBuilding1_Wall_Mid_A.fbx
  artifactKey: Guid(cbf13026d2f984947863c523dffb531c) Importer(2089858483,b0f066a214c2f5e87bad3c948f4d605d)
Start importing Assets/Flooded_Grounds/Content/Meshes/mBuildings/mIndBuilding1/IndBuilding1_Wall_Mid_A.fbx using Guid(cbf13026d2f984947863c523dffb531c) Importer(2089858483,b0f066a214c2f5e87bad3c948f4d605d) (ScriptedImporter) -> (artifact id: 'afb6f7de40540ea8f708ba36abf17e34') in 0.0130151 seconds
Number of updated asset objects reloaded before import = 0Number of asset objects unloaded after import = 7

========================================================================
Received Import Request.
  Time since last request: 0.000023 seconds.
  path: Assets/Flooded_Grounds/Content/Meshes/mBuildings/mIndBuilding1/IndBuilding1_Top_Cor_A.fbx
  artifactKey: Guid(7cc751b4f8c439d4ba7ea28aa8fb3a1c) Importer(2089858483,b0f066a214c2f5e87bad3c948f4d605d)
Start importing Assets/Flooded_Grounds/Content/Meshes/mBuildings/mIndBuilding1/IndBuilding1_Top_Cor_A.fbx using Guid(7cc751b4f8c439d4ba7ea28aa8fb3a1c) Importer(2089858483,b0f066a214c2f5e87bad3c948f4d605d) (ScriptedImporter) -> (artifact id: '8d7d7a98f543d664e511bf85b1926ce1') in 0.0147016 seconds
Number of updated asset objects reloaded before import = 0Number of asset objects unloaded after import = 7

========================================================================
Received Import Request.
  Time since last request: 0.000023 seconds.
  path: Assets/Flooded_Grounds/Scenes/PreAsembeld_Buildings.unity
  artifactKey: Guid(becca19b86da74b4696c89ff8d644228) Importer(2089858483,b0f066a214c2f5e87bad3c948f4d605d)
Start importing Assets/Flooded_Grounds/Scenes/PreAsembeld_Buildings.unity using Guid(becca19b86da74b4696c89ff8d644228) Importer(2089858483,b0f066a214c2f5e87bad3c948f4d605d) (ScriptedImporter) -> (artifact id: '09ae2dc2dff8e10667bd27a627870104') in 0.0199152 seconds
Number of updated asset objects reloaded before import = 0Number of asset objects unloaded after import = 1

========================================================================
Received Import Request.
  Time since last request: 0.000027 seconds.
  path: Assets/Flooded_Grounds/Content/Trees/SrcTextures/FOL_Branch1_N.tif
  artifactKey: Guid(8eab5014992a02147bca0eda9e602f53) Importer(2089858483,b0f066a214c2f5e87bad3c948f4d605d)
Start importing Assets/Flooded_Grounds/Content/Trees/SrcTextures/FOL_Branch1_N.tif using Guid(8eab5014992a02147bca0eda9e602f53) Importer(2089858483,b0f066a214c2f5e87bad3c948f4d605d) (ScriptedImporter) -> (artifact id: '267247c6ad82faf8bd79f561688f46ce') in 0.0132133 seconds
Number of updated asset objects reloaded before import = 0Number of asset objects unloaded after import = 1

========================================================================
Received Import Request.
  Time since last request: 0.000014 seconds.
  path: Assets/Flooded_Grounds/Prefabs/Buildings/Cabins/Cabin1.prefab
  artifactKey: Guid(872b20cc32c99e94d8ecb02c49606f59) Importer(2089858483,b0f066a214c2f5e87bad3c948f4d605d)
Start importing Assets/Flooded_Grounds/Prefabs/Buildings/Cabins/Cabin1.prefab using Guid(872b20cc32c99e94d8ecb02c49606f59) Importer(2089858483,b0f066a214c2f5e87bad3c948f4d605d) (ScriptedImporter) -> (artifact id: 'ae92689f6c5a7f0d8842b11331896005') in 0.0135768 seconds
Number of updated asset objects reloaded before import = 0Number of asset objects unloaded after import = 9

========================================================================
Received Import Request.
  Time since last request: 0.000016 seconds.
  path: Assets/Flooded_Grounds/Content/Meshes/mBuildings/mLightHouse/LightHouse_A.fbm
  artifactKey: Guid(af61c005ddb4306439ac5822f2f5902e) Importer(2089858483,b0f066a214c2f5e87bad3c948f4d605d)
Start importing Assets/Flooded_Grounds/Content/Meshes/mBuildings/mLightHouse/LightHouse_A.fbm using Guid(af61c005ddb4306439ac5822f2f5902e) Importer(2089858483,b0f066a214c2f5e87bad3c948f4d605d) (ScriptedImporter) -> (artifact id: '792321500f22d054031361416b3ca8e6') in 0.0088795 seconds
Number of updated asset objects reloaded before import = 0Number of asset objects unloaded after import = 1

========================================================================
Received Import Request.
  Time since last request: 0.000044 seconds.
  path: Assets/Flooded_Grounds/Content/Meshes/mBuildings/mIndBuilding1/IndBuilding1_Roof_Mid_A.fbx
  artifactKey: Guid(9be033ce15ba54a4d98378d16730bf22) Importer(2089858483,b0f066a214c2f5e87bad3c948f4d605d)
Start importing Assets/Flooded_Grounds/Content/Meshes/mBuildings/mIndBuilding1/IndBuilding1_Roof_Mid_A.fbx using Guid(9be033ce15ba54a4d98378d16730bf22) Importer(2089858483,b0f066a214c2f5e87bad3c948f4d605d) (ScriptedImporter) -> (artifact id: '57d491daa6cf2bb28bb91906d06fff63') in 0.0161442 seconds
Number of updated asset objects reloaded before import = 0Number of asset objects unloaded after import = 7

========================================================================
Received Import Request.
  Time since last request: 0.000031 seconds.
  path: Assets/Flooded_Grounds/PostProcessing/Resources/Bluenoise64/LDR_LLL1_16.png
  artifactKey: Guid(153f7d6dfbe713d4884df0f1e243ba92) Importer(2089858483,b0f066a214c2f5e87bad3c948f4d605d)
Start importing Assets/Flooded_Grounds/PostProcessing/Resources/Bluenoise64/LDR_LLL1_16.png using Guid(153f7d6dfbe713d4884df0f1e243ba92) Importer(2089858483,b0f066a214c2f5e87bad3c948f4d605d) (ScriptedImporter) -> (artifact id: '06eccc3b635f6688b0c46321fc83aeb7') in 0.0128507 seconds
Number of updated asset objects reloaded before import = 0Number of asset objects unloaded after import = 1

========================================================================
Received Import Request.
  Time since last request: 0.000026 seconds.
  path: Assets/Flooded_Grounds/Content/Trees/SrcMaterials/Branch2.mat
  artifactKey: Guid(ec838c9a6cdda7c439048c5b259d7707) Importer(2089858483,b0f066a214c2f5e87bad3c948f4d605d)
Start importing Assets/Flooded_Grounds/Content/Trees/SrcMaterials/Branch2.mat using Guid(ec838c9a6cdda7c439048c5b259d7707) Importer(2089858483,b0f066a214c2f5e87bad3c948f4d605d) (ScriptedImporter) -> (artifact id: '6c0f9e30cc8cb76fee016de361568971') in 0.0149327 seconds
Number of updated asset objects reloaded before import = 0Number of asset objects unloaded after import = 3

========================================================================
Received Import Request.
  Time since last request: 0.000014 seconds.
  path: Assets/Flooded_Grounds/Content/Meshes/mBuildings/mVilla2/Villa2_IntStairs_B.fbx
  artifactKey: Guid(f59178ad67e89e2429b357e1e65e34d8) Importer(2089858483,b0f066a214c2f5e87bad3c948f4d605d)
Start importing Assets/Flooded_Grounds/Content/Meshes/mBuildings/mVilla2/Villa2_IntStairs_B.fbx using Guid(f59178ad67e89e2429b357e1e65e34d8) Importer(2089858483,b0f066a214c2f5e87bad3c948f4d605d) (ScriptedImporter) -> (artifact id: '7dc936171633ea55d484916f4072a754') in 0.0136391 seconds
Number of updated asset objects reloaded before import = 0Number of asset objects unloaded after import = 7

========================================================================
Received Import Request.
  Time since last request: 0.000017 seconds.
  path: Assets/Flooded_Grounds/PostProcessing/Runtime/Models/BloomModel.cs
  artifactKey: Guid(e215a6ec29d100f489c186f289526f06) Importer(2089858483,b0f066a214c2f5e87bad3c948f4d605d)
Start importing Assets/Flooded_Grounds/PostProcessing/Runtime/Models/BloomModel.cs using Guid(e215a6ec29d100f489c186f289526f06) Importer(2089858483,b0f066a214c2f5e87bad3c948f4d605d) (ScriptedImporter) -> (artifact id: 'd6382278f726be7f9c3a2a2316a0d50b') in 0.0094463 seconds
Number of updated asset objects reloaded before import = 0Number of asset objects unloaded after import = 0

========================================================================
Received Import Request.
  Time since last request: 0.000014 seconds.
  path: Assets/Flooded_Grounds/Content/Textures/GR_Moss1_N.tif
  artifactKey: Guid(3cc5713907ad64743bff036ba79ef950) Importer(2089858483,b0f066a214c2f5e87bad3c948f4d605d)
Start importing Assets/Flooded_Grounds/Content/Textures/GR_Moss1_N.tif using Guid(3cc5713907ad64743bff036ba79ef950) Importer(2089858483,b0f066a214c2f5e87bad3c948f4d605d) (ScriptedImporter) -> (artifact id: 'efa7674ed190891285b506c239908442') in 0.0124817 seconds
Number of updated asset objects reloaded before import = 0Number of asset objects unloaded after import = 1

========================================================================
Received Import Request.
  Time since last request: 0.000022 seconds.
  path: Assets/Flooded_Grounds/Content/Meshes/mNature/mRocks
  artifactKey: Guid(2ff0ecb814f70f74c9c4840ed06c51a3) Importer(2089858483,b0f066a214c2f5e87bad3c948f4d605d)
Start importing Assets/Flooded_Grounds/Content/Meshes/mNature/mRocks using Guid(2ff0ecb814f70f74c9c4840ed06c51a3) Importer(2089858483,b0f066a214c2f5e87bad3c948f4d605d) (ScriptedImporter) -> (artifact id: '40b10204dc45d7170f009ff45e2717b7') in 0.0086865 seconds
Number of updated asset objects reloaded before import = 0Number of asset objects unloaded after import = 1

========================================================================
Received Import Request.
  Time since last request: 0.000031 seconds.
  path: Assets/Flooded_Grounds/Readme.pdf
  artifactKey: Guid(a623147395f2b7645a1c77457f15736f) Importer(2089858483,b0f066a214c2f5e87bad3c948f4d605d)
Start importing Assets/Flooded_Grounds/Readme.pdf using Guid(a623147395f2b7645a1c77457f15736f) Importer(2089858483,b0f066a214c2f5e87bad3c948f4d605d) (ScriptedImporter) -> (artifact id: '31c9b34f832f2d937d03fa61eafd2ae8') in 0.0094444 seconds
Number of updated asset objects reloaded before import = 0Number of asset objects unloaded after import = 1

========================================================================
Received Import Request.
  Time since last request: 0.000016 seconds.
  path: Assets/Flooded_Grounds/PostProcessing/Editor/Utils/EditorGUIHelper.cs
  artifactKey: Guid(7226e17fa48c86148a3d15584e21b4cb) Importer(2089858483,b0f066a214c2f5e87bad3c948f4d605d)
Start importing Assets/Flooded_Grounds/PostProcessing/Editor/Utils/EditorGUIHelper.cs using Guid(7226e17fa48c86148a3d15584e21b4cb) Importer(2089858483,b0f066a214c2f5e87bad3c948f4d605d) (ScriptedImporter) -> (artifact id: '9968d9589f13457c701a4aaabd5cbc3f') in 0.0089373 seconds
Number of updated asset objects reloaded before import = 0Number of asset objects unloaded after import = 0

========================================================================
Received Import Request.
  Time since last request: 0.000016 seconds.
  path: Assets/Flooded_Grounds/Prefabs/Buildings/Structures1/Struct_Kiosk_A.prefab
  artifactKey: Guid(a483cf8080b9f084a9f64535f5b7c6ab) Importer(2089858483,b0f066a214c2f5e87bad3c948f4d605d)
Start importing Assets/Flooded_Grounds/Prefabs/Buildings/Structures1/Struct_Kiosk_A.prefab using Guid(a483cf8080b9f084a9f64535f5b7c6ab) Importer(2089858483,b0f066a214c2f5e87bad3c948f4d605d) (ScriptedImporter) -> (artifact id: 'ab12d709fef10a5b57b1cac3e93bc5fe') in 0.0103124 seconds
Number of updated asset objects reloaded before import = 0Number of asset objects unloaded after import = 23

========================================================================
Received Import Request.
  Time since last request: 0.000020 seconds.
  path: Assets/Flooded_Grounds/PostProcessing/Textures/Lens Dirt/LensDirt01.png
  artifactKey: Guid(3884f7a2d04ffe8409ad9200b275896f) Importer(2089858483,b0f066a214c2f5e87bad3c948f4d605d)
Start importing Assets/Flooded_Grounds/PostProcessing/Textures/Lens Dirt/LensDirt01.png using Guid(3884f7a2d04ffe8409ad9200b275896f) Importer(2089858483,b0f066a214c2f5e87bad3c948f4d605d) (ScriptedImporter) -> (artifact id: '317246d9afb03cc20f33435c9149f366') in 0.0206261 seconds
Number of updated asset objects reloaded before import = 0Number of asset objects unloaded after import = 1

========================================================================
Received Import Request.
  Time since last request: 0.000018 seconds.
  path: Assets/Flooded_Grounds/PostProcessing/Resources/Bluenoise64/LDR_LLL1_20.png
  artifactKey: Guid(6dda07f1420a968449cf4c6620c44d9f) Importer(2089858483,b0f066a214c2f5e87bad3c948f4d605d)
Start importing Assets/Flooded_Grounds/PostProcessing/Resources/Bluenoise64/LDR_LLL1_20.png using Guid(6dda07f1420a968449cf4c6620c44d9f) Importer(2089858483,b0f066a214c2f5e87bad3c948f4d605d) (ScriptedImporter) -> (artifact id: '7611a76921bc54ad1ac7d1597e14bcc9') in 0.0116226 seconds
Number of updated asset objects reloaded before import = 0Number of asset objects unloaded after import = 1

========================================================================
Received Import Request.
  Time since last request: 0.000028 seconds.
  path: Assets/Flooded_Grounds/Content/Textures/BLD_Structures2_A.tif
  artifactKey: Guid(8ce9e8e0e51197740b72b5431107c730) Importer(2089858483,b0f066a214c2f5e87bad3c948f4d605d)
Start importing Assets/Flooded_Grounds/Content/Textures/BLD_Structures2_A.tif using Guid(8ce9e8e0e51197740b72b5431107c730) Importer(2089858483,b0f066a214c2f5e87bad3c948f4d605d) (ScriptedImporter) -> (artifact id: 'b5c08ba69a7d29a377b9929677d29b7c') in 0.0216574 seconds
Number of updated asset objects reloaded before import = 0Number of asset objects unloaded after import = 1

========================================================================
Received Import Request.
  Time since last request: 0.000019 seconds.
  path: Assets/Flooded_Grounds/Prefabs/Buildings/Cabins/Cabin2_Door_A.prefab
  artifactKey: Guid(ea087b00cc97e5e44bdedeeccb899e05) Importer(2089858483,b0f066a214c2f5e87bad3c948f4d605d)
Start importing Assets/Flooded_Grounds/Prefabs/Buildings/Cabins/Cabin2_Door_A.prefab using Guid(ea087b00cc97e5e44bdedeeccb899e05) Importer(2089858483,b0f066a214c2f5e87bad3c948f4d605d) (ScriptedImporter) -> (artifact id: '4281747bd6ead83b8c975e37c896ccb8') in 0.0140543 seconds
Number of updated asset objects reloaded before import = 0Number of asset objects unloaded after import = 9

========================================================================
Received Import Request.
  Time since last request: 0.000016 seconds.
  path: Assets/Flooded_Grounds/Prefabs/Nature/Trees/TreeCreator_Bush_A_Textures
  artifactKey: Guid(a46d6c033f1eded4ea50ec5c97a500eb) Importer(2089858483,b0f066a214c2f5e87bad3c948f4d605d)
Start importing Assets/Flooded_Grounds/Prefabs/Nature/Trees/TreeCreator_Bush_A_Textures using Guid(a46d6c033f1eded4ea50ec5c97a500eb) Importer(2089858483,b0f066a214c2f5e87bad3c948f4d605d) (ScriptedImporter) -> (artifact id: 'a9892355ca05bffeb089855d58cab845') in 0.0077644 seconds
Number of updated asset objects reloaded before import = 0Number of asset objects unloaded after import = 1

========================================================================
Received Import Request.
  Time since last request: 0.000015 seconds.
  path: Assets/Flooded_Grounds/Content/Meshes/mProps/lo_Prop_Chair_A.fbx
  artifactKey: Guid(2c2b719936906794f83caf0dee03e40c) Importer(2089858483,b0f066a214c2f5e87bad3c948f4d605d)
Start importing Assets/Flooded_Grounds/Content/Meshes/mProps/lo_Prop_Chair_A.fbx using Guid(2c2b719936906794f83caf0dee03e40c) Importer(2089858483,b0f066a214c2f5e87bad3c948f4d605d) (ScriptedImporter) -> (artifact id: '523cf7e404d1e8e2d43bfe1ca15f2275') in 0.0146315 seconds
Number of updated asset objects reloaded before import = 0Number of asset objects unloaded after import = 15

========================================================================
Received Import Request.
  Time since last request: 0.000018 seconds.
  path: Assets/Flooded_Grounds/Prefabs/Props/Prop_Painting_D.prefab
  artifactKey: Guid(00941ab5dd3500748ac6e339132b3596) Importer(2089858483,b0f066a214c2f5e87bad3c948f4d605d)
Start importing Assets/Flooded_Grounds/Prefabs/Props/Prop_Painting_D.prefab using Guid(00941ab5dd3500748ac6e339132b3596) Importer(2089858483,b0f066a214c2f5e87bad3c948f4d605d) (ScriptedImporter) -> (artifact id: '85c8e218829576bb53c8036225ac671e') in 0.0168061 seconds
Number of updated asset objects reloaded before import = 0Number of asset objects unloaded after import = 8

========================================================================
Received Import Request.
  Time since last request: 0.000026 seconds.
  path: Assets/Flooded_Grounds/PostProcessing/Resources/Bluenoise64/LDR_LLL1_43.png
  artifactKey: Guid(71bc1b6b66e8b784b972199b7e90204e) Importer(2089858483,b0f066a214c2f5e87bad3c948f4d605d)
Start importing Assets/Flooded_Grounds/PostProcessing/Resources/Bluenoise64/LDR_LLL1_43.png using Guid(71bc1b6b66e8b784b972199b7e90204e) Importer(2089858483,b0f066a214c2f5e87bad3c948f4d605d) (ScriptedImporter) -> (artifact id: '0ae7ed61388c7577c7ef35e554a83b8c') in 0.0130885 seconds
Number of updated asset objects reloaded before import = 0Number of asset objects unloaded after import = 1

========================================================================
Received Import Request.
  Time since last request: 0.000015 seconds.
  path: Assets/Flooded_Grounds/Prefabs/Buildings/Churches/Church1_Mid_A.prefab
  artifactKey: Guid(5700c2dc6724c3a4fb462b0001e31742) Importer(2089858483,b0f066a214c2f5e87bad3c948f4d605d)
Start importing Assets/Flooded_Grounds/Prefabs/Buildings/Churches/Church1_Mid_A.prefab using Guid(5700c2dc6724c3a4fb462b0001e31742) Importer(2089858483,b0f066a214c2f5e87bad3c948f4d605d) (ScriptedImporter) -> (artifact id: '65f2328d1b78dc7989ab2821685ce05e') in 0.0149642 seconds
Number of updated asset objects reloaded before import = 0Number of asset objects unloaded after import = 9

========================================================================
Received Import Request.
  Time since last request: 0.000017 seconds.
  path: Assets/Flooded_Grounds/Prefabs/Buildings/Barns/Barn2_Door_A.prefab
  artifactKey: Guid(c3eadb1639d503b45a6e0e4d8fd2e39a) Importer(2089858483,b0f066a214c2f5e87bad3c948f4d605d)
Start importing Assets/Flooded_Grounds/Prefabs/Buildings/Barns/Barn2_Door_A.prefab using Guid(c3eadb1639d503b45a6e0e4d8fd2e39a) Importer(2089858483,b0f066a214c2f5e87bad3c948f4d605d) (ScriptedImporter) -> (artifact id: 'e1c542f6d59b3ced4a5bd1239057b7eb') in 0.0153704 seconds
Number of updated asset objects reloaded before import = 0Number of asset objects unloaded after import = 9

========================================================================
Received Import Request.
  Time since last request: 0.000017 seconds.
  path: Assets/Flooded_Grounds/Prefabs/Buildings/BrickHouse/BrickHouse_Base_Stairs_A.prefab
  artifactKey: Guid(5400facbffd6b5443b144ee5f7c15a1c) Importer(2089858483,b0f066a214c2f5e87bad3c948f4d605d)
Start importing Assets/Flooded_Grounds/Prefabs/Buildings/BrickHouse/BrickHouse_Base_Stairs_A.prefab using Guid(5400facbffd6b5443b144ee5f7c15a1c) Importer(2089858483,b0f066a214c2f5e87bad3c948f4d605d) (ScriptedImporter) -> (artifact id: '9ca6e843c4e8e03a2367f4a6f4f4bd5c') in 0.0152358 seconds
Number of updated asset objects reloaded before import = 0Number of asset objects unloaded after import = 9

========================================================================
Received Import Request.
  Time since last request: 0.000018 seconds.
  path: Assets/Flooded_Grounds/Content/Meshes/mBuildings/mVilla2/Villa2_Top_Mid_A.fbx
  artifactKey: Guid(314209462b1ef6e4da2d2894045d62dd) Importer(2089858483,b0f066a214c2f5e87bad3c948f4d605d)
Start importing Assets/Flooded_Grounds/Content/Meshes/mBuildings/mVilla2/Villa2_Top_Mid_A.fbx using Guid(314209462b1ef6e4da2d2894045d62dd) Importer(2089858483,b0f066a214c2f5e87bad3c948f4d605d) (ScriptedImporter) -> (artifact id: '61c539068108e46883c3b97150946583') in 0.0130201 seconds
Number of updated asset objects reloaded before import = 0Number of asset objects unloaded after import = 7

========================================================================
Received Import Request.
  Time since last request: 0.000026 seconds.
  path: Assets/Flooded_Grounds/PostProcessing/Runtime/Attributes/TrackballAttribute.cs
  artifactKey: Guid(65e30143f4e114f45b84a1d9cba8f469) Importer(2089858483,b0f066a214c2f5e87bad3c948f4d605d)
Start importing Assets/Flooded_Grounds/PostProcessing/Runtime/Attributes/TrackballAttribute.cs using Guid(65e30143f4e114f45b84a1d9cba8f469) Importer(2089858483,b0f066a214c2f5e87bad3c948f4d605d) (ScriptedImporter) -> (artifact id: '4f6ba953063545419dd6a90e17186add') in 0.009055 seconds
Number of updated asset objects reloaded before import = 0Number of asset objects unloaded after import = 0

========================================================================
Received Import Request.
  Time since last request: 0.000017 seconds.
  path: Assets/Flooded_Grounds/Content/Materials/ATM_DustParticle.mat
  artifactKey: Guid(43af489cd38ff014e8e9a7a8cea78a7e) Importer(2089858483,b0f066a214c2f5e87bad3c948f4d605d)
Start importing Assets/Flooded_Grounds/Content/Materials/ATM_DustParticle.mat using Guid(43af489cd38ff014e8e9a7a8cea78a7e) Importer(2089858483,b0f066a214c2f5e87bad3c948f4d605d) (ScriptedImporter) -> (artifact id: 'ce348a512d8dcbac23b5d0c822d5adcd') in 0.0159894 seconds
Number of updated asset objects reloaded before import = 0Number of asset objects unloaded after import = 2

========================================================================
Received Import Request.
  Time since last request: 0.000021 seconds.
  path: Assets/Flooded_Grounds/Content/Meshes/mBuildings/mStructures/Struct_Kiosk_A.fbx
  artifactKey: Guid(b6a5282b7fac0e849bbf1ee982362471) Importer(2089858483,b0f066a214c2f5e87bad3c948f4d605d)
Start importing Assets/Flooded_Grounds/Content/Meshes/mBuildings/mStructures/Struct_Kiosk_A.fbx using Guid(b6a5282b7fac0e849bbf1ee982362471) Importer(2089858483,b0f066a214c2f5e87bad3c948f4d605d) (ScriptedImporter) -> (artifact id: '726f5b04b81d96929ad85d3c2d8dfd8e') in 0.0177431 seconds
Number of updated asset objects reloaded before import = 0Number of asset objects unloaded after import = 20

========================================================================
Received Import Request.
  Time since last request: 0.000019 seconds.
  path: Assets/Flooded_Grounds/PostProcessing/Editor Resources/UI/CurveBackground.shader
  artifactKey: Guid(b1b2bfb2897659e45983f0c3e7dda2c8) Importer(2089858483,b0f066a214c2f5e87bad3c948f4d605d)
Start importing Assets/Flooded_Grounds/PostProcessing/Editor Resources/UI/CurveBackground.shader using Guid(b1b2bfb2897659e45983f0c3e7dda2c8) Importer(2089858483,b0f066a214c2f5e87bad3c948f4d605d) (ScriptedImporter) -> (artifact id: 'a8785dd5a1c453fc516f06d73d3595be') in 0.0085091 seconds
Number of updated asset objects reloaded before import = 0Number of asset objects unloaded after import = 1

========================================================================
Received Import Request.
  Time since last request: 0.000019 seconds.
  path: Assets/Flooded_Grounds/Content/Meshes/mNature/mGrass/Grass_Small_A.fbx
  artifactKey: Guid(07482563e336d994abdc831e53431ccb) Importer(2089858483,b0f066a214c2f5e87bad3c948f4d605d)
Start importing Assets/Flooded_Grounds/Content/Meshes/mNature/mGrass/Grass_Small_A.fbx using Guid(07482563e336d994abdc831e53431ccb) Importer(2089858483,b0f066a214c2f5e87bad3c948f4d605d) (ScriptedImporter) -> (artifact id: 'c773659127995fd6514b0e3acdb531e4') in 0.0142537 seconds
Number of updated asset objects reloaded before import = 0Number of asset objects unloaded after import = 7

========================================================================
Received Import Request.
  Time since last request: 0.000032 seconds.
  path: Assets/Flooded_Grounds/Prefabs/Buildings/Cabins/Cabin2_End1.prefab
  artifactKey: Guid(3fd2fe4dce6b88f4e9f2fc1dcd085960) Importer(2089858483,b0f066a214c2f5e87bad3c948f4d605d)
Start importing Assets/Flooded_Grounds/Prefabs/Buildings/Cabins/Cabin2_End1.prefab using Guid(3fd2fe4dce6b88f4e9f2fc1dcd085960) Importer(2089858483,b0f066a214c2f5e87bad3c948f4d605d) (ScriptedImporter) -> (artifact id: '516b4d9752a297fa18cce82b311f8d0f') in 0.015925 seconds
Number of updated asset objects reloaded before import = 0Number of asset objects unloaded after import = 9

========================================================================
Received Import Request.
  Time since last request: 0.000013 seconds.
  path: Assets/Flooded_Grounds/PostProcessing/Editor Resources/Monitors/HistogramRender.shader
  artifactKey: Guid(965efa32cf2345647a1c987546e08f86) Importer(2089858483,b0f066a214c2f5e87bad3c948f4d605d)
Start importing Assets/Flooded_Grounds/PostProcessing/Editor Resources/Monitors/HistogramRender.shader using Guid(965efa32cf2345647a1c987546e08f86) Importer(2089858483,b0f066a214c2f5e87bad3c948f4d605d) (ScriptedImporter) -> (artifact id: '4e36ac0c94817c8ae1951fcd8dc3cc8e') in 0.0099765 seconds
Number of updated asset objects reloaded before import = 0Number of asset objects unloaded after import = 1

========================================================================
Received Import Request.
  Time since last request: 0.000024 seconds.
  path: Assets/Flooded_Grounds/Content/Meshes/mBuildings/mStructures/Struct_Docking_A_DM.fbx
  artifactKey: Guid(4f0b80e5bfd63e848b21c43828f30799) Importer(2089858483,b0f066a214c2f5e87bad3c948f4d605d)
Start importing Assets/Flooded_Grounds/Content/Meshes/mBuildings/mStructures/Struct_Docking_A_DM.fbx using Guid(4f0b80e5bfd63e848b21c43828f30799) Importer(2089858483,b0f066a214c2f5e87bad3c948f4d605d) (ScriptedImporter) -> (artifact id: '40e625a7d3647d5da84481a169822ce5') in 0.016652 seconds
Number of updated asset objects reloaded before import = 0Number of asset objects unloaded after import = 20

========================================================================
Received Import Request.
  Time since last request: 0.000018 seconds.
  path: Assets/Flooded_Grounds/Content/Trees/SrcMaterials
  artifactKey: Guid(3cb6382af8e1f10418eb540e03456fa9) Importer(2089858483,b0f066a214c2f5e87bad3c948f4d605d)
Start importing Assets/Flooded_Grounds/Content/Trees/SrcMaterials using Guid(3cb6382af8e1f10418eb540e03456fa9) Importer(2089858483,b0f066a214c2f5e87bad3c948f4d605d) (ScriptedImporter) -> (artifact id: '4ccbdaf489fc2cadc46f5b40adcfd154') in 0.0088648 seconds
Number of updated asset objects reloaded before import = 0Number of asset objects unloaded after import = 1

========================================================================
Received Import Request.
  Time since last request: 0.000017 seconds.
  path: Assets/Flooded_Grounds/Prefabs/Props/Prop_Rug_C.prefab
  artifactKey: Guid(8280470fa5800964fa583bd96da6eff8) Importer(2089858483,b0f066a214c2f5e87bad3c948f4d605d)
Start importing Assets/Flooded_Grounds/Prefabs/Props/Prop_Rug_C.prefab using Guid(8280470fa5800964fa583bd96da6eff8) Importer(2089858483,b0f066a214c2f5e87bad3c948f4d605d) (ScriptedImporter) -> (artifact id: '759c878e267a539ac02d531f3dd1d24e') in 0.0123987 seconds
Number of updated asset objects reloaded before import = 0Number of asset objects unloaded after import = 8

========================================================================
Received Import Request.
  Time since last request: 0.000034 seconds.
  path: Assets/Flooded_Grounds/PostProcessing/Resources/Bluenoise64/LDR_LLL1_8.png
  artifactKey: Guid(c55042318a938344ab23cd7f09dd0076) Importer(2089858483,b0f066a214c2f5e87bad3c948f4d605d)
Start importing Assets/Flooded_Grounds/PostProcessing/Resources/Bluenoise64/LDR_LLL1_8.png using Guid(c55042318a938344ab23cd7f09dd0076) Importer(2089858483,b0f066a214c2f5e87bad3c948f4d605d) (ScriptedImporter) -> (artifact id: '8e340685631d704c08d3a7046d1eef76') in 0.0131058 seconds
Number of updated asset objects reloaded before import = 0Number of asset objects unloaded after import = 1

========================================================================
Received Import Request.
  Time since last request: 0.000014 seconds.
  path: Assets/Flooded_Grounds/Content/Textures/BLD_Bridge1_AO.tif
  artifactKey: Guid(371d5bd6e6ed4f4478110dfe1c66db56) Importer(2089858483,b0f066a214c2f5e87bad3c948f4d605d)
Start importing Assets/Flooded_Grounds/Content/Textures/BLD_Bridge1_AO.tif using Guid(371d5bd6e6ed4f4478110dfe1c66db56) Importer(2089858483,b0f066a214c2f5e87bad3c948f4d605d) (ScriptedImporter) -> (artifact id: '50f10e519c34fb4d5f08c0e7ee142a45') in 0.0135373 seconds
Number of updated asset objects reloaded before import = 0Number of asset objects unloaded after import = 1

========================================================================
Received Import Request.
  Time since last request: 0.000013 seconds.
  path: Assets/Flooded_Grounds/PostProcessing/Textures/LUTs
  artifactKey: Guid(499867e2df2e54e4aad0b9333221f875) Importer(2089858483,b0f066a214c2f5e87bad3c948f4d605d)
Start importing Assets/Flooded_Grounds/PostProcessing/Textures/LUTs using Guid(499867e2df2e54e4aad0b9333221f875) Importer(2089858483,b0f066a214c2f5e87bad3c948f4d605d) (ScriptedImporter) -> (artifact id: 'd8bf00570324604086478ddb18bed184') in 0.0099576 seconds
Number of updated asset objects reloaded before import = 0Number of asset objects unloaded after import = 1

========================================================================
Received Import Request.
  Time since last request: 0.000019 seconds.
  path: Assets/Flooded_Grounds/Prefabs/Props/Prop_Ship_A.prefab
  artifactKey: Guid(8a98dd32bb1a39c4eb50296503009ea2) Importer(2089858483,b0f066a214c2f5e87bad3c948f4d605d)
Start importing Assets/Flooded_Grounds/Prefabs/Props/Prop_Ship_A.prefab using Guid(8a98dd32bb1a39c4eb50296503009ea2) Importer(2089858483,b0f066a214c2f5e87bad3c948f4d605d) (ScriptedImporter) -> (artifact id: 'f1f35ca1d82da48df39be1911099e3fb') in 0.0177054 seconds
Number of updated asset objects reloaded before import = 0Number of asset objects unloaded after import = 25

========================================================================
Received Import Request.
  Time since last request: 0.000018 seconds.
  path: Assets/Flooded_Grounds/Prefabs/Buildings/Villa1/Villa1_Wall_Mid_D.prefab
  artifactKey: Guid(3db4b54e649f80f4287b6ea21e0d14f2) Importer(2089858483,b0f066a214c2f5e87bad3c948f4d605d)
Start importing Assets/Flooded_Grounds/Prefabs/Buildings/Villa1/Villa1_Wall_Mid_D.prefab using Guid(3db4b54e649f80f4287b6ea21e0d14f2) Importer(2089858483,b0f066a214c2f5e87bad3c948f4d605d) (ScriptedImporter) -> (artifact id: 'fa8d515c8a53a26ac18d93410bcdc588') in 0.0132954 seconds
Number of updated asset objects reloaded before import = 0Number of asset objects unloaded after import = 9

========================================================================
Received Import Request.
  Time since last request: 0.000024 seconds.
  path: Assets/Flooded_Grounds/Prefabs/Nature/Grass/Grass_Small_A.prefab
  artifactKey: Guid(eed7118be894efa4fa004434dec6a57c) Importer(2089858483,b0f066a214c2f5e87bad3c948f4d605d)
Start importing Assets/Flooded_Grounds/Prefabs/Nature/Grass/Grass_Small_A.prefab using Guid(eed7118be894efa4fa004434dec6a57c) Importer(2089858483,b0f066a214c2f5e87bad3c948f4d605d) (ScriptedImporter) -> (artifact id: 'b7146c1fe1ff341499b3ad367be8119e') in 0.0123959 seconds
Number of updated asset objects reloaded before import = 0Number of asset objects unloaded after import = 8

========================================================================
Received Import Request.
  Time since last request: 0.000019 seconds.
  path: Assets/Flooded_Grounds/PostProcessing/Editor/Models/BloomModelEditor.cs
  artifactKey: Guid(a95f3f10e7e437c49ade656f531b30d2) Importer(2089858483,b0f066a214c2f5e87bad3c948f4d605d)
Start importing Assets/Flooded_Grounds/PostProcessing/Editor/Models/BloomModelEditor.cs using Guid(a95f3f10e7e437c49ade656f531b30d2) Importer(2089858483,b0f066a214c2f5e87bad3c948f4d605d) (ScriptedImporter) -> (artifact id: 'acb95d1a46bb4f0d903600de9a7ba3f7') in 0.0087669 seconds
Number of updated asset objects reloaded before import = 0Number of asset objects unloaded after import = 0

========================================================================
Received Import Request.
  Time since last request: 0.000017 seconds.
  path: Assets/Flooded_Grounds/PostProcessing/Resources/Bluenoise64/LDR_LLL1_42.png
  artifactKey: Guid(b266511438fae724f9d3ce6bd26583e8) Importer(2089858483,b0f066a214c2f5e87bad3c948f4d605d)
Start importing Assets/Flooded_Grounds/PostProcessing/Resources/Bluenoise64/LDR_LLL1_42.png using Guid(b266511438fae724f9d3ce6bd26583e8) Importer(2089858483,b0f066a214c2f5e87bad3c948f4d605d) (ScriptedImporter) -> (artifact id: '592ce2b868195601b1e5a7a58bf4d72a') in 0.0133248 seconds
Number of updated asset objects reloaded before import = 0Number of asset objects unloaded after import = 1

========================================================================
Received Import Request.
  Time since last request: 0.000021 seconds.
  path: Assets/Flooded_Grounds/Content/Materials/BLD_IndBuilding1.mat
  artifactKey: Guid(94ec8f2f1cb846640aa49d49eba59de3) Importer(2089858483,b0f066a214c2f5e87bad3c948f4d605d)
Start importing Assets/Flooded_Grounds/Content/Materials/BLD_IndBuilding1.mat using Guid(94ec8f2f1cb846640aa49d49eba59de3) Importer(2089858483,b0f066a214c2f5e87bad3c948f4d605d) (ScriptedImporter) -> (artifact id: '1217b8dff5d87bdb757b062f90966345') in 0.0367632 seconds
Number of updated asset objects reloaded before import = 0Number of asset objects unloaded after import = 7

========================================================================
Received Import Request.
  Time since last request: 0.000018 seconds.
  path: Assets/Flooded_Grounds/Content/Meshes/mBuildings/mBarns/Barn2_End_B_COL.fbx
  artifactKey: Guid(7cc6a8f24c222f94bb9b161860d34f86) Importer(2089858483,b0f066a214c2f5e87bad3c948f4d605d)
Start importing Assets/Flooded_Grounds/Content/Meshes/mBuildings/mBarns/Barn2_End_B_COL.fbx using Guid(7cc6a8f24c222f94bb9b161860d34f86) Importer(2089858483,b0f066a214c2f5e87bad3c948f4d605d) (ScriptedImporter) -> (artifact id: 'e92017b7018d72c7b4ee40df3de5737a') in 0.01573 seconds
Number of updated asset objects reloaded before import = 0Number of asset objects unloaded after import = 7

========================================================================
Received Import Request.
  Time since last request: 0.000025 seconds.
  path: Assets/Flooded_Grounds/Content/Meshes/mBuildings/mIndBuilding2/Indbuilding2_Door_A.fbx
  artifactKey: Guid(43c3f14f7d9acf14388cccf98d4f85c7) Importer(2089858483,b0f066a214c2f5e87bad3c948f4d605d)
Start importing Assets/Flooded_Grounds/Content/Meshes/mBuildings/mIndBuilding2/Indbuilding2_Door_A.fbx using Guid(43c3f14f7d9acf14388cccf98d4f85c7) Importer(2089858483,b0f066a214c2f5e87bad3c948f4d605d) (ScriptedImporter) -> (artifact id: '681f33aab5e27161e3bc3c20f4d80310') in 0.0140393 seconds
Number of updated asset objects reloaded before import = 0Number of asset objects unloaded after import = 7

========================================================================
Received Import Request.
  Time since last request: 0.000020 seconds.
  path: Assets/Flooded_Grounds/Prefabs/Buildings/Churches/Church1_Deco_WindowGlass_A.prefab
  artifactKey: Guid(fa96530a2d3d74a4796598aa6fdfecb2) Importer(2089858483,b0f066a214c2f5e87bad3c948f4d605d)
Start importing Assets/Flooded_Grounds/Prefabs/Buildings/Churches/Church1_Deco_WindowGlass_A.prefab using Guid(fa96530a2d3d74a4796598aa6fdfecb2) Importer(2089858483,b0f066a214c2f5e87bad3c948f4d605d) (ScriptedImporter) -> (artifact id: '08cc388bdc2f638d287021f41d57ee62') in 0.0117362 seconds
Number of updated asset objects reloaded before import = 0Number of asset objects unloaded after import = 8

========================================================================
Received Import Request.
  Time since last request: 0.000015 seconds.
  path: Assets/Flooded_Grounds/Content/Meshes/mBuildings/mBrickHouse/BrickHouse_IntWall_A.fbx
  artifactKey: Guid(40581848ce71d194db3034b2ba2ecf5b) Importer(2089858483,b0f066a214c2f5e87bad3c948f4d605d)
Start importing Assets/Flooded_Grounds/Content/Meshes/mBuildings/mBrickHouse/BrickHouse_IntWall_A.fbx using Guid(40581848ce71d194db3034b2ba2ecf5b) Importer(2089858483,b0f066a214c2f5e87bad3c948f4d605d) (ScriptedImporter) -> (artifact id: '35e322bfe3db5e975dace0b4f22a924f') in 0.0151426 seconds
Number of updated asset objects reloaded before import = 0Number of asset objects unloaded after import = 7

========================================================================
Received Import Request.
  Time since last request: 0.000019 seconds.
  path: Assets/Flooded_Grounds/Prefabs/Buildings/Churches/Church1_Door_A.prefab
  artifactKey: Guid(0894e59934291c64d9041c5d75db1750) Importer(2089858483,b0f066a214c2f5e87bad3c948f4d605d)
Start importing Assets/Flooded_Grounds/Prefabs/Buildings/Churches/Church1_Door_A.prefab using Guid(0894e59934291c64d9041c5d75db1750) Importer(2089858483,b0f066a214c2f5e87bad3c948f4d605d) (ScriptedImporter) -> (artifact id: 'e3bfb4972c6ba390b8b47da70cab339a') in 0.0124255 seconds
Number of updated asset objects reloaded before import = 0Number of asset objects unloaded after import = 9

========================================================================
Received Import Request.
  Time since last request: 0.000022 seconds.
  path: Assets/Flooded_Grounds/Prefabs/Props/Prop_Gravestone_B.prefab
  artifactKey: Guid(f36479c73ce938a4a946477482ce20ab) Importer(2089858483,b0f066a214c2f5e87bad3c948f4d605d)
Start importing Assets/Flooded_Grounds/Prefabs/Props/Prop_Gravestone_B.prefab using Guid(f36479c73ce938a4a946477482ce20ab) Importer(2089858483,b0f066a214c2f5e87bad3c948f4d605d) (ScriptedImporter) -> (artifact id: '4992a21b3796dd09a84041b50a925a72') in 0.0114295 seconds
Number of updated asset objects reloaded before import = 0Number of asset objects unloaded after import = 9

========================================================================
Received Import Request.
  Time since last request: 0.000030 seconds.
  path: Assets/Flooded_Grounds/Prefabs/Buildings/Villa2/Villa2_Deco_Handrail1_Cor_B.prefab
  artifactKey: Guid(6c76f7e8b93342a4b93a121c3afd2823) Importer(2089858483,b0f066a214c2f5e87bad3c948f4d605d)
Start importing Assets/Flooded_Grounds/Prefabs/Buildings/Villa2/Villa2_Deco_Handrail1_Cor_B.prefab using Guid(6c76f7e8b93342a4b93a121c3afd2823) Importer(2089858483,b0f066a214c2f5e87bad3c948f4d605d) (ScriptedImporter) -> (artifact id: 'db7a3edb702a15f92c2cde6dadd912a6') in 0.0152304 seconds
Number of updated asset objects reloaded before import = 0Number of asset objects unloaded after import = 10

========================================================================
Received Import Request.
  Time since last request: 0.000025 seconds.
  path: Assets/Flooded_Grounds/Content/Meshes/mBuildings/mBarns
  artifactKey: Guid(612792527151545439e5831d11fbaac8) Importer(2089858483,b0f066a214c2f5e87bad3c948f4d605d)
Start importing Assets/Flooded_Grounds/Content/Meshes/mBuildings/mBarns using Guid(612792527151545439e5831d11fbaac8) Importer(2089858483,b0f066a214c2f5e87bad3c948f4d605d) (ScriptedImporter) -> (artifact id: 'a950444140f24f4096c5ed3481502d2a') in 0.0095649 seconds
Number of updated asset objects reloaded before import = 0Number of asset objects unloaded after import = 1

========================================================================
Received Import Request.
  Time since last request: 0.000014 seconds.
  path: Assets/Flooded_Grounds/Content/Materials/BLD_Rubble1.mat
  artifactKey: Guid(aa892dd8e16aef04697a0b7649944fd2) Importer(2089858483,b0f066a214c2f5e87bad3c948f4d605d)
Start importing Assets/Flooded_Grounds/Content/Materials/BLD_Rubble1.mat using Guid(aa892dd8e16aef04697a0b7649944fd2) Importer(2089858483,b0f066a214c2f5e87bad3c948f4d605d) (ScriptedImporter) -> (artifact id: '7ab6105ddba46c7bbdaf1853f977badd') in 0.0150392 seconds
Number of updated asset objects reloaded before import = 0Number of asset objects unloaded after import = 5

========================================================================
Received Import Request.
  Time since last request: 0.000016 seconds.
  path: Assets/Flooded_Grounds/Prefabs/Buildings/Villa2/Villa2_IntStairs_A.prefab
  artifactKey: Guid(e21009e7dc5e8544c82d5fe2b089da33) Importer(2089858483,b0f066a214c2f5e87bad3c948f4d605d)
Start importing Assets/Flooded_Grounds/Prefabs/Buildings/Villa2/Villa2_IntStairs_A.prefab using Guid(e21009e7dc5e8544c82d5fe2b089da33) Importer(2089858483,b0f066a214c2f5e87bad3c948f4d605d) (ScriptedImporter) -> (artifact id: '46386dace3cfede61bec712a346ba69e') in 0.0138013 seconds
Number of updated asset objects reloaded before import = 0Number of asset objects unloaded after import = 10

========================================================================
Received Import Request.
  Time since last request: 0.000042 seconds.
  path: Assets/Flooded_Grounds/PostProcessing/Resources/Bluenoise64/LDR_LLL1_48.png
  artifactKey: Guid(aff59c63d25d43f4c938f248837c30fb) Importer(2089858483,b0f066a214c2f5e87bad3c948f4d605d)
Start importing Assets/Flooded_Grounds/PostProcessing/Resources/Bluenoise64/LDR_LLL1_48.png using Guid(aff59c63d25d43f4c938f248837c30fb) Importer(2089858483,b0f066a214c2f5e87bad3c948f4d605d) (ScriptedImporter) -> (artifact id: '7ffee35f84fe95c037f6e35d5632c787') in 0.0149912 seconds
Number of updated asset objects reloaded before import = 0Number of asset objects unloaded after import = 1

========================================================================
Received Import Request.
  Time since last request: 0.000038 seconds.
  path: Assets/Flooded_Grounds/Content/Textures/BLD_BrickHouse1_MS.tif
  artifactKey: Guid(955950c9b775425459c371bd2f8d93b4) Importer(2089858483,b0f066a214c2f5e87bad3c948f4d605d)
Start importing Assets/Flooded_Grounds/Content/Textures/BLD_BrickHouse1_MS.tif using Guid(955950c9b775425459c371bd2f8d93b4) Importer(2089858483,b0f066a214c2f5e87bad3c948f4d605d) (ScriptedImporter) -> (artifact id: '07c5d6dc1c6b1c217634ccd0eef2c526') in 0.0152133 seconds
Number of updated asset objects reloaded before import = 0Number of asset objects unloaded after import = 1

========================================================================
Received Import Request.
  Time since last request: 0.000019 seconds.
  path: Assets/Flooded_Grounds/Prefabs/Props/Prop_ParkBench_A.prefab
  artifactKey: Guid(a43ff2cb77998f24c911c94091c664ba) Importer(2089858483,b0f066a214c2f5e87bad3c948f4d605d)
Start importing Assets/Flooded_Grounds/Prefabs/Props/Prop_ParkBench_A.prefab using Guid(a43ff2cb77998f24c911c94091c664ba) Importer(2089858483,b0f066a214c2f5e87bad3c948f4d605d) (ScriptedImporter) -> (artifact id: '883a0381e8360252ae8e455da5778eca') in 0.0099016 seconds
Number of updated asset objects reloaded before import = 0Number of asset objects unloaded after import = 23

========================================================================
Received Import Request.
  Time since last request: 0.000017 seconds.
  path: Assets/Flooded_Grounds/Prefabs/Buildings/LightHouse/LightHouse_A.prefab
  artifactKey: Guid(3039651ccbe95a249a8d0d642e65d727) Importer(2089858483,b0f066a214c2f5e87bad3c948f4d605d)
Start importing Assets/Flooded_Grounds/Prefabs/Buildings/LightHouse/LightHouse_A.prefab using Guid(3039651ccbe95a249a8d0d642e65d727) Importer(2089858483,b0f066a214c2f5e87bad3c948f4d605d) (ScriptedImporter) -> (artifact id: '97f09ddeac1e1427da7f3fbbea9c01cb') in 0.0117363 seconds
Number of updated asset objects reloaded before import = 0Number of asset objects unloaded after import = 23

========================================================================
Received Import Request.
  Time since last request: 0.000018 seconds.
  path: Assets/Flooded_Grounds/PostProcessing/Editor/PropertyDrawers/TrackballGroupDrawer.cs
  artifactKey: Guid(a668d493c5ed56d448b53c19b2c3dfd2) Importer(2089858483,b0f066a214c2f5e87bad3c948f4d605d)
Start importing Assets/Flooded_Grounds/PostProcessing/Editor/PropertyDrawers/TrackballGroupDrawer.cs using Guid(a668d493c5ed56d448b53c19b2c3dfd2) Importer(2089858483,b0f066a214c2f5e87bad3c948f4d605d) (ScriptedImporter) -> (artifact id: '2e118c48551a85a7ae7bf368750fb37c') in 0.0090537 seconds
Number of updated asset objects reloaded before import = 0Number of asset objects unloaded after import = 0

========================================================================
Received Import Request.
  Time since last request: 0.000014 seconds.
  path: Assets/Flooded_Grounds/Prefabs/Buildings/BrickHouse/BrickHouse_IntWall_C.prefab
  artifactKey: Guid(9e6595faa92cb044993f2ce0fedd7047) Importer(2089858483,b0f066a214c2f5e87bad3c948f4d605d)
Start importing Assets/Flooded_Grounds/Prefabs/Buildings/BrickHouse/BrickHouse_IntWall_C.prefab using Guid(9e6595faa92cb044993f2ce0fedd7047) Importer(2089858483,b0f066a214c2f5e87bad3c948f4d605d) (ScriptedImporter) -> (artifact id: '73e2185af95af03334cd687ee42d4b6f') in 0.0123298 seconds
Number of updated asset objects reloaded before import = 0Number of asset objects unloaded after import = 9

========================================================================
Received Import Request.
  Time since last request: 0.000026 seconds.
  path: Assets/Flooded_Grounds/Prefabs/Buildings/IndBuilding1/IndBuilding1_IntStairs_A.prefab
  artifactKey: Guid(8a201771cc9ff174098d36a9f9bca350) Importer(2089858483,b0f066a214c2f5e87bad3c948f4d605d)
Start importing Assets/Flooded_Grounds/Prefabs/Buildings/IndBuilding1/IndBuilding1_IntStairs_A.prefab using Guid(8a201771cc9ff174098d36a9f9bca350) Importer(2089858483,b0f066a214c2f5e87bad3c948f4d605d) (ScriptedImporter) -> (artifact id: '555f83c59aaa7debae6e119a27f88839') in 0.0137999 seconds
Number of updated asset objects reloaded before import = 0Number of asset objects unloaded after import = 10

========================================================================
Received Import Request.
  Time since last request: 0.000017 seconds.
  path: Assets/Flooded_Grounds/Content/Meshes/mBuildings/mVilla2/Villa2_Deco_RoofPiece_D.fbx
  artifactKey: Guid(f192cad3e364e1648bd09b399d502f1b) Importer(2089858483,b0f066a214c2f5e87bad3c948f4d605d)
Start importing Assets/Flooded_Grounds/Content/Meshes/mBuildings/mVilla2/Villa2_Deco_RoofPiece_D.fbx using Guid(f192cad3e364e1648bd09b399d502f1b) Importer(2089858483,b0f066a214c2f5e87bad3c948f4d605d) (ScriptedImporter) -> (artifact id: 'c08b9a49e2e81f76f11b129377058903') in 0.0135832 seconds
Number of updated asset objects reloaded before import = 0Number of asset objects unloaded after import = 7

========================================================================
Received Import Request.
  Time since last request: 0.000018 seconds.
  path: Assets/Flooded_Grounds/Prefabs/Nature/Bushes
  artifactKey: Guid(0a554b7cce117fd4686f536e90041b52) Importer(2089858483,b0f066a214c2f5e87bad3c948f4d605d)
Start importing Assets/Flooded_Grounds/Prefabs/Nature/Bushes using Guid(0a554b7cce117fd4686f536e90041b52) Importer(2089858483,b0f066a214c2f5e87bad3c948f4d605d) (ScriptedImporter) -> (artifact id: 'a9e9014033f522f1927dbb4a12787f5e') in 0.0086994 seconds
Number of updated asset objects reloaded before import = 0Number of asset objects unloaded after import = 1

========================================================================
Received Import Request.
  Time since last request: 0.000015 seconds.
  path: Assets/Flooded_Grounds/PostProcessing/Resources/Shaders/MotionBlur.cginc
  artifactKey: Guid(c83956915580e42489479d2a109470ab) Importer(2089858483,b0f066a214c2f5e87bad3c948f4d605d)
Start importing Assets/Flooded_Grounds/PostProcessing/Resources/Shaders/MotionBlur.cginc using Guid(c83956915580e42489479d2a109470ab) Importer(2089858483,b0f066a214c2f5e87bad3c948f4d605d) (ScriptedImporter) -> (artifact id: '29ba075081e1a5f1d1e1ebb5f71aca95') in 0.008816 seconds
Number of updated asset objects reloaded before import = 0Number of asset objects unloaded after import = 1

========================================================================
Received Import Request.
  Time since last request: 0.000015 seconds.
  path: Assets/Flooded_Grounds/Content/Meshes/mProps/Prop_Painting_C.fbx
  artifactKey: Guid(23285db713af79049a0cd47f1a8c78cc) Importer(2089858483,b0f066a214c2f5e87bad3c948f4d605d)
Start importing Assets/Flooded_Grounds/Content/Meshes/mProps/Prop_Painting_C.fbx using Guid(23285db713af79049a0cd47f1a8c78cc) Importer(2089858483,b0f066a214c2f5e87bad3c948f4d605d) (ScriptedImporter) -> (artifact id: 'ae4c24a4e4c880491c9f467dcbe2b21d') in 0.0147453 seconds
Number of updated asset objects reloaded before import = 0Number of asset objects unloaded after import = 7

========================================================================
Received Import Request.
  Time since last request: 0.000020 seconds.
  path: Assets/Flooded_Grounds/Content/Meshes/mBuildings/mVilla2/Villa2_Deco_Column_Top_B.fbx
  artifactKey: Guid(aeb5a60918fa7f044a31aec548feabe7) Importer(2089858483,b0f066a214c2f5e87bad3c948f4d605d)
Start importing Assets/Flooded_Grounds/Content/Meshes/mBuildings/mVilla2/Villa2_Deco_Column_Top_B.fbx using Guid(aeb5a60918fa7f044a31aec548feabe7) Importer(2089858483,b0f066a214c2f5e87bad3c948f4d605d) (ScriptedImporter) -> (artifact id: '8734b115516dc7218cab38d6a4ef2881') in 0.0144952 seconds
Number of updated asset objects reloaded before import = 0Number of asset objects unloaded after import = 7

========================================================================
Received Import Request.
  Time since last request: 0.000027 seconds.
  path: Assets/Flooded_Grounds/Prefabs/Atmospherics
  artifactKey: Guid(f9f6b64263d3ed24fae42a3b9ca1b80c) Importer(2089858483,b0f066a214c2f5e87bad3c948f4d605d)
Start importing Assets/Flooded_Grounds/Prefabs/Atmospherics using Guid(f9f6b64263d3ed24fae42a3b9ca1b80c) Importer(2089858483,b0f066a214c2f5e87bad3c948f4d605d) (ScriptedImporter) -> (artifact id: 'fa4b232406ec54acedaaf31fc16f4736') in 0.0087797 seconds
Number of updated asset objects reloaded before import = 0Number of asset objects unloaded after import = 1

========================================================================
Received Import Request.
  Time since last request: 0.000017 seconds.
  path: Assets/Flooded_Grounds/Scenes/Scene_A.unity
  artifactKey: Guid(c0d944ca9defd20449bc336e50d75a08) Importer(2089858483,b0f066a214c2f5e87bad3c948f4d605d)
Start importing Assets/Flooded_Grounds/Scenes/Scene_A.unity using Guid(c0d944ca9defd20449bc336e50d75a08) Importer(2089858483,b0f066a214c2f5e87bad3c948f4d605d) (ScriptedImporter) -> (artifact id: 'bab8517b71b1cc9ae27a420451eeabd7') in 0.0254196 seconds
Number of updated asset objects reloaded before import = 0Number of asset objects unloaded after import = 1

========================================================================
Received Import Request.
  Time since last request: 0.000019 seconds.
  path: Assets/Flooded_Grounds/Prefabs/Buildings/Structures1/Struct_Billboard_B.prefab
  artifactKey: Guid(7610c55f0edab724fb21b5ca2833d7e3) Importer(2089858483,b0f066a214c2f5e87bad3c948f4d605d)
Start importing Assets/Flooded_Grounds/Prefabs/Buildings/Structures1/Struct_Billboard_B.prefab using Guid(7610c55f0edab724fb21b5ca2833d7e3) Importer(2089858483,b0f066a214c2f5e87bad3c948f4d605d) (ScriptedImporter) -> (artifact id: '2ca2a7b6240b8fa129aeae25e7bafe30') in 0.0118498 seconds
Number of updated asset objects reloaded before import = 0Number of asset objects unloaded after import = 23

========================================================================
Received Import Request.
  Time since last request: 0.000013 seconds.
  path: Assets/Flooded_Grounds/Prefabs/Buildings/Structures1/Struct_WoodPath_A.prefab
  artifactKey: Guid(3852c07710f30b64c9aea4fdd03eb915) Importer(2089858483,b0f066a214c2f5e87bad3c948f4d605d)
Start importing Assets/Flooded_Grounds/Prefabs/Buildings/Structures1/Struct_WoodPath_A.prefab using Guid(3852c07710f30b64c9aea4fdd03eb915) Importer(2089858483,b0f066a214c2f5e87bad3c948f4d605d) (ScriptedImporter) -> (artifact id: '5d1f5add844a13ff7bed71d2dd553663') in 0.0096293 seconds
Number of updated asset objects reloaded before import = 0Number of asset objects unloaded after import = 20

========================================================================
Received Import Request.
  Time since last request: 0.000013 seconds.
  path: Assets/Flooded_Grounds/Prefabs/Nature/Rocks/CobbleRock_A.prefab
  artifactKey: Guid(d8d9fb21f04d0b34799e4d63ffe82c9f) Importer(2089858483,b0f066a214c2f5e87bad3c948f4d605d)
Start importing Assets/Flooded_Grounds/Prefabs/Nature/Rocks/CobbleRock_A.prefab using Guid(d8d9fb21f04d0b34799e4d63ffe82c9f) Importer(2089858483,b0f066a214c2f5e87bad3c948f4d605d) (ScriptedImporter) -> (artifact id: '1255638275fbb352978ffe8d31acc92f') in 0.0100578 seconds
Number of updated asset objects reloaded before import = 0Number of asset objects unloaded after import = 20

========================================================================
Received Import Request.
  Time since last request: 0.000016 seconds.
  path: Assets/Flooded_Grounds/PostProcessing/Resources/Shaders/ScreenSpaceRaytrace.cginc
  artifactKey: Guid(a92d6fdbe2c35f94190497c18b88f9af) Importer(2089858483,b0f066a214c2f5e87bad3c948f4d605d)
Start importing Assets/Flooded_Grounds/PostProcessing/Resources/Shaders/ScreenSpaceRaytrace.cginc using Guid(a92d6fdbe2c35f94190497c18b88f9af) Importer(2089858483,b0f066a214c2f5e87bad3c948f4d605d) (ScriptedImporter) -> (artifact id: '7d3d3ba9c435d2e2687a7b51d0ef071d') in 0.0083831 seconds
Number of updated asset objects reloaded before import = 0Number of asset objects unloaded after import = 1

========================================================================
Received Import Request.
  Time since last request: 0.000027 seconds.
  path: Assets/Flooded_Grounds/Content/Meshes/mProps/lo_Prop_Cabinet_A.fbx
  artifactKey: Guid(4baf00126cb2d1a4aa4ec1fdcdaf43bd) Importer(2089858483,b0f066a214c2f5e87bad3c948f4d605d)
Start importing Assets/Flooded_Grounds/Content/Meshes/mProps/lo_Prop_Cabinet_A.fbx using Guid(4baf00126cb2d1a4aa4ec1fdcdaf43bd) Importer(2089858483,b0f066a214c2f5e87bad3c948f4d605d) (ScriptedImporter) -> (artifact id: 'bb8839123bf5752fde27b4fcacbd3f9a') in 0.0141696 seconds
Number of updated asset objects reloaded before import = 0Number of asset objects unloaded after import = 15

========================================================================
Received Import Request.
  Time since last request: 0.000016 seconds.
  path: Assets/Flooded_Grounds/Content/Meshes/mBuildings/mStructures/Struct_Fence1_Column_A_DM.fbx
  artifactKey: Guid(47fe2ca370ffa17488cf7c19d3031ccc) Importer(2089858483,b0f066a214c2f5e87bad3c948f4d605d)
Start importing Assets/Flooded_Grounds/Content/Meshes/mBuildings/mStructures/Struct_Fence1_Column_A_DM.fbx using Guid(47fe2ca370ffa17488cf7c19d3031ccc) Importer(2089858483,b0f066a214c2f5e87bad3c948f4d605d) (ScriptedImporter) -> (artifact id: '4c3e575f9b0c1f7fa6f539248f70e794') in 0.0139361 seconds
Number of updated asset objects reloaded before import = 0Number of asset objects unloaded after import = 7

========================================================================
Received Import Request.
  Time since last request: 0.000019 seconds.
  path: Assets/Flooded_Grounds/Content/Meshes/mBuildings/mStructures/Struct_ExtStairs_B.fbx
  artifactKey: Guid(764b6b7a024ad3b40b3a881d7894f522) Importer(2089858483,b0f066a214c2f5e87bad3c948f4d605d)
Start importing Assets/Flooded_Grounds/Content/Meshes/mBuildings/mStructures/Struct_ExtStairs_B.fbx using Guid(764b6b7a024ad3b40b3a881d7894f522) Importer(2089858483,b0f066a214c2f5e87bad3c948f4d605d) (ScriptedImporter) -> (artifact id: 'e9f283ba0801e4b62ebe71e5c362697d') in 0.0139055 seconds
Number of updated asset objects reloaded before import = 0Number of asset objects unloaded after import = 20

========================================================================
Received Import Request.
  Time since last request: 0.000020 seconds.
  path: Assets/Flooded_Grounds/Prefabs/Buildings/Villa2/Villa2_Base_Mid_A.prefab
  artifactKey: Guid(7b1355ed0671b9f479e96712b7171f9c) Importer(2089858483,b0f066a214c2f5e87bad3c948f4d605d)
Start importing Assets/Flooded_Grounds/Prefabs/Buildings/Villa2/Villa2_Base_Mid_A.prefab using Guid(7b1355ed0671b9f479e96712b7171f9c) Importer(2089858483,b0f066a214c2f5e87bad3c948f4d605d) (ScriptedImporter) -> (artifact id: '4248d32fb798560833a5a5df774150a8') in 0.0140104 seconds
Number of updated asset objects reloaded before import = 0Number of asset objects unloaded after import = 9

========================================================================
Received Import Request.
  Time since last request: 0.000018 seconds.
  path: Assets/Flooded_Grounds/Content/Materials/BLD_Villa2.mat
  artifactKey: Guid(7c038e6fd547b3841a5a66ff479547e1) Importer(2089858483,b0f066a214c2f5e87bad3c948f4d605d)
Start importing Assets/Flooded_Grounds/Content/Materials/BLD_Villa2.mat using Guid(7c038e6fd547b3841a5a66ff479547e1) Importer(2089858483,b0f066a214c2f5e87bad3c948f4d605d) (ScriptedImporter) -> (artifact id: 'd96961432a1459606c5abfb2ff66a7dc') in 0.0285806 seconds
Number of updated asset objects reloaded before import = 0Number of asset objects unloaded after import = 7

Editor requested this worker to shutdown with reason: Scaling down because of idle timeout
AssetImportWorker is now disconnected from the server
Process exiting
Exiting without the bug reporter. Application will terminate with return code 0