[Licensing::Module] Trying to connect to existing licensing client channel...
Built from '6000.3/staging' branch; Version is '6000.3.4f1 (fdd3b8998ec4) revision 16634808'; Using compiler version '194234433'; Build Type 'Release'
[Licensing::IpcConnector] Successfully connected to: "LicenseClient-ajffj" at "2026-04-20T05:54:52.6591021Z"
OS: 'Windows 11  (10.0.26200) Professional' Language: 'ko' Physical Memory: 64659 MB
BatchMode: 1, IsHumanControllingUs: 0, StartBugReporterOnCrash: 0, Is64bit: 1
System  architecture: x64
Process architecture: x64
Date: 2026-04-20T05:54:52Z
[Licensing::Client] Code 10 while verifying Licensing Client signature (process Id: 20808, path: "E:/Unity/Unity Hub/UnityLicensingClient_V1/Unity.Licensing.Client.exe")
[Licensing::Module] LicensingClient has failed validation; ignoring
[Licensing::Client] Error: HandshakeResponse reported an error:
	ResponseCode: 505
	ResponseStatus: Unsupported protocol version '1.17.4'.
[Licensing::Module] Error: Failed to handshake to channel: "LicenseClient-ajffj"
[Licensing::IpcConnector] LicenseClient-ajffj channel disconnected successfully.
[Licensing::IpcConnector] Successfully connected to: "LicenseClient-ajffj-6000.3.4" at "2026-04-20T05:54:52.7018167Z"

COMMAND LINE ARGUMENTS:
C:\Program Files\Unity\Hub\Editor\6000.3.4f1\Editor\Unity.exe
-adb2
-batchMode
-noUpm
-name
AssetImportWorker0
-projectPath
E:/Unity/TPS_Project/TpsProject
-logFile
Logs/AssetImportWorker0.log
-srvPort
6187
-licensingIpc
LicenseClient-ajffj
-job-worker-count
11
-background-job-worker-count
8
-gc-helper-count
1
-name
AssetImport
Successfully changed project path to: E:/Unity/TPS_Project/TpsProject
E:/Unity/TPS_Project/TpsProject
[UnityMemory] Configuration Parameters - Can be set up in boot.config
    "memorysetup-temp-allocator-size-nav-mesh-worker=65536"
    "memorysetup-temp-allocator-size-audio-worker=65536"
    "memorysetup-temp-allocator-size-gfx=262144"
    "memorysetup-allocator-temp-initial-block-size-main=262144"
    "memorysetup-allocator-temp-initial-block-size-worker=262144"
    "memorysetup-temp-allocator-size-background-worker=32768"
    "memorysetup-temp-allocator-size-job-worker=262144"
    "memorysetup-temp-allocator-size-preload-manager=33554432"
    "memorysetup-temp-allocator-size-gi-baking-worker=262144"
    "memorysetup-temp-allocator-size-gi-baking-worker=262144"
    "memorysetup-temp-allocator-size-gi-baking-worker=262144"
    "memorysetup-temp-allocator-size-gi-baking-worker=262144"
    "memorysetup-temp-allocator-size-gi-baking-worker=262144"
    "memorysetup-bucket-allocator-granularity=16"
    "memorysetup-bucket-allocator-bucket-count=8"
    "memorysetup-bucket-allocator-block-size=33554432"
    "memorysetup-bucket-allocator-block-count=8"
    "memorysetup-main-allocator-block-size=16777216"
    "memorysetup-thread-allocator-block-size=16777216"
    "memorysetup-gfx-main-allocator-block-size=16777216"
    "memorysetup-gfx-thread-allocator-block-size=16777216"
    "memorysetup-cache-allocator-block-size=4194304"
    "memorysetup-typetree-allocator-block-size=2097152"
    "memorysetup-profiler-bucket-allocator-granularity=16"
    "memorysetup-profiler-bucket-allocator-bucket-count=8"
    "memorysetup-profiler-bucket-allocator-block-size=33554432"
    "memorysetup-profiler-bucket-allocator-block-count=8"
    "memorysetup-profiler-allocator-block-size=16777216"
    "memorysetup-profiler-editor-allocator-block-size=1048576"
    "memorysetup-temp-allocator-size-main=16777216"
    "memorysetup-job-temp-allocator-block-size=2097152"
    "memorysetup-job-temp-allocator-block-size-background=1048576"
    "memorysetup-job-temp-allocator-reduction-small-platforms=262144"
    "memorysetup-temp-allocator-size-cloud-worker=32768"
Player connection [9120]  Target information:

Player connection [9120]  * "[IP] 192.168.0.3 [Port] 0 [Flags] 2 [Guid] 931941807 [EditorId] 931941807 [Version] 1048832 [Id] WindowsEditor(7,DESKTOP-3QPCFMO) [Debug] 1 [PackageName] WindowsEditor [ProjectName] Editor" 

Player connection [9120] Host joined multi-casting on [225.0.0.222:54997]...
Player connection [9120] Host joined alternative multi-casting on [225.0.0.222:34997]...
JobSystem: Creating JobQueue using job-worker-count value 11
Input System module state changed to: Initialized.
[Physics::Module] Initialized fallback backend.
[Physics::Module] Id: 0xdecafbad
Library Redirect Path: Library/
[Physics::Module] Selected backend.
[Physics::Module] Name: PhysX
[Physics::Module] Id: 0xf2b8ea05
[Physics::Module] SDK Version: 4.1.2
[Physics::Module] Integration Version: 1.0.0
[Physics::Module] Threading Mode: Multi-Threaded
Refreshing native plugins compatible for Editor in 2.53 ms, found 3 plugins.
Preloading 0 native plugins for Editor in 0.00 ms.
Initialize engine version: 6000.3.4f1 (fdd3b8998ec4)
[Subsystems] Discovering subsystems at path C:/Program Files/Unity/Hub/Editor/6000.3.4f1/Editor/Data/Resources/UnitySubsystems
[Subsystems] Discovering subsystems at path E:/Unity/TPS_Project/TpsProject/Assets
GfxDevice: creating device client; kGfxThreadingModeNonThreaded
Direct3D:
    Version:  Direct3D 11.0 [level 11.1]
    Renderer: NVIDIA GeForce RTX 3070 (ID=0x2484)
    Vendor:   NVIDIA
    VRAM:     8018 MB
    Driver:   32.0.15.9186
Initialize mono
Mono path[0] = 'C:/Program Files/Unity/Hub/Editor/6000.3.4f1/Editor/Data/Managed'
Mono path[1] = 'C:/Program Files/Unity/Hub/Editor/6000.3.4f1/Editor/Data/MonoBleedingEdge/lib/mono/unityjit-win32'
Mono config path = 'C:/Program Files/Unity/Hub/Editor/6000.3.4f1/Editor/Data/MonoBleedingEdge/etc'
Using monoOptions --debugger-agent=transport=dt_socket,embedding=1,server=y,suspend=n,address=127.0.0.1:56156
Begin MonoManager ReloadAssembly
Registering precompiled unity dll's ...
Register platform support module: C:/Program Files/Unity/Hub/Editor/6000.3.4f1/Editor/Data/PlaybackEngines/WindowsStandaloneSupport/UnityEditor.WindowsStandalone.Extensions.dll
Registered in 0.003213 seconds.
- Loaded All Assemblies, in  0.337 seconds
Native extension for WindowsStandalone target not found
[Licensing::Client] Handshaking with LicensingClient:
  Version:                 1.17.4+4293ba1
  Session Id:              52773a30f22944fb910a5bb925f8c729
  Correlation Id:          37df60d828c7be8c3c8e2435d570d8df
  External correlation Id: 3320803848835206467
  Machine Id:              quNDNEHvSPhWQgiArlte8FV3K/U=
[Licensing::Module] Successfully connected to LicensingClient on channel: "LicenseClient-ajffj-6000.3.4" (connect: 0.00s, validation: 0.00s, handshake: 0.93s)
[Licensing::IpcConnector] Successfully connected to: "LicenseClient-ajffj-6000.3.4-notifications" at "2026-04-20T05:54:53.6411169Z"
[Licensing::Module] Licensing Background thread has ended after 0.98s
ScheduleIndexationOnStartup MainProcess:False IndexOnStartup:True
Mono: successfully reloaded assembly
- Finished resetting the current domain, in  0.285 seconds
Domain Reload Profiling: 616ms
	BeginReloadAssembly (120ms)
		ExecutionOrderSort (0ms)
		DisableScriptedObjects (0ms)
		BackupInstance (0ms)
		ReleaseScriptingObjects (0ms)
		CreateAndSetChildDomain (1ms)
	RebuildCommonClasses (29ms)
	RebuildNativeTypeToScriptingClass (10ms)
	initialDomainReloadingComplete (43ms)
	LoadAllAssembliesAndSetupDomain (129ms)
		LoadAssemblies (115ms)
		RebuildTransferFunctionScriptingTraits (0ms)
		AnalyzeDomain (126ms)
			TypeCache.Refresh (125ms)
				TypeCache.ScanAssembly (115ms)
			BuildScriptInfoCaches (0ms)
			ResolveRequiredComponents (0ms)
	FinalizeReload (285ms)
		ReleaseScriptCaches (0ms)
		RebuildScriptCaches (0ms)
		SetupLoadedEditorAssemblies (261ms)
			LogAssemblyErrors (0ms)
			InitializePlatformSupportModulesInManaged (34ms)
			SetLoadedEditorAssemblies (3ms)
			BeforeProcessingInitializeOnLoad (65ms)
			ProcessInitializeOnLoadAttributes (109ms)
			ProcessInitializeOnLoadMethodAttributes (50ms)
			AfterProcessingInitializeOnLoad (0ms)
			EditorAssembliesLoaded (0ms)
		ExecutionOrderSort2 (0ms)
		AwakeInstancesAfterBackupRestoration (0ms)
========================================================================
Worker process is ready to serve import requests
Import Worker Mode flag is 0x00
Begin MonoManager ReloadAssembly
[Licensing::Client] Successfully resolved entitlement details
[Licensing::Module] License group:
  Id: 14568646326981-UnityPersXXXX
  Product: Unity Personal
  Type: Assigned
  Expiration: Unlimited
- Loaded All Assemblies, in  0.578 seconds
Refreshing native plugins compatible for Editor in 0.60 ms, found 3 plugins.
Native extension for WindowsStandalone target not found
Package Manager log level set to [2]
[Package Manager] Failed to launch server process. Reason: Unity was launched with the -noUpm command-line argument
[Package Manager] Unable to send message (not connected to server process).
[Package Manager] Cannot connect to Unity Package Manager local server
ScheduleIndexationOnStartup MainProcess:False IndexOnStartup:True
Mono: successfully reloaded assembly
- Finished resetting the current domain, in  0.526 seconds
Domain Reload Profiling: 1099ms
	BeginReloadAssembly (147ms)
		ExecutionOrderSort (0ms)
		DisableScriptedObjects (4ms)
		BackupInstance (0ms)
		ReleaseScriptingObjects (0ms)
		CreateAndSetChildDomain (29ms)
	RebuildCommonClasses (33ms)
	RebuildNativeTypeToScriptingClass (10ms)
	initialDomainReloadingComplete (36ms)
	LoadAllAssembliesAndSetupDomain (346ms)
		LoadAssemblies (270ms)
		RebuildTransferFunctionScriptingTraits (0ms)
		AnalyzeDomain (158ms)
			TypeCache.Refresh (120ms)
				TypeCache.ScanAssembly (109ms)
			BuildScriptInfoCaches (30ms)
			ResolveRequiredComponents (6ms)
	FinalizeReload (526ms)
		ReleaseScriptCaches (0ms)
		RebuildScriptCaches (0ms)
		SetupLoadedEditorAssemblies (394ms)
			LogAssemblyErrors (0ms)
			InitializePlatformSupportModulesInManaged (1ms)
			SetLoadedEditorAssemblies (3ms)
			BeforeProcessingInitializeOnLoad (113ms)
			ProcessInitializeOnLoadAttributes (226ms)
			ProcessInitializeOnLoadMethodAttributes (42ms)
			AfterProcessingInitializeOnLoad (9ms)
			EditorAssembliesLoaded (0ms)
		ExecutionOrderSort2 (0ms)
		AwakeInstancesAfterBackupRestoration (5ms)
Launched and connected shader compiler UnityShaderCompiler.exe after 0.01 seconds
Refreshing native plugins compatible for Editor in 1.04 ms, found 3 plugins.
Preloading 0 native plugins for Editor in 0.00 ms.
Unloading 16 Unused Serialized files (Serialized files now loaded: 0)
Unloading 6275 unused Assets / (4.5 MB). Loaded Objects now: 7094.
Memory consumption went from 154.8 MB to 150.3 MB.
Total: 10.830600 ms (FindLiveObjects: 1.053600 ms CreateObjectMapping: 0.384100 ms MarkObjects: 6.655700 ms  DeleteObjects: 2.736000 ms)

========================================================================
Received Import Request.
  Time since last request: 168.699838 seconds.
  path: Assets/Scripts/EnemyCombat.cs
  artifactKey: Guid(729d938524fe25d4bbae9726133aaee4) Importer(2089858483,b0f066a214c2f5e87bad3c948f4d605d)
Start importing Assets/Scripts/EnemyCombat.cs using Guid(729d938524fe25d4bbae9726133aaee4) Importer(2089858483,b0f066a214c2f5e87bad3c948f4d605d) (ScriptedImporter) -> (artifact id: '47d84e0d0120dd837be3f49384738a3f') in 0.0901312 seconds
Number of updated asset objects reloaded before import = 0Number of asset objects unloaded after import = 0

========================================================================
Received Import Request.
  Time since last request: 0.000016 seconds.
  path: Assets/Scripts/PlayerHealth.cs
  artifactKey: Guid(8df9607661ba7ee478bd61f6cc98fe66) Importer(2089858483,b0f066a214c2f5e87bad3c948f4d605d)
Start importing Assets/Scripts/PlayerHealth.cs using Guid(8df9607661ba7ee478bd61f6cc98fe66) Importer(2089858483,b0f066a214c2f5e87bad3c948f4d605d) (ScriptedImporter) -> (artifact id: '7274c96c7a6d40f2393de7855048271d') in 0.0073404 seconds
Number of updated asset objects reloaded before import = 0Number of asset objects unloaded after import = 0

========================================================================
Received Prepare
Refreshing native plugins compatible for Editor in 1.04 ms, found 3 plugins.
Preloading 0 native plugins for Editor in 0.00 ms.
Unloading 51 Unused Serialized files (Serialized files now loaded: 0)
Unloading 6388 unused Assets / (15.3 MB). Loaded Objects now: 7179.
Memory consumption went from 168.4 MB to 153.1 MB.
Total: 15.707100 ms (FindLiveObjects: 0.899700 ms CreateObjectMapping: 0.234800 ms MarkObjects: 6.724400 ms  DeleteObjects: 7.847200 ms)

Prepare: number of updated asset objects reloaded= 0
========================================================================
Received Import Request.
  Time since last request: 7966.643530 seconds.
  path: Assets/Flooded_Grounds/Content/Textures/PROP_ParkBench1_N.tif
  artifactKey: Guid(034c3269537e8b046976a4bdc3912df1) Importer(2089858483,b0f066a214c2f5e87bad3c948f4d605d)
Start importing Assets/Flooded_Grounds/Content/Textures/PROP_ParkBench1_N.tif using Guid(034c3269537e8b046976a4bdc3912df1) Importer(2089858483,b0f066a214c2f5e87bad3c948f4d605d) (ScriptedImporter) -> (artifact id: 'e245d959a0da1ca4a7f1a89bf3cfcdba') in 0.0570761 seconds
Number of updated asset objects reloaded before import = 0Number of asset objects unloaded after import = 1

========================================================================
Received Import Request.
  Time since last request: 0.000018 seconds.
  path: Assets/Flooded_Grounds/Prefabs/Nature/Trees/TreeCreator_Tall_B.prefab
  artifactKey: Guid(bf68be3621a129c48b56c6ffde6f3f7f) Importer(2089858483,b0f066a214c2f5e87bad3c948f4d605d)
Start importing Assets/Flooded_Grounds/Prefabs/Nature/Trees/TreeCreator_Tall_B.prefab using Guid(bf68be3621a129c48b56c6ffde6f3f7f) Importer(2089858483,b0f066a214c2f5e87bad3c948f4d605d) (ScriptedImporter) -> (artifact id: '84d2f4a3424b90682b6c6d18aa13c04d') in 0.1723158 seconds
Number of updated asset objects reloaded before import = 0Number of asset objects unloaded after import = 30

========================================================================
Received Import Request.
  Time since last request: 0.000034 seconds.
  path: Assets/Flooded_Grounds/Prefabs/Buildings/Villa2/Villa2_Wall_Int_B.prefab
  artifactKey: Guid(5d4f7bb6ba9a6da4cab8ff0db61e4e59) Importer(2089858483,b0f066a214c2f5e87bad3c948f4d605d)
Start importing Assets/Flooded_Grounds/Prefabs/Buildings/Villa2/Villa2_Wall_Int_B.prefab using Guid(5d4f7bb6ba9a6da4cab8ff0db61e4e59) Importer(2089858483,b0f066a214c2f5e87bad3c948f4d605d) (ScriptedImporter) -> (artifact id: 'a2c25226e85232526b6d35516dd59aa8') in 0.0160087 seconds
Number of updated asset objects reloaded before import = 0Number of asset objects unloaded after import = 9

========================================================================
Received Import Request.
  Time since last request: 0.000018 seconds.
  path: Assets/Flooded_Grounds/Content/Textures/PROP_Beds1_N.tif
  artifactKey: Guid(4e8c1fa62fe87144db2f2e7d3b875760) Importer(2089858483,b0f066a214c2f5e87bad3c948f4d605d)
Start importing Assets/Flooded_Grounds/Content/Textures/PROP_Beds1_N.tif using Guid(4e8c1fa62fe87144db2f2e7d3b875760) Importer(2089858483,b0f066a214c2f5e87bad3c948f4d605d) (ScriptedImporter) -> (artifact id: '37a1568bba1558b469aba7c52e6cc253') in 0.0134602 seconds
Number of updated asset objects reloaded before import = 0Number of asset objects unloaded after import = 1

========================================================================
Received Import Request.
  Time since last request: 0.000011 seconds.
  path: Assets/Flooded_Grounds/Prefabs/Buildings/BrickHouse/BrickHouse_Ext_B.prefab
  artifactKey: Guid(19dabbbfc2c1ea246a20ea6c8c8c2e92) Importer(2089858483,b0f066a214c2f5e87bad3c948f4d605d)
Start importing Assets/Flooded_Grounds/Prefabs/Buildings/BrickHouse/BrickHouse_Ext_B.prefab using Guid(19dabbbfc2c1ea246a20ea6c8c8c2e92) Importer(2089858483,b0f066a214c2f5e87bad3c948f4d605d) (ScriptedImporter) -> (artifact id: 'e02834e7cddb3b23022b821a2e6e27e2') in 0.0106424 seconds
Number of updated asset objects reloaded before import = 0Number of asset objects unloaded after import = 9

========================================================================
Received Import Request.
  Time since last request: 0.000016 seconds.
  path: Assets/Flooded_Grounds/Content/Meshes/mNature/mBushes/DecoBush_A.fbx
  artifactKey: Guid(2ec06634d560e75429179e080d686b96) Importer(2089858483,b0f066a214c2f5e87bad3c948f4d605d)
Start importing Assets/Flooded_Grounds/Content/Meshes/mNature/mBushes/DecoBush_A.fbx using Guid(2ec06634d560e75429179e080d686b96) Importer(2089858483,b0f066a214c2f5e87bad3c948f4d605d) (ScriptedImporter) -> (artifact id: '31a13423c6fa47e3b338d39982b4e9aa') in 0.0281232 seconds
Number of updated asset objects reloaded before import = 0Number of asset objects unloaded after import = 7

========================================================================
Received Import Request.
  Time since last request: 0.000015 seconds.
  path: Assets/Flooded_Grounds/PostProcessing/Utilities/CustomMotionTexture/Models/WheelMovecs.FBX
  artifactKey: Guid(c4abfbff3b9d442f4b435849d2d2124c) Importer(2089858483,b0f066a214c2f5e87bad3c948f4d605d)
Start importing Assets/Flooded_Grounds/PostProcessing/Utilities/CustomMotionTexture/Models/WheelMovecs.FBX using Guid(c4abfbff3b9d442f4b435849d2d2124c) Importer(2089858483,b0f066a214c2f5e87bad3c948f4d605d) (ScriptedImporter) -> (artifact id: '86b2c6be675e1867d8dd7f0e6cfc5285') in 0.017376 seconds
Number of updated asset objects reloaded before import = 0Number of asset objects unloaded after import = 9

========================================================================
Received Import Request.
  Time since last request: 0.000024 seconds.
  path: Assets/Flooded_Grounds/Prefabs/Nature/Grass/Grass_Tall_C.prefab
  artifactKey: Guid(f3d5432b8ff8c7e4e9aab8ca88060e47) Importer(2089858483,b0f066a214c2f5e87bad3c948f4d605d)
Start importing Assets/Flooded_Grounds/Prefabs/Nature/Grass/Grass_Tall_C.prefab using Guid(f3d5432b8ff8c7e4e9aab8ca88060e47) Importer(2089858483,b0f066a214c2f5e87bad3c948f4d605d) (ScriptedImporter) -> (artifact id: '0214c5e4c6c3d3b2deda20417adddea8') in 0.0122807 seconds
Number of updated asset objects reloaded before import = 0Number of asset objects unloaded after import = 8

========================================================================
Received Import Request.
  Time since last request: 0.000018 seconds.
  path: Assets/Flooded_Grounds/Prefabs/Buildings/Barns
  artifactKey: Guid(e481a572abbb50643bb10996e2f18d85) Importer(2089858483,b0f066a214c2f5e87bad3c948f4d605d)
Start importing Assets/Flooded_Grounds/Prefabs/Buildings/Barns using Guid(e481a572abbb50643bb10996e2f18d85) Importer(2089858483,b0f066a214c2f5e87bad3c948f4d605d) (ScriptedImporter) -> (artifact id: '540df7227a584f98b53b084aba735bd9') in 0.0096311 seconds
Number of updated asset objects reloaded before import = 0Number of asset objects unloaded after import = 1

========================================================================
Received Import Request.
  Time since last request: 0.000016 seconds.
  path: Assets/Flooded_Grounds/PostProcessing/Runtime/Models/MotionBlurModel.cs
  artifactKey: Guid(bb4df227c906dd342bd34767914d292c) Importer(2089858483,b0f066a214c2f5e87bad3c948f4d605d)
Start importing Assets/Flooded_Grounds/PostProcessing/Runtime/Models/MotionBlurModel.cs using Guid(bb4df227c906dd342bd34767914d292c) Importer(2089858483,b0f066a214c2f5e87bad3c948f4d605d) (ScriptedImporter) -> (artifact id: 'dab3ee714c2e545a1335f0647cc7c05d') in 0.0082305 seconds
Number of updated asset objects reloaded before import = 0Number of asset objects unloaded after import = 0

========================================================================
Received Import Request.
  Time since last request: 0.000016 seconds.
  path: Assets/Flooded_Grounds/Content/Textures/BLD_BrickHouse1_N.tif
  artifactKey: Guid(acdfafac7cad4494fbe639d2347b38e6) Importer(2089858483,b0f066a214c2f5e87bad3c948f4d605d)
Start importing Assets/Flooded_Grounds/Content/Textures/BLD_BrickHouse1_N.tif using Guid(acdfafac7cad4494fbe639d2347b38e6) Importer(2089858483,b0f066a214c2f5e87bad3c948f4d605d) (ScriptedImporter) -> (artifact id: '6922034313ba8125b30f94849ef18c51') in 0.0264645 seconds
Number of updated asset objects reloaded before import = 0Number of asset objects unloaded after import = 1

========================================================================
Received Import Request.
  Time since last request: 0.000021 seconds.
  path: Assets/Flooded_Grounds/Prefabs/Nature/Trees/TreeCreator_Small_A_Textures/translucency_gloss.png
  artifactKey: Guid(04f2c1f076e4bdc458bdb08eea9b7911) Importer(2089858483,b0f066a214c2f5e87bad3c948f4d605d)
Start importing Assets/Flooded_Grounds/Prefabs/Nature/Trees/TreeCreator_Small_A_Textures/translucency_gloss.png using Guid(04f2c1f076e4bdc458bdb08eea9b7911) Importer(2089858483,b0f066a214c2f5e87bad3c948f4d605d) (ScriptedImporter) -> (artifact id: '5fdfa57d07d9a241ed1827f5af51ff33') in 0.0121229 seconds
Number of updated asset objects reloaded before import = 0Number of asset objects unloaded after import = 1

========================================================================
Received Import Request.
  Time since last request: 0.000024 seconds.
  path: Assets/Flooded_Grounds/Content/Meshes/mBuildings/mIndBuilding1/IndBuilding1_Deco_IntColumn_Base.fbx
  artifactKey: Guid(48b63d50975af354886c8c4294099cfc) Importer(2089858483,b0f066a214c2f5e87bad3c948f4d605d)
Start importing Assets/Flooded_Grounds/Content/Meshes/mBuildings/mIndBuilding1/IndBuilding1_Deco_IntColumn_Base.fbx using Guid(48b63d50975af354886c8c4294099cfc) Importer(2089858483,b0f066a214c2f5e87bad3c948f4d605d) (ScriptedImporter) -> (artifact id: 'ec1bab2a8efd88c1f2158a46073c4977') in 0.0147927 seconds
Number of updated asset objects reloaded before import = 0Number of asset objects unloaded after import = 7

========================================================================
Received Import Request.
  Time since last request: 0.000018 seconds.
  path: Assets/Flooded_Grounds/Content/Meshes/mNature/mBushes/DecoBush_B.fbx
  artifactKey: Guid(0e0d7fac187ce644e85f79d8513288d7) Importer(2089858483,b0f066a214c2f5e87bad3c948f4d605d)
Start importing Assets/Flooded_Grounds/Content/Meshes/mNature/mBushes/DecoBush_B.fbx using Guid(0e0d7fac187ce644e85f79d8513288d7) Importer(2089858483,b0f066a214c2f5e87bad3c948f4d605d) (ScriptedImporter) -> (artifact id: 'b252e75da1efa1e1fbf4cd2dc6b9da82') in 0.0116339 seconds
Number of updated asset objects reloaded before import = 0Number of asset objects unloaded after import = 7

========================================================================
Received Import Request.
  Time since last request: 0.000017 seconds.
  path: Assets/Flooded_Grounds/Content/Materials/BLD_Cabins_Mossy.mat
  artifactKey: Guid(0491e1d077b3ca643a27b77d56cc03b3) Importer(2089858483,b0f066a214c2f5e87bad3c948f4d605d)
Start importing Assets/Flooded_Grounds/Content/Materials/BLD_Cabins_Mossy.mat using Guid(0491e1d077b3ca643a27b77d56cc03b3) Importer(2089858483,b0f066a214c2f5e87bad3c948f4d605d) (ScriptedImporter) -> (artifact id: '658033ba768631f6d077e714d49d0d3f') in 0.052409 seconds
Number of updated asset objects reloaded before import = 0Number of asset objects unloaded after import = 9

========================================================================
Received Import Request.
  Time since last request: 0.000018 seconds.
  path: Assets/Flooded_Grounds/PostProcessing/Utilities/CustomMotionTexture/CustomMotionVectorDebugProfile.asset
  artifactKey: Guid(d982e879ff67b4d3fb6522d08c3cd5af) Importer(2089858483,b0f066a214c2f5e87bad3c948f4d605d)
Start importing Assets/Flooded_Grounds/PostProcessing/Utilities/CustomMotionTexture/CustomMotionVectorDebugProfile.asset using Guid(d982e879ff67b4d3fb6522d08c3cd5af) Importer(2089858483,b0f066a214c2f5e87bad3c948f4d605d) (ScriptedImporter) -> (artifact id: '143586cc08462bf275476f28d877065c') in 0.0096678 seconds
Number of updated asset objects reloaded before import = 0Number of asset objects unloaded after import = 1

========================================================================
Received Import Request.
  Time since last request: 0.000021 seconds.
  path: Assets/Flooded_Grounds/Content/Meshes/mBuildings/mVilla1/Villa1_Ext_B_COL.fbx
  artifactKey: Guid(b55200d7448693a43b7a848b11a46f6c) Importer(2089858483,b0f066a214c2f5e87bad3c948f4d605d)
Start importing Assets/Flooded_Grounds/Content/Meshes/mBuildings/mVilla1/Villa1_Ext_B_COL.fbx using Guid(b55200d7448693a43b7a848b11a46f6c) Importer(2089858483,b0f066a214c2f5e87bad3c948f4d605d) (ScriptedImporter) -> (artifact id: '6577540f3a4ed58e919a77e0ef6c3549') in 0.0132578 seconds
Number of updated asset objects reloaded before import = 0Number of asset objects unloaded after import = 7

========================================================================
Received Import Request.
  Time since last request: 0.000020 seconds.
  path: Assets/Flooded_Grounds/Prefabs/Nature/Rocks/CobbleRock_E.prefab
  artifactKey: Guid(71a5880545553674a9f302b0d6db4fec) Importer(2089858483,b0f066a214c2f5e87bad3c948f4d605d)
Start importing Assets/Flooded_Grounds/Prefabs/Nature/Rocks/CobbleRock_E.prefab using Guid(71a5880545553674a9f302b0d6db4fec) Importer(2089858483,b0f066a214c2f5e87bad3c948f4d605d) (ScriptedImporter) -> (artifact id: '1b548715a04e0dd68f5ee6e6ab21a2a9') in 0.0113212 seconds
Number of updated asset objects reloaded before import = 0Number of asset objects unloaded after import = 20

========================================================================
Received Import Request.
  Time since last request: 0.000013 seconds.
  path: Assets/Flooded_Grounds/Content/Meshes/mBuildings/mChurches/Church1_Base_Stairs_A.fbx
  artifactKey: Guid(0190805ce2aebed49ad2365381cb7200) Importer(2089858483,b0f066a214c2f5e87bad3c948f4d605d)
Start importing Assets/Flooded_Grounds/Content/Meshes/mBuildings/mChurches/Church1_Base_Stairs_A.fbx using Guid(0190805ce2aebed49ad2365381cb7200) Importer(2089858483,b0f066a214c2f5e87bad3c948f4d605d) (ScriptedImporter) -> (artifact id: '5e8ce741f063218a155f753245c1537d') in 0.0109409 seconds
Number of updated asset objects reloaded before import = 0Number of asset objects unloaded after import = 7

========================================================================
Received Import Request.
  Time since last request: 0.000016 seconds.
  path: Assets/Flooded_Grounds/Content/Meshes/mBuildings/mBrickHouse/BrickHouse_Door_A.fbx
  artifactKey: Guid(d572f8603b910ec4d9fb73977ea98c06) Importer(2089858483,b0f066a214c2f5e87bad3c948f4d605d)
Start importing Assets/Flooded_Grounds/Content/Meshes/mBuildings/mBrickHouse/BrickHouse_Door_A.fbx using Guid(d572f8603b910ec4d9fb73977ea98c06) Importer(2089858483,b0f066a214c2f5e87bad3c948f4d605d) (ScriptedImporter) -> (artifact id: 'df4b3b0fd3f4aeac24f4b1ea6e6e898c') in 0.0127114 seconds
Number of updated asset objects reloaded before import = 0Number of asset objects unloaded after import = 7

========================================================================
Received Import Request.
  Time since last request: 0.000013 seconds.
  path: Assets/Flooded_Grounds/Prefabs/Nature/Trees/TreeCreator_Crinkly_A_Textures/translucency_gloss.png
  artifactKey: Guid(a3cbbebe654cdc443beb52878d3e2c6e) Importer(2089858483,b0f066a214c2f5e87bad3c948f4d605d)
Start importing Assets/Flooded_Grounds/Prefabs/Nature/Trees/TreeCreator_Crinkly_A_Textures/translucency_gloss.png using Guid(a3cbbebe654cdc443beb52878d3e2c6e) Importer(2089858483,b0f066a214c2f5e87bad3c948f4d605d) (ScriptedImporter) -> (artifact id: '54abc82c721b769d86673a7124e62bfb') in 0.0140749 seconds
Number of updated asset objects reloaded before import = 0Number of asset objects unloaded after import = 1

========================================================================
Received Import Request.
  Time since last request: 0.000013 seconds.
  path: Assets/Flooded_Grounds/Content/Meshes/mBuildings/mVilla1/Villa1_Deco_IntDivider_A.fbx
  artifactKey: Guid(6e620a913db90694a9a58b3392d3688d) Importer(2089858483,b0f066a214c2f5e87bad3c948f4d605d)
Start importing Assets/Flooded_Grounds/Content/Meshes/mBuildings/mVilla1/Villa1_Deco_IntDivider_A.fbx using Guid(6e620a913db90694a9a58b3392d3688d) Importer(2089858483,b0f066a214c2f5e87bad3c948f4d605d) (ScriptedImporter) -> (artifact id: 'd43cf6dead96663196a23445ade1fad8') in 0.012633 seconds
Number of updated asset objects reloaded before import = 0Number of asset objects unloaded after import = 7

========================================================================
Received Import Request.
  Time since last request: 0.000015 seconds.
  path: Assets/Flooded_Grounds/Prefabs/Nature/Trees/TreeCreator_Crinkly_B_Textures/shadow.png
  artifactKey: Guid(b5296293e000f8448aba6559ed160bf0) Importer(2089858483,b0f066a214c2f5e87bad3c948f4d605d)
Start importing Assets/Flooded_Grounds/Prefabs/Nature/Trees/TreeCreator_Crinkly_B_Textures/shadow.png using Guid(b5296293e000f8448aba6559ed160bf0) Importer(2089858483,b0f066a214c2f5e87bad3c948f4d605d) (ScriptedImporter) -> (artifact id: '5f6fc6fba522b53f02a00be278102676') in 0.010823 seconds
Number of updated asset objects reloaded before import = 0Number of asset objects unloaded after import = 1

========================================================================
Received Import Request.
  Time since last request: 0.000024 seconds.
  path: Assets/Flooded_Grounds/Content/Animations/FlyingSaucer_Body_Ctrl.controller
  artifactKey: Guid(0146707624aa9ec40a92615d304dd1f0) Importer(2089858483,b0f066a214c2f5e87bad3c948f4d605d)
Start importing Assets/Flooded_Grounds/Content/Animations/FlyingSaucer_Body_Ctrl.controller using Guid(0146707624aa9ec40a92615d304dd1f0) Importer(2089858483,b0f066a214c2f5e87bad3c948f4d605d) (ScriptedImporter) -> (artifact id: '051c78c27056d48afb183af81e6df648') in 0.0138505 seconds
Number of updated asset objects reloaded before import = 0Number of asset objects unloaded after import = 4

========================================================================
Received Import Request.
  Time since last request: 0.000017 seconds.
  path: Assets/Flooded_Grounds/Content/Meshes/mBuildings/mVilla2/Villa2_Base_Mid_B.fbx
  artifactKey: Guid(d4b17371331d7a448a1cda529133e8dc) Importer(2089858483,b0f066a214c2f5e87bad3c948f4d605d)
Start importing Assets/Flooded_Grounds/Content/Meshes/mBuildings/mVilla2/Villa2_Base_Mid_B.fbx using Guid(d4b17371331d7a448a1cda529133e8dc) Importer(2089858483,b0f066a214c2f5e87bad3c948f4d605d) (ScriptedImporter) -> (artifact id: '462a2e7a6b7bc176cd358e9aa4152bb7') in 0.0123296 seconds
Number of updated asset objects reloaded before import = 0Number of asset objects unloaded after import = 7

========================================================================
Received Import Request.
  Time since last request: 0.000015 seconds.
  path: Assets/Flooded_Grounds/Prefabs/Props/Prop_Painting_B.prefab
  artifactKey: Guid(cc89d4ad779dae14eacc18ea2aef32b1) Importer(2089858483,b0f066a214c2f5e87bad3c948f4d605d)
Start importing Assets/Flooded_Grounds/Prefabs/Props/Prop_Painting_B.prefab using Guid(cc89d4ad779dae14eacc18ea2aef32b1) Importer(2089858483,b0f066a214c2f5e87bad3c948f4d605d) (ScriptedImporter) -> (artifact id: 'e5d3a6b7957ce02f85536b91f6f597e1') in 0.0118531 seconds
Number of updated asset objects reloaded before import = 0Number of asset objects unloaded after import = 8

========================================================================
Received Import Request.
  Time since last request: 0.000019 seconds.
  path: Assets/Flooded_Grounds/Prefabs/Buildings/Villa1/Villa1_Wall_Mid_A.prefab
  artifactKey: Guid(5d6e0b09bf6588c4194b0574def66713) Importer(2089858483,b0f066a214c2f5e87bad3c948f4d605d)
Start importing Assets/Flooded_Grounds/Prefabs/Buildings/Villa1/Villa1_Wall_Mid_A.prefab using Guid(5d6e0b09bf6588c4194b0574def66713) Importer(2089858483,b0f066a214c2f5e87bad3c948f4d605d) (ScriptedImporter) -> (artifact id: 'f67ffd4b1cf8c01d725e7738d5553bf9') in 0.0134267 seconds
Number of updated asset objects reloaded before import = 0Number of asset objects unloaded after import = 9

========================================================================
Received Import Request.
  Time since last request: 0.000018 seconds.
  path: Assets/Flooded_Grounds/Prefabs/Nature/Trees/TreeCreator_Crinkly_A_Textures/normal_specular.png
  artifactKey: Guid(70fae31ea13f069418d752478ebf953c) Importer(2089858483,b0f066a214c2f5e87bad3c948f4d605d)
Start importing Assets/Flooded_Grounds/Prefabs/Nature/Trees/TreeCreator_Crinkly_A_Textures/normal_specular.png using Guid(70fae31ea13f069418d752478ebf953c) Importer(2089858483,b0f066a214c2f5e87bad3c948f4d605d) (ScriptedImporter) -> (artifact id: 'f60fba1b00b6b7f9f6ee591b3c5f2ed7') in 0.0113903 seconds
Number of updated asset objects reloaded before import = 0Number of asset objects unloaded after import = 1

========================================================================
Received Import Request.
  Time since last request: 0.000020 seconds.
  path: Assets/Flooded_Grounds/Content/Shaders/FG_PBR_TopBlend.shader
  artifactKey: Guid(1a302063efeed7d49a2f2100a375a14f) Importer(2089858483,b0f066a214c2f5e87bad3c948f4d605d)
Start importing Assets/Flooded_Grounds/Content/Shaders/FG_PBR_TopBlend.shader using Guid(1a302063efeed7d49a2f2100a375a14f) Importer(2089858483,b0f066a214c2f5e87bad3c948f4d605d) (ScriptedImporter) -> (artifact id: '620d6ee5636b113d2703004d22239bd9') in 0.0164359 seconds
Number of updated asset objects reloaded before import = 0Number of asset objects unloaded after import = 1

========================================================================
Received Import Request.
  Time since last request: 0.000023 seconds.
  path: Assets/Flooded_Grounds/Content/Textures/BLD_BrickHouse1_A.tif
  artifactKey: Guid(ff65229a7320f7248bd4885b5a3932b7) Importer(2089858483,b0f066a214c2f5e87bad3c948f4d605d)
Start importing Assets/Flooded_Grounds/Content/Textures/BLD_BrickHouse1_A.tif using Guid(ff65229a7320f7248bd4885b5a3932b7) Importer(2089858483,b0f066a214c2f5e87bad3c948f4d605d) (ScriptedImporter) -> (artifact id: '2fe244627d9fc69f36297087e6ee2aca') in 0.014882 seconds
Number of updated asset objects reloaded before import = 0Number of asset objects unloaded after import = 1

========================================================================
Received Import Request.
  Time since last request: 0.000014 seconds.
  path: Assets/Flooded_Grounds/Content/Meshes/mNature/mGrass/Grass_Med_B.fbx
  artifactKey: Guid(f23a21e2be3dd86449dff81261bf83a5) Importer(2089858483,b0f066a214c2f5e87bad3c948f4d605d)
Start importing Assets/Flooded_Grounds/Content/Meshes/mNature/mGrass/Grass_Med_B.fbx using Guid(f23a21e2be3dd86449dff81261bf83a5) Importer(2089858483,b0f066a214c2f5e87bad3c948f4d605d) (ScriptedImporter) -> (artifact id: 'daac3e12d5b94d7eca7e768e7aeff72d') in 0.0130901 seconds
Number of updated asset objects reloaded before import = 0Number of asset objects unloaded after import = 7

========================================================================
Received Import Request.
  Time since last request: 0.000022 seconds.
  path: Assets/Flooded_Grounds/Content/Meshes/mBuildings/mCabins/Outhouse_A.fbx
  artifactKey: Guid(ed470f0cea065f241b70c797ddfb0b06) Importer(2089858483,b0f066a214c2f5e87bad3c948f4d605d)
Start importing Assets/Flooded_Grounds/Content/Meshes/mBuildings/mCabins/Outhouse_A.fbx using Guid(ed470f0cea065f241b70c797ddfb0b06) Importer(2089858483,b0f066a214c2f5e87bad3c948f4d605d) (ScriptedImporter) -> (artifact id: 'f04c49aba4063729019334ea1c3708dc') in 0.013336 seconds
Number of updated asset objects reloaded before import = 0Number of asset objects unloaded after import = 7

========================================================================
Received Import Request.
  Time since last request: 0.000017 seconds.
  path: Assets/Flooded_Grounds/PostProcessing
  artifactKey: Guid(86c33bd30cdaf2544ae2e5e9d9ebdb89) Importer(2089858483,b0f066a214c2f5e87bad3c948f4d605d)
Start importing Assets/Flooded_Grounds/PostProcessing using Guid(86c33bd30cdaf2544ae2e5e9d9ebdb89) Importer(2089858483,b0f066a214c2f5e87bad3c948f4d605d) (ScriptedImporter) -> (artifact id: '3d84b9526d374f9af2c084cb88081242') in 0.0083602 seconds
Number of updated asset objects reloaded before import = 0Number of asset objects unloaded after import = 1

========================================================================
Received Import Request.
  Time since last request: 0.000015 seconds.
  path: Assets/Flooded_Grounds/Content/Meshes/mBuildings/mChurches/Church1_Deco_WindowGlass_B.fbx
  artifactKey: Guid(ef54abd295dd2024eb209fe29b573dc1) Importer(2089858483,b0f066a214c2f5e87bad3c948f4d605d)
Start importing Assets/Flooded_Grounds/Content/Meshes/mBuildings/mChurches/Church1_Deco_WindowGlass_B.fbx using Guid(ef54abd295dd2024eb209fe29b573dc1) Importer(2089858483,b0f066a214c2f5e87bad3c948f4d605d) (ScriptedImporter) -> (artifact id: '4d4464c5a6b9bc03a194ed93492a2dc8') in 0.0125355 seconds
Number of updated asset objects reloaded before import = 0Number of asset objects unloaded after import = 7

========================================================================
Received Import Request.
  Time since last request: 0.000026 seconds.
  path: Assets/Flooded_Grounds/Content/Meshes/mBuildings/mVilla2/Villa2_Wall_Mid_D.fbx
  artifactKey: Guid(0dafcec3076e9e143a3b8f59b6b64d86) Importer(2089858483,b0f066a214c2f5e87bad3c948f4d605d)
Start importing Assets/Flooded_Grounds/Content/Meshes/mBuildings/mVilla2/Villa2_Wall_Mid_D.fbx using Guid(0dafcec3076e9e143a3b8f59b6b64d86) Importer(2089858483,b0f066a214c2f5e87bad3c948f4d605d) (ScriptedImporter) -> (artifact id: 'e88262238d3a4e582ba21c84cb844a84') in 0.0136174 seconds
Number of updated asset objects reloaded before import = 0Number of asset objects unloaded after import = 7

========================================================================
Received Import Request.
  Time since last request: 0.000025 seconds.
  path: Assets/Flooded_Grounds/Content/Meshes/mBuildings/mGreenHouse/GreenHouse1_Door_A.fbx
  artifactKey: Guid(7c517f93ac7c4c8449de867daaa62d72) Importer(2089858483,b0f066a214c2f5e87bad3c948f4d605d)
Start importing Assets/Flooded_Grounds/Content/Meshes/mBuildings/mGreenHouse/GreenHouse1_Door_A.fbx using Guid(7c517f93ac7c4c8449de867daaa62d72) Importer(2089858483,b0f066a214c2f5e87bad3c948f4d605d) (ScriptedImporter) -> (artifact id: '8175c92c5d86b6abf0d1aa412de58abd') in 0.0139662 seconds
Number of updated asset objects reloaded before import = 0Number of asset objects unloaded after import = 7

========================================================================
Received Import Request.
  Time since last request: 0.000022 seconds.
  path: Assets/Flooded_Grounds/Prefabs/Buildings/IndBuilding1/Indbuilding1_Door_A.prefab
  artifactKey: Guid(1ba84d4b2929a2b4eb599316f738c0f6) Importer(2089858483,b0f066a214c2f5e87bad3c948f4d605d)
Start importing Assets/Flooded_Grounds/Prefabs/Buildings/IndBuilding1/Indbuilding1_Door_A.prefab using Guid(1ba84d4b2929a2b4eb599316f738c0f6) Importer(2089858483,b0f066a214c2f5e87bad3c948f4d605d) (ScriptedImporter) -> (artifact id: '371318ce1c8dd9b29276fb4b1c4582b0') in 0.0107238 seconds
Number of updated asset objects reloaded before import = 0Number of asset objects unloaded after import = 9

========================================================================
Received Import Request.
  Time since last request: 0.000022 seconds.
  path: Assets/Flooded_Grounds/PostProcessing/Resources/Bluenoise64/LDR_LLL1_39.png
  artifactKey: Guid(547dbd5f858c74047ba3f213e4408307) Importer(2089858483,b0f066a214c2f5e87bad3c948f4d605d)
Start importing Assets/Flooded_Grounds/PostProcessing/Resources/Bluenoise64/LDR_LLL1_39.png using Guid(547dbd5f858c74047ba3f213e4408307) Importer(2089858483,b0f066a214c2f5e87bad3c948f4d605d) (ScriptedImporter) -> (artifact id: '3eac6732d2160f5ec1396810fe66561c') in 0.0114005 seconds
Number of updated asset objects reloaded before import = 0Number of asset objects unloaded after import = 1

========================================================================
Received Import Request.
  Time since last request: 0.000016 seconds.
  path: Assets/Flooded_Grounds/Content/Materials/BLD_Church1.mat
  artifactKey: Guid(67839f18cb008324fad823e901f01b33) Importer(2089858483,b0f066a214c2f5e87bad3c948f4d605d)
Start importing Assets/Flooded_Grounds/Content/Materials/BLD_Church1.mat using Guid(67839f18cb008324fad823e901f01b33) Importer(2089858483,b0f066a214c2f5e87bad3c948f4d605d) (ScriptedImporter) -> (artifact id: 'dd04a54a9493efe33c1ee075556e121e') in 0.0294908 seconds
Number of updated asset objects reloaded before import = 0Number of asset objects unloaded after import = 7

========================================================================
Received Import Request.
  Time since last request: 0.000017 seconds.
  path: Assets/Flooded_Grounds/PostProcessing/Textures/Lens Dirt/LensDirt02.png
  artifactKey: Guid(a2960ffde020f27409e070d92fb2e00b) Importer(2089858483,b0f066a214c2f5e87bad3c948f4d605d)
Start importing Assets/Flooded_Grounds/PostProcessing/Textures/Lens Dirt/LensDirt02.png using Guid(a2960ffde020f27409e070d92fb2e00b) Importer(2089858483,b0f066a214c2f5e87bad3c948f4d605d) (ScriptedImporter) -> (artifact id: '33549ec380c8b73be0fe7c15ac91d094') in 0.0105917 seconds
Number of updated asset objects reloaded before import = 0Number of asset objects unloaded after import = 1

========================================================================
Received Import Request.
  Time since last request: 0.000021 seconds.
  path: Assets/Flooded_Grounds/Content/Meshes/mBuildings/mChurches/Church1_Mid_A.fbx
  artifactKey: Guid(b6cc4b3b46f234646b2d42a3ce0a5080) Importer(2089858483,b0f066a214c2f5e87bad3c948f4d605d)
Start importing Assets/Flooded_Grounds/Content/Meshes/mBuildings/mChurches/Church1_Mid_A.fbx using Guid(b6cc4b3b46f234646b2d42a3ce0a5080) Importer(2089858483,b0f066a214c2f5e87bad3c948f4d605d) (ScriptedImporter) -> (artifact id: '507a3b76b3f6f5e77462639822601342') in 0.0139473 seconds
Number of updated asset objects reloaded before import = 0Number of asset objects unloaded after import = 7

========================================================================
Received Import Request.
  Time since last request: 0.000028 seconds.
  path: Assets/Flooded_Grounds/Prefabs/Buildings/Villa1/Villa1_Wall_Cor_B.prefab
  artifactKey: Guid(1cb997d50bcf8e540b2ac46cc6196a86) Importer(2089858483,b0f066a214c2f5e87bad3c948f4d605d)
Start importing Assets/Flooded_Grounds/Prefabs/Buildings/Villa1/Villa1_Wall_Cor_B.prefab using Guid(1cb997d50bcf8e540b2ac46cc6196a86) Importer(2089858483,b0f066a214c2f5e87bad3c948f4d605d) (ScriptedImporter) -> (artifact id: 'f8cc436efd0c8dbb3ff40bdfb611b9fe') in 0.0107174 seconds
Number of updated asset objects reloaded before import = 0Number of asset objects unloaded after import = 9

========================================================================
Received Import Request.
  Time since last request: 0.000015 seconds.
  path: Assets/Flooded_Grounds/PostProcessing/Resources/Shaders/FXAA.shader
  artifactKey: Guid(291f0d5b6045f4646847c59b4ce13ac5) Importer(2089858483,b0f066a214c2f5e87bad3c948f4d605d)
Start importing Assets/Flooded_Grounds/PostProcessing/Resources/Shaders/FXAA.shader using Guid(291f0d5b6045f4646847c59b4ce13ac5) Importer(2089858483,b0f066a214c2f5e87bad3c948f4d605d) (ScriptedImporter) -> (artifact id: 'b71fe21f7d388cd2bf48aa83e4d7cc34') in 0.0087649 seconds
Number of updated asset objects reloaded before import = 0Number of asset objects unloaded after import = 1

========================================================================
Received Import Request.
  Time since last request: 0.000015 seconds.
  path: Assets/Flooded_Grounds/Content/Textures/BLD_Bridge1_N.tif
  artifactKey: Guid(0a56a508c36cb464ea77f74cf7219c56) Importer(2089858483,b0f066a214c2f5e87bad3c948f4d605d)
Start importing Assets/Flooded_Grounds/Content/Textures/BLD_Bridge1_N.tif using Guid(0a56a508c36cb464ea77f74cf7219c56) Importer(2089858483,b0f066a214c2f5e87bad3c948f4d605d) (ScriptedImporter) -> (artifact id: 'e43a7974f7cf7b82d24a56f824373109') in 0.0187939 seconds
Number of updated asset objects reloaded before import = 0Number of asset objects unloaded after import = 1

========================================================================
Received Import Request.
  Time since last request: 0.000017 seconds.
  path: Assets/Flooded_Grounds/Resources/TreeCreator/TreeCreatorBark.shader
  artifactKey: Guid(c42ce9a27ea6fb444ae87b49dc21c23e) Importer(2089858483,b0f066a214c2f5e87bad3c948f4d605d)
Start importing Assets/Flooded_Grounds/Resources/TreeCreator/TreeCreatorBark.shader using Guid(c42ce9a27ea6fb444ae87b49dc21c23e) Importer(2089858483,b0f066a214c2f5e87bad3c948f4d605d) (ScriptedImporter) -> (artifact id: '02ce25e622b4ea7d48a5acdd769d6a63') in 0.0109551 seconds
Number of updated asset objects reloaded before import = 0Number of asset objects unloaded after import = 2

========================================================================
Received Import Request.
  Time since last request: 0.000017 seconds.
  path: Assets/Flooded_Grounds/Content/Meshes/mBuildings/mVilla1/Villa1_Base_Cor_A.fbx
  artifactKey: Guid(b3455d6da5e02d44280a92b0464d7580) Importer(2089858483,b0f066a214c2f5e87bad3c948f4d605d)
Start importing Assets/Flooded_Grounds/Content/Meshes/mBuildings/mVilla1/Villa1_Base_Cor_A.fbx using Guid(b3455d6da5e02d44280a92b0464d7580) Importer(2089858483,b0f066a214c2f5e87bad3c948f4d605d) (ScriptedImporter) -> (artifact id: '43e6a6848e1e3db71ab8201fb07c064c') in 0.0131934 seconds
Number of updated asset objects reloaded before import = 0Number of asset objects unloaded after import = 7

========================================================================
Received Import Request.
  Time since last request: 0.000016 seconds.
  path: Assets/Flooded_Grounds/Content/Meshes/mBuildings/mIndBuilding1/IndBuilding1_Floor_Mid_A.fbx
  artifactKey: Guid(6310ba51076eae64eb0f6d3b82cc6990) Importer(2089858483,b0f066a214c2f5e87bad3c948f4d605d)
Start importing Assets/Flooded_Grounds/Content/Meshes/mBuildings/mIndBuilding1/IndBuilding1_Floor_Mid_A.fbx using Guid(6310ba51076eae64eb0f6d3b82cc6990) Importer(2089858483,b0f066a214c2f5e87bad3c948f4d605d) (ScriptedImporter) -> (artifact id: 'a66e817d1680406d8784ed13856052c5') in 0.014251 seconds
Number of updated asset objects reloaded before import = 0Number of asset objects unloaded after import = 7

========================================================================
Received Import Request.
  Time since last request: 0.000023 seconds.
  path: Assets/Flooded_Grounds/Content/Meshes/mProps/lo_Prop_Gravestone_E.fbx
  artifactKey: Guid(24a2b31c7fe676840828c2b1be5636c5) Importer(2089858483,b0f066a214c2f5e87bad3c948f4d605d)
Start importing Assets/Flooded_Grounds/Content/Meshes/mProps/lo_Prop_Gravestone_E.fbx using Guid(24a2b31c7fe676840828c2b1be5636c5) Importer(2089858483,b0f066a214c2f5e87bad3c948f4d605d) (ScriptedImporter) -> (artifact id: 'b07aabdde0286e4ad768ca703055c2a0') in 0.0135296 seconds
Number of updated asset objects reloaded before import = 0Number of asset objects unloaded after import = 7

========================================================================
Received Import Request.
  Time since last request: 0.000016 seconds.
  path: Assets/Flooded_Grounds/PostProcessing/Resources/Bluenoise64/LDR_LLL1_62.png
  artifactKey: Guid(a03c400b0e3959f428ee99dfc6cfc263) Importer(2089858483,b0f066a214c2f5e87bad3c948f4d605d)
Start importing Assets/Flooded_Grounds/PostProcessing/Resources/Bluenoise64/LDR_LLL1_62.png using Guid(a03c400b0e3959f428ee99dfc6cfc263) Importer(2089858483,b0f066a214c2f5e87bad3c948f4d605d) (ScriptedImporter) -> (artifact id: '33e55d7a113e41c2f8e8efce01c89f2e') in 0.0129274 seconds
Number of updated asset objects reloaded before import = 0Number of asset objects unloaded after import = 1

========================================================================
Received Import Request.
  Time since last request: 0.000017 seconds.
  path: Assets/Flooded_Grounds/Content/Textures/PROP_Boat1_MS.tif
  artifactKey: Guid(65ae82e2f60f44b4e8c4d9640fe1e9aa) Importer(2089858483,b0f066a214c2f5e87bad3c948f4d605d)
Start importing Assets/Flooded_Grounds/Content/Textures/PROP_Boat1_MS.tif using Guid(65ae82e2f60f44b4e8c4d9640fe1e9aa) Importer(2089858483,b0f066a214c2f5e87bad3c948f4d605d) (ScriptedImporter) -> (artifact id: '1b857e0265e761772fe1ba74c0e80b15') in 0.0137035 seconds
Number of updated asset objects reloaded before import = 0Number of asset objects unloaded after import = 1

========================================================================
Received Import Request.
  Time since last request: 0.000016 seconds.
  path: Assets/Flooded_Grounds/Prefabs/Buildings/Cabins/Cabin2_Stairs.prefab
  artifactKey: Guid(de27278e60c8d8b42a3ae02c5da3edf8) Importer(2089858483,b0f066a214c2f5e87bad3c948f4d605d)
Start importing Assets/Flooded_Grounds/Prefabs/Buildings/Cabins/Cabin2_Stairs.prefab using Guid(de27278e60c8d8b42a3ae02c5da3edf8) Importer(2089858483,b0f066a214c2f5e87bad3c948f4d605d) (ScriptedImporter) -> (artifact id: '541a64f97cf4131d3eefb69ec7a68d17') in 0.0122634 seconds
Number of updated asset objects reloaded before import = 0Number of asset objects unloaded after import = 9

========================================================================
Received Import Request.
  Time since last request: 0.000014 seconds.
  path: Assets/Flooded_Grounds/Content/Textures/BLD_Doors1_A.tif
  artifactKey: Guid(966cf6398289d054592e01c08d5880f7) Importer(2089858483,b0f066a214c2f5e87bad3c948f4d605d)
Start importing Assets/Flooded_Grounds/Content/Textures/BLD_Doors1_A.tif using Guid(966cf6398289d054592e01c08d5880f7) Importer(2089858483,b0f066a214c2f5e87bad3c948f4d605d) (ScriptedImporter) -> (artifact id: 'f4a0344aa0ada28ba00db3d3b4eedcf5') in 0.0142824 seconds
Number of updated asset objects reloaded before import = 0Number of asset objects unloaded after import = 1

========================================================================
Received Import Request.
  Time since last request: 0.000010 seconds.
  path: Assets/Flooded_Grounds/Content/Meshes/mBuildings/mStructures/Struct_Fence1_Mid_A_COL.fbx
  artifactKey: Guid(99d4efbb51119b3448b55253e13ac00c) Importer(2089858483,b0f066a214c2f5e87bad3c948f4d605d)
Start importing Assets/Flooded_Grounds/Content/Meshes/mBuildings/mStructures/Struct_Fence1_Mid_A_COL.fbx using Guid(99d4efbb51119b3448b55253e13ac00c) Importer(2089858483,b0f066a214c2f5e87bad3c948f4d605d) (ScriptedImporter) -> (artifact id: 'f6d99c0bc0be1e8cd4e268f659d7e025') in 0.0115252 seconds
Number of updated asset objects reloaded before import = 0Number of asset objects unloaded after import = 7

========================================================================
Received Import Request.
  Time since last request: 0.000021 seconds.
  path: Assets/Flooded_Grounds/Prefabs/Props/Prop_FlyingSaucer_Animated.prefab
  artifactKey: Guid(4a4e3f66b8637cc4b881bf8912acff4f) Importer(2089858483,b0f066a214c2f5e87bad3c948f4d605d)
Start importing Assets/Flooded_Grounds/Prefabs/Props/Prop_FlyingSaucer_Animated.prefab using Guid(4a4e3f66b8637cc4b881bf8912acff4f) Importer(2089858483,b0f066a214c2f5e87bad3c948f4d605d) (ScriptedImporter) -> (artifact id: 'd298254c4f75bdb704db5d4250f5e75f') in 0.0117657 seconds
Number of updated asset objects reloaded before import = 0Number of asset objects unloaded after import = 15

========================================================================
Received Import Request.
  Time since last request: 0.000016 seconds.
  path: Assets/Flooded_Grounds/Content/Meshes/mBuildings/mCabins/Cabin2_End2.fbx
  artifactKey: Guid(76b891a14b22e284f99bdaf16b10dc1f) Importer(2089858483,b0f066a214c2f5e87bad3c948f4d605d)
Start importing Assets/Flooded_Grounds/Content/Meshes/mBuildings/mCabins/Cabin2_End2.fbx using Guid(76b891a14b22e284f99bdaf16b10dc1f) Importer(2089858483,b0f066a214c2f5e87bad3c948f4d605d) (ScriptedImporter) -> (artifact id: 'e35aae3dec4ed35e7f57f478cb7091b8') in 0.0132809 seconds
Number of updated asset objects reloaded before import = 0Number of asset objects unloaded after import = 7

========================================================================
Received Import Request.
  Time since last request: 0.000014 seconds.
  path: Assets/Flooded_Grounds/Content/Meshes/mBuildings/mVilla2/Villa2_Deco_Handrail1_Cap_A.fbx
  artifactKey: Guid(5fe6d00718bb8b542a8d16a00b059db7) Importer(2089858483,b0f066a214c2f5e87bad3c948f4d605d)
Start importing Assets/Flooded_Grounds/Content/Meshes/mBuildings/mVilla2/Villa2_Deco_Handrail1_Cap_A.fbx using Guid(5fe6d00718bb8b542a8d16a00b059db7) Importer(2089858483,b0f066a214c2f5e87bad3c948f4d605d) (ScriptedImporter) -> (artifact id: '48ebaf44a3871fc1734143eecaa4e958') in 0.0115566 seconds
Number of updated asset objects reloaded before import = 0Number of asset objects unloaded after import = 7

========================================================================
Received Import Request.
  Time since last request: 0.000016 seconds.
  path: Assets/Flooded_Grounds/PostProcessing/Editor/PropertyDrawers/GetSetDrawer.cs
  artifactKey: Guid(e1a43b92f2bbd914ca2e6b4c6a5dba48) Importer(2089858483,b0f066a214c2f5e87bad3c948f4d605d)
Start importing Assets/Flooded_Grounds/PostProcessing/Editor/PropertyDrawers/GetSetDrawer.cs using Guid(e1a43b92f2bbd914ca2e6b4c6a5dba48) Importer(2089858483,b0f066a214c2f5e87bad3c948f4d605d) (ScriptedImporter) -> (artifact id: 'a7de233a2f3b37ff471fef3776db2bba') in 0.0079465 seconds
Number of updated asset objects reloaded before import = 0Number of asset objects unloaded after import = 0

========================================================================
Received Import Request.
  Time since last request: 0.000015 seconds.
  path: Assets/Flooded_Grounds/Prefabs/Buildings/Villa2/Villa2_Deco_Handrail1_Mid_A.prefab
  artifactKey: Guid(9b5083471b3ef954a9643ff70f6fa3ac) Importer(2089858483,b0f066a214c2f5e87bad3c948f4d605d)
Start importing Assets/Flooded_Grounds/Prefabs/Buildings/Villa2/Villa2_Deco_Handrail1_Mid_A.prefab using Guid(9b5083471b3ef954a9643ff70f6fa3ac) Importer(2089858483,b0f066a214c2f5e87bad3c948f4d605d) (ScriptedImporter) -> (artifact id: '991da2226bb382c36277ba8a1531406b') in 0.0112967 seconds
Number of updated asset objects reloaded before import = 0Number of asset objects unloaded after import = 9

========================================================================
Received Import Request.
  Time since last request: 0.000017 seconds.
  path: Assets/Flooded_Grounds/Prefabs/Nature/Trees/TreeCreator_Tall_C_Dead_Textures/normal_specular.png
  artifactKey: Guid(31c8b057acd918343a5dddb96bfa3ae8) Importer(2089858483,b0f066a214c2f5e87bad3c948f4d605d)
Start importing Assets/Flooded_Grounds/Prefabs/Nature/Trees/TreeCreator_Tall_C_Dead_Textures/normal_specular.png using Guid(31c8b057acd918343a5dddb96bfa3ae8) Importer(2089858483,b0f066a214c2f5e87bad3c948f4d605d) (ScriptedImporter) -> (artifact id: '3fa9c3dc6895620e4447e72312b4c71d') in 0.0119791 seconds
Number of updated asset objects reloaded before import = 0Number of asset objects unloaded after import = 1

========================================================================
Received Import Request.
  Time since last request: 0.000024 seconds.
  path: Assets/Flooded_Grounds/PostProcessing/Editor/PropertyDrawers/MinDrawer.cs
  artifactKey: Guid(8995f52f410f0fb4cb1bdaa71a16e04e) Importer(2089858483,b0f066a214c2f5e87bad3c948f4d605d)
Start importing Assets/Flooded_Grounds/PostProcessing/Editor/PropertyDrawers/MinDrawer.cs using Guid(8995f52f410f0fb4cb1bdaa71a16e04e) Importer(2089858483,b0f066a214c2f5e87bad3c948f4d605d) (ScriptedImporter) -> (artifact id: '5beeec9f21b44662e12276cdba4f2d15') in 0.0074326 seconds
Number of updated asset objects reloaded before import = 0Number of asset objects unloaded after import = 0

========================================================================
Received Import Request.
  Time since last request: 0.000016 seconds.
  path: Assets/Flooded_Grounds/Content/Meshes/mBuildings/mVilla2/Villa2_Base_Ext_A.fbx
  artifactKey: Guid(74f74144f25a604449bde17ae6646801) Importer(2089858483,b0f066a214c2f5e87bad3c948f4d605d)
Start importing Assets/Flooded_Grounds/Content/Meshes/mBuildings/mVilla2/Villa2_Base_Ext_A.fbx using Guid(74f74144f25a604449bde17ae6646801) Importer(2089858483,b0f066a214c2f5e87bad3c948f4d605d) (ScriptedImporter) -> (artifact id: 'ca80659154a58009286fa185dccc878d') in 0.0117717 seconds
Number of updated asset objects reloaded before import = 0Number of asset objects unloaded after import = 7

========================================================================
Received Import Request.
  Time since last request: 0.000015 seconds.
  path: Assets/Flooded_Grounds/Content/Textures/BLD_Villa1_MS.tif
  artifactKey: Guid(6f292103627590a4287eb92828dfe7f9) Importer(2089858483,b0f066a214c2f5e87bad3c948f4d605d)
Start importing Assets/Flooded_Grounds/Content/Textures/BLD_Villa1_MS.tif using Guid(6f292103627590a4287eb92828dfe7f9) Importer(2089858483,b0f066a214c2f5e87bad3c948f4d605d) (ScriptedImporter) -> (artifact id: '113e20bb6669d6341e7aa200ef6746ff') in 0.0130514 seconds
Number of updated asset objects reloaded before import = 0Number of asset objects unloaded after import = 1

========================================================================
Received Import Request.
  Time since last request: 0.000014 seconds.
  path: Assets/Flooded_Grounds/Content/Meshes/mBuildings/mCabins/Cabin2_Stairs.fbx
  artifactKey: Guid(695df44871b9bd5439e88400e7eab30b) Importer(2089858483,b0f066a214c2f5e87bad3c948f4d605d)
Start importing Assets/Flooded_Grounds/Content/Meshes/mBuildings/mCabins/Cabin2_Stairs.fbx using Guid(695df44871b9bd5439e88400e7eab30b) Importer(2089858483,b0f066a214c2f5e87bad3c948f4d605d) (ScriptedImporter) -> (artifact id: '4e598349d100c03598cce603b5271e7c') in 0.0108575 seconds
Number of updated asset objects reloaded before import = 0Number of asset objects unloaded after import = 7

========================================================================
Received Import Request.
  Time since last request: 0.000018 seconds.
  path: Assets/Flooded_Grounds/Content/Shaders/FG_Skybox_Rotating.shader
  artifactKey: Guid(ffb3e37e9a528d24582c94c7e42fb97d) Importer(2089858483,b0f066a214c2f5e87bad3c948f4d605d)
Start importing Assets/Flooded_Grounds/Content/Shaders/FG_Skybox_Rotating.shader using Guid(ffb3e37e9a528d24582c94c7e42fb97d) Importer(2089858483,b0f066a214c2f5e87bad3c948f4d605d) (ScriptedImporter) -> (artifact id: '8ce45171d46a2645025a9f711971ca82') in 0.0080623 seconds
Number of updated asset objects reloaded before import = 0Number of asset objects unloaded after import = 1

========================================================================
Received Import Request.
  Time since last request: 0.000021 seconds.
  path: Assets/Flooded_Grounds/PostProcessing/Textures/Lens Dirt/LensDirt00.png
  artifactKey: Guid(69e847bbff1cf5449a4ee0bbd045dbc9) Importer(2089858483,b0f066a214c2f5e87bad3c948f4d605d)
Start importing Assets/Flooded_Grounds/PostProcessing/Textures/Lens Dirt/LensDirt00.png using Guid(69e847bbff1cf5449a4ee0bbd045dbc9) Importer(2089858483,b0f066a214c2f5e87bad3c948f4d605d) (ScriptedImporter) -> (artifact id: '6c0328992d4b68842936800e05ce1196') in 0.0106412 seconds
Number of updated asset objects reloaded before import = 0Number of asset objects unloaded after import = 1

========================================================================
Received Import Request.
  Time since last request: 0.000024 seconds.
  path: Assets/Flooded_Grounds/Content/Textures/ATM_ExhaustParticle1_AS.tif
  artifactKey: Guid(ce844cdb57c71eb4d9ef480d8691ec1a) Importer(2089858483,b0f066a214c2f5e87bad3c948f4d605d)
Start importing Assets/Flooded_Grounds/Content/Textures/ATM_ExhaustParticle1_AS.tif using Guid(ce844cdb57c71eb4d9ef480d8691ec1a) Importer(2089858483,b0f066a214c2f5e87bad3c948f4d605d) (ScriptedImporter) -> (artifact id: 'ee65599abcd5d9c515ce76cd480b6222') in 0.0090621 seconds
Number of updated asset objects reloaded before import = 0Number of asset objects unloaded after import = 1

========================================================================
Received Import Request.
  Time since last request: 0.000015 seconds.
  path: Assets/Flooded_Grounds/Prefabs/Buildings/BrickHouse
  artifactKey: Guid(3d604d1df35d3224f911dbc38e82c129) Importer(2089858483,b0f066a214c2f5e87bad3c948f4d605d)
Start importing Assets/Flooded_Grounds/Prefabs/Buildings/BrickHouse using Guid(3d604d1df35d3224f911dbc38e82c129) Importer(2089858483,b0f066a214c2f5e87bad3c948f4d605d) (ScriptedImporter) -> (artifact id: 'f6b25452827c27e2eec71b555ba22ed3') in 0.0063064 seconds
Number of updated asset objects reloaded before import = 0Number of asset objects unloaded after import = 1

========================================================================
Received Import Request.
  Time since last request: 0.000015 seconds.
  path: Assets/Flooded_Grounds/Prefabs/Buildings/Cabins/Cabin2_Mid2.prefab
  artifactKey: Guid(1df136745ae1d834d9df67fa39473042) Importer(2089858483,b0f066a214c2f5e87bad3c948f4d605d)
Start importing Assets/Flooded_Grounds/Prefabs/Buildings/Cabins/Cabin2_Mid2.prefab using Guid(1df136745ae1d834d9df67fa39473042) Importer(2089858483,b0f066a214c2f5e87bad3c948f4d605d) (ScriptedImporter) -> (artifact id: '620d7ca040270e58601ca6098a044ea7') in 0.0109972 seconds
Number of updated asset objects reloaded before import = 0Number of asset objects unloaded after import = 9

========================================================================
Received Import Request.
  Time since last request: 0.000017 seconds.
  path: Assets/Flooded_Grounds/Prefabs/Buildings/IndBuilding1
  artifactKey: Guid(925ae77514072bd48a2a63bd5ab6e24a) Importer(2089858483,b0f066a214c2f5e87bad3c948f4d605d)
Start importing Assets/Flooded_Grounds/Prefabs/Buildings/IndBuilding1 using Guid(925ae77514072bd48a2a63bd5ab6e24a) Importer(2089858483,b0f066a214c2f5e87bad3c948f4d605d) (ScriptedImporter) -> (artifact id: '1066ad1d5142c0cfbe809a1136cceb20') in 0.006915 seconds
Number of updated asset objects reloaded before import = 0Number of asset objects unloaded after import = 1

========================================================================
Received Import Request.
  Time since last request: 0.000010 seconds.
  path: Assets/Flooded_Grounds/Prefabs/Buildings/Villa2/Villa2_Floor_Mid_A_4x.prefab
  artifactKey: Guid(558a097bc18737e4f86558385790d6f7) Importer(2089858483,b0f066a214c2f5e87bad3c948f4d605d)
Start importing Assets/Flooded_Grounds/Prefabs/Buildings/Villa2/Villa2_Floor_Mid_A_4x.prefab using Guid(558a097bc18737e4f86558385790d6f7) Importer(2089858483,b0f066a214c2f5e87bad3c948f4d605d) (ScriptedImporter) -> (artifact id: 'a2135bb0b0aa5cdd9ac62fcd855d583a') in 0.0133462 seconds
Number of updated asset objects reloaded before import = 0Number of asset objects unloaded after import = 9

========================================================================
Received Import Request.
  Time since last request: 0.000018 seconds.
  path: Assets/Flooded_Grounds/Prefabs/Buildings/Villa1/Villa1_Deco_WindowGlass_B.prefab
  artifactKey: Guid(475b1b6b7e2809143be41cfe67240ecf) Importer(2089858483,b0f066a214c2f5e87bad3c948f4d605d)
Start importing Assets/Flooded_Grounds/Prefabs/Buildings/Villa1/Villa1_Deco_WindowGlass_B.prefab using Guid(475b1b6b7e2809143be41cfe67240ecf) Importer(2089858483,b0f066a214c2f5e87bad3c948f4d605d) (ScriptedImporter) -> (artifact id: 'd452556c3c98609a305d76f8b7656ce8') in 0.0106275 seconds
Number of updated asset objects reloaded before import = 0Number of asset objects unloaded after import = 8

========================================================================
Received Import Request.
  Time since last request: 0.000026 seconds.
  path: Assets/Flooded_Grounds/Content/Textures/NAT_CobbleRocks1_A.tif
  artifactKey: Guid(64d6291f6cfc78b498b7c3828ea2cabf) Importer(2089858483,b0f066a214c2f5e87bad3c948f4d605d)
Start importing Assets/Flooded_Grounds/Content/Textures/NAT_CobbleRocks1_A.tif using Guid(64d6291f6cfc78b498b7c3828ea2cabf) Importer(2089858483,b0f066a214c2f5e87bad3c948f4d605d) (ScriptedImporter) -> (artifact id: '05b6128faeb7fa68695b12cadf850c99') in 0.0123936 seconds
Number of updated asset objects reloaded before import = 0Number of asset objects unloaded after import = 1

========================================================================
Received Import Request.
  Time since last request: 0.000018 seconds.
  path: Assets/Flooded_Grounds/Content/Trees/SrcMeshes/Materials
  artifactKey: Guid(12be3f14c7bd1f84bbfac2983f72ef73) Importer(2089858483,b0f066a214c2f5e87bad3c948f4d605d)
Start importing Assets/Flooded_Grounds/Content/Trees/SrcMeshes/Materials using Guid(12be3f14c7bd1f84bbfac2983f72ef73) Importer(2089858483,b0f066a214c2f5e87bad3c948f4d605d) (ScriptedImporter) -> (artifact id: '9a94866c82e5d1b7a94a1792d6f6caf5') in 0.0067851 seconds
Number of updated asset objects reloaded before import = 0Number of asset objects unloaded after import = 1

========================================================================
Received Import Request.
  Time since last request: 0.000017 seconds.
  path: Assets/Flooded_Grounds/Content/Meshes/mProps/lo_Prop_Lamp_C.fbx
  artifactKey: Guid(bccb1375dcbea0d4f8762db1762fb935) Importer(2089858483,b0f066a214c2f5e87bad3c948f4d605d)
Start importing Assets/Flooded_Grounds/Content/Meshes/mProps/lo_Prop_Lamp_C.fbx using Guid(bccb1375dcbea0d4f8762db1762fb935) Importer(2089858483,b0f066a214c2f5e87bad3c948f4d605d) (ScriptedImporter) -> (artifact id: 'e60d6630997a786574bafbd75b551e3a') in 0.0142539 seconds
Number of updated asset objects reloaded before import = 0Number of asset objects unloaded after import = 15

========================================================================
Received Import Request.
  Time since last request: 0.000016 seconds.
  path: Assets/Flooded_Grounds/Content/Materials/PROP_Gravestones1.mat
  artifactKey: Guid(e6f5834528a499646b75d68c40b11659) Importer(2089858483,b0f066a214c2f5e87bad3c948f4d605d)
Start importing Assets/Flooded_Grounds/Content/Materials/PROP_Gravestones1.mat using Guid(e6f5834528a499646b75d68c40b11659) Importer(2089858483,b0f066a214c2f5e87bad3c948f4d605d) (ScriptedImporter) -> (artifact id: 'a116912b3686ec7db27b8ac28e7193ee') in 0.0231672 seconds
Number of updated asset objects reloaded before import = 0Number of asset objects unloaded after import = 7

========================================================================
Received Import Request.
  Time since last request: 0.000022 seconds.
  path: Assets/Flooded_Grounds/Content/Meshes/mBuildings/mVilla2/Villa2_Floor_Mid_B.fbx
  artifactKey: Guid(bce99ade65d5fee418c6e9541397fb3e) Importer(2089858483,b0f066a214c2f5e87bad3c948f4d605d)
Start importing Assets/Flooded_Grounds/Content/Meshes/mBuildings/mVilla2/Villa2_Floor_Mid_B.fbx using Guid(bce99ade65d5fee418c6e9541397fb3e) Importer(2089858483,b0f066a214c2f5e87bad3c948f4d605d) (ScriptedImporter) -> (artifact id: '0e47f1282eb474a0b5195ce339a526ff') in 0.0127414 seconds
Number of updated asset objects reloaded before import = 0Number of asset objects unloaded after import = 7

========================================================================
Received Import Request.
  Time since last request: 0.000025 seconds.
  path: Assets/Flooded_Grounds/Prefabs/Buildings/IndBuilding1/IndBuilding1_Roof_Mid_A.prefab
  artifactKey: Guid(8b12109de90b0e74ca16680ae843457f) Importer(2089858483,b0f066a214c2f5e87bad3c948f4d605d)
Start importing Assets/Flooded_Grounds/Prefabs/Buildings/IndBuilding1/IndBuilding1_Roof_Mid_A.prefab using Guid(8b12109de90b0e74ca16680ae843457f) Importer(2089858483,b0f066a214c2f5e87bad3c948f4d605d) (ScriptedImporter) -> (artifact id: 'f51661b9fc0cc0a221b8688022386d5b') in 0.0147936 seconds
Number of updated asset objects reloaded before import = 0Number of asset objects unloaded after import = 9

========================================================================
Received Import Request.
  Time since last request: 0.000030 seconds.
  path: Assets/Flooded_Grounds/Prefabs/Buildings/BrickHouse/BrickHouse_End_A.prefab
  artifactKey: Guid(fa3b1e3b9faf39b4cbc9301d3dd1c175) Importer(2089858483,b0f066a214c2f5e87bad3c948f4d605d)
Start importing Assets/Flooded_Grounds/Prefabs/Buildings/BrickHouse/BrickHouse_End_A.prefab using Guid(fa3b1e3b9faf39b4cbc9301d3dd1c175) Importer(2089858483,b0f066a214c2f5e87bad3c948f4d605d) (ScriptedImporter) -> (artifact id: '1c6f761f7e8202701e1442a357b9e8da') in 0.0119623 seconds
Number of updated asset objects reloaded before import = 0Number of asset objects unloaded after import = 9

========================================================================
Received Import Request.
  Time since last request: 0.000018 seconds.
  path: Assets/Flooded_Grounds/Content/Trees/SrcPrefabs/Branch1.prefab
  artifactKey: Guid(a9656fb5b2112cb42b81a4b6bd080622) Importer(2089858483,b0f066a214c2f5e87bad3c948f4d605d)
Start importing Assets/Flooded_Grounds/Content/Trees/SrcPrefabs/Branch1.prefab using Guid(a9656fb5b2112cb42b81a4b6bd080622) Importer(2089858483,b0f066a214c2f5e87bad3c948f4d605d) (ScriptedImporter) -> (artifact id: 'ebda94f44c2e4525400dab69b6c71ca7') in 0.0137027 seconds
Number of updated asset objects reloaded before import = 0Number of asset objects unloaded after import = 10

========================================================================
Received Import Request.
  Time since last request: 0.000017 seconds.
  path: Assets/Flooded_Grounds/Prefabs/Buildings/GreenHouse/GreenHouse1_End_A.prefab
  artifactKey: Guid(d18477f28fb30864d83758989554e271) Importer(2089858483,b0f066a214c2f5e87bad3c948f4d605d)
Start importing Assets/Flooded_Grounds/Prefabs/Buildings/GreenHouse/GreenHouse1_End_A.prefab using Guid(d18477f28fb30864d83758989554e271) Importer(2089858483,b0f066a214c2f5e87bad3c948f4d605d) (ScriptedImporter) -> (artifact id: 'a61a30e7c776eb88f47839d13d991a32') in 0.016136 seconds
Number of updated asset objects reloaded before import = 0Number of asset objects unloaded after import = 10

========================================================================
Received Import Request.
  Time since last request: 0.000017 seconds.
  path: Assets/Flooded_Grounds/Prefabs/Nature/Trees/TreeCreator_Small_B_Textures/normal_specular.png
  artifactKey: Guid(a4f7653857da9b94bacffa02f3367541) Importer(2089858483,b0f066a214c2f5e87bad3c948f4d605d)
Start importing Assets/Flooded_Grounds/Prefabs/Nature/Trees/TreeCreator_Small_B_Textures/normal_specular.png using Guid(a4f7653857da9b94bacffa02f3367541) Importer(2089858483,b0f066a214c2f5e87bad3c948f4d605d) (ScriptedImporter) -> (artifact id: '0879162d8c78b2e7b501cefe98fb2c9b') in 0.0126619 seconds
Number of updated asset objects reloaded before import = 0Number of asset objects unloaded after import = 1

========================================================================
Received Import Request.
  Time since last request: 0.000017 seconds.
  path: Assets/Flooded_Grounds/Content/Meshes/mBuildings/mStructures/Pavement2_Mid_A.fbx
  artifactKey: Guid(f175db5183ae8f14cb4cb669a89224ab) Importer(2089858483,b0f066a214c2f5e87bad3c948f4d605d)
Start importing Assets/Flooded_Grounds/Content/Meshes/mBuildings/mStructures/Pavement2_Mid_A.fbx using Guid(f175db5183ae8f14cb4cb669a89224ab) Importer(2089858483,b0f066a214c2f5e87bad3c948f4d605d) (ScriptedImporter) -> (artifact id: '1798770f619fa787d12043cab58bb86a') in 0.0125989 seconds
Number of updated asset objects reloaded before import = 0Number of asset objects unloaded after import = 7

========================================================================
Received Import Request.
  Time since last request: 0.000021 seconds.
  path: Assets/Flooded_Grounds/Content/Meshes/mBuildings/mVilla2/Villa2_Deco_Handrail1_Cor_B.fbx
  artifactKey: Guid(9dd5a77d2224725479a6aa241511c79c) Importer(2089858483,b0f066a214c2f5e87bad3c948f4d605d)
Start importing Assets/Flooded_Grounds/Content/Meshes/mBuildings/mVilla2/Villa2_Deco_Handrail1_Cor_B.fbx using Guid(9dd5a77d2224725479a6aa241511c79c) Importer(2089858483,b0f066a214c2f5e87bad3c948f4d605d) (ScriptedImporter) -> (artifact id: '97615b9c0950d046270e9aa6afd2c137') in 0.013842 seconds
Number of updated asset objects reloaded before import = 0Number of asset objects unloaded after import = 7

========================================================================
Received Import Request.
  Time since last request: 0.000027 seconds.
  path: Assets/Flooded_Grounds/Prefabs/Buildings/BrickHouse/BrickHouse_Ext_A.prefab
  artifactKey: Guid(84c0630e2101a764bb50018ae3b3ae41) Importer(2089858483,b0f066a214c2f5e87bad3c948f4d605d)
Start importing Assets/Flooded_Grounds/Prefabs/Buildings/BrickHouse/BrickHouse_Ext_A.prefab using Guid(84c0630e2101a764bb50018ae3b3ae41) Importer(2089858483,b0f066a214c2f5e87bad3c948f4d605d) (ScriptedImporter) -> (artifact id: 'f63ba0610da742faab4b4b0aca04df91') in 0.0109979 seconds
Number of updated asset objects reloaded before import = 0Number of asset objects unloaded after import = 9

========================================================================
Received Import Request.
  Time since last request: 0.000014 seconds.
  path: Assets/Flooded_Grounds/Prefabs/Buildings/Villa1/Villa1_Top_Mid_B.prefab
  artifactKey: Guid(88fbf37b7e4fff740bf50f2441298c8b) Importer(2089858483,b0f066a214c2f5e87bad3c948f4d605d)
Start importing Assets/Flooded_Grounds/Prefabs/Buildings/Villa1/Villa1_Top_Mid_B.prefab using Guid(88fbf37b7e4fff740bf50f2441298c8b) Importer(2089858483,b0f066a214c2f5e87bad3c948f4d605d) (ScriptedImporter) -> (artifact id: 'cee76dcf657098310940424b1f44a758') in 0.0117122 seconds
Number of updated asset objects reloaded before import = 0Number of asset objects unloaded after import = 9

========================================================================
Received Import Request.
  Time since last request: 0.000017 seconds.
  path: Assets/Flooded_Grounds/Content/Meshes/mBuildings/mVilla2/Villa2_Wall_Cor_B.fbx
  artifactKey: Guid(49b691abea49c6e499af47b3d1a680c6) Importer(2089858483,b0f066a214c2f5e87bad3c948f4d605d)
Start importing Assets/Flooded_Grounds/Content/Meshes/mBuildings/mVilla2/Villa2_Wall_Cor_B.fbx using Guid(49b691abea49c6e499af47b3d1a680c6) Importer(2089858483,b0f066a214c2f5e87bad3c948f4d605d) (ScriptedImporter) -> (artifact id: '86996741cd0d2f02a42f045ccc8839bf') in 0.0112093 seconds
Number of updated asset objects reloaded before import = 0Number of asset objects unloaded after import = 7

========================================================================
Received Import Request.
  Time since last request: 0.000015 seconds.
  path: Assets/Flooded_Grounds/Content/Textures
  artifactKey: Guid(f65e913b798083a4a8e3e24e0ec815ce) Importer(2089858483,b0f066a214c2f5e87bad3c948f4d605d)
Start importing Assets/Flooded_Grounds/Content/Textures using Guid(f65e913b798083a4a8e3e24e0ec815ce) Importer(2089858483,b0f066a214c2f5e87bad3c948f4d605d) (ScriptedImporter) -> (artifact id: '60cfcd4dd2cba3ba132a15075213b61d') in 0.0076742 seconds
Number of updated asset objects reloaded before import = 0Number of asset objects unloaded after import = 1

========================================================================
Received Import Request.
  Time since last request: 0.000016 seconds.
  path: Assets/Flooded_Grounds/Prefabs/Buildings/BrickHouse/BrickHouse_Deco_IntColumn_B.prefab
  artifactKey: Guid(f8fde9bffcef94e43beea47e6903b1f0) Importer(2089858483,b0f066a214c2f5e87bad3c948f4d605d)
Start importing Assets/Flooded_Grounds/Prefabs/Buildings/BrickHouse/BrickHouse_Deco_IntColumn_B.prefab using Guid(f8fde9bffcef94e43beea47e6903b1f0) Importer(2089858483,b0f066a214c2f5e87bad3c948f4d605d) (ScriptedImporter) -> (artifact id: '3e4c2155d307701b37d87a41162c0093') in 0.0107587 seconds
Number of updated asset objects reloaded before import = 0Number of asset objects unloaded after import = 9

========================================================================
Received Import Request.
  Time since last request: 0.000018 seconds.
  path: Assets/Flooded_Grounds/Prefabs/Buildings/Villa2/Villa2_Wall_Ext_A.prefab
  artifactKey: Guid(3d39804bb242bbf48a911df7ae3768d5) Importer(2089858483,b0f066a214c2f5e87bad3c948f4d605d)
Start importing Assets/Flooded_Grounds/Prefabs/Buildings/Villa2/Villa2_Wall_Ext_A.prefab using Guid(3d39804bb242bbf48a911df7ae3768d5) Importer(2089858483,b0f066a214c2f5e87bad3c948f4d605d) (ScriptedImporter) -> (artifact id: '1f506394b9998e3f9bac376f99138322') in 0.0142786 seconds
Number of updated asset objects reloaded before import = 0Number of asset objects unloaded after import = 10

========================================================================
Received Import Request.
  Time since last request: 0.000027 seconds.
  path: Assets/Flooded_Grounds/Content/Meshes/mNature/mGrass/Grass_Small_D.fbx
  artifactKey: Guid(0b1eadd50210bbf489ee17d6376699a3) Importer(2089858483,b0f066a214c2f5e87bad3c948f4d605d)
Start importing Assets/Flooded_Grounds/Content/Meshes/mNature/mGrass/Grass_Small_D.fbx using Guid(0b1eadd50210bbf489ee17d6376699a3) Importer(2089858483,b0f066a214c2f5e87bad3c948f4d605d) (ScriptedImporter) -> (artifact id: '6d4e85c330a79afdee482b7f8e995b4f') in 0.0121535 seconds
Number of updated asset objects reloaded before import = 0Number of asset objects unloaded after import = 7

========================================================================
Received Import Request.
  Time since last request: 0.000016 seconds.
  path: Assets/Flooded_Grounds/PostProcessing/Editor/Models/BuiltinDebugViewsEditor.cs
  artifactKey: Guid(760ffebbef2ed644c87940a699eb7fe6) Importer(2089858483,b0f066a214c2f5e87bad3c948f4d605d)
Start importing Assets/Flooded_Grounds/PostProcessing/Editor/Models/BuiltinDebugViewsEditor.cs using Guid(760ffebbef2ed644c87940a699eb7fe6) Importer(2089858483,b0f066a214c2f5e87bad3c948f4d605d) (ScriptedImporter) -> (artifact id: 'bab6b71e0b850162daf7ec6930b3b6d7') in 0.008343 seconds
Number of updated asset objects reloaded before import = 0Number of asset objects unloaded after import = 0

========================================================================
Received Import Request.
  Time since last request: 0.000013 seconds.
  path: Assets/Flooded_Grounds/PostProcessing/Resources/Bluenoise64/LDR_LLL1_24.png
  artifactKey: Guid(32c6a5f7143b86c44bd5cdee2ff3f8ad) Importer(2089858483,b0f066a214c2f5e87bad3c948f4d605d)
Start importing Assets/Flooded_Grounds/PostProcessing/Resources/Bluenoise64/LDR_LLL1_24.png using Guid(32c6a5f7143b86c44bd5cdee2ff3f8ad) Importer(2089858483,b0f066a214c2f5e87bad3c948f4d605d) (ScriptedImporter) -> (artifact id: '2a25a9f03bd3c49ee2a6f8db7813bf64') in 0.0088768 seconds
Number of updated asset objects reloaded before import = 0Number of asset objects unloaded after import = 1

========================================================================
Received Import Request.
  Time since last request: 0.000012 seconds.
  path: Assets/Flooded_Grounds/Content/Trees/SrcTextures/FOL_BushFlower1_D.tif
  artifactKey: Guid(5390c10622b90f94989de9ff0a2d2520) Importer(2089858483,b0f066a214c2f5e87bad3c948f4d605d)
Start importing Assets/Flooded_Grounds/Content/Trees/SrcTextures/FOL_BushFlower1_D.tif using Guid(5390c10622b90f94989de9ff0a2d2520) Importer(2089858483,b0f066a214c2f5e87bad3c948f4d605d) (ScriptedImporter) -> (artifact id: '03a3393709cf5a2773a446afdfa28dc7') in 0.0117639 seconds
Number of updated asset objects reloaded before import = 0Number of asset objects unloaded after import = 1

========================================================================
Received Import Request.
  Time since last request: 0.000019 seconds.
  path: Assets/Flooded_Grounds/Prefabs/Props/Prop_Gravestone_E.prefab
  artifactKey: Guid(73a46d03e13dd2b4ebddaeb829191c7d) Importer(2089858483,b0f066a214c2f5e87bad3c948f4d605d)
Start importing Assets/Flooded_Grounds/Prefabs/Props/Prop_Gravestone_E.prefab using Guid(73a46d03e13dd2b4ebddaeb829191c7d) Importer(2089858483,b0f066a214c2f5e87bad3c948f4d605d) (ScriptedImporter) -> (artifact id: 'a95feacb3c017bb86c0505d2a6727aff') in 0.0104277 seconds
Number of updated asset objects reloaded before import = 0Number of asset objects unloaded after import = 9

========================================================================
Received Import Request.
  Time since last request: 0.000018 seconds.
  path: Assets/Flooded_Grounds/Prefabs/Buildings/IndBuilding1/IndBuilding1_Floor_Mid_A.prefab
  artifactKey: Guid(812c9b36537fa8146bed44183a36cf7a) Importer(2089858483,b0f066a214c2f5e87bad3c948f4d605d)
Start importing Assets/Flooded_Grounds/Prefabs/Buildings/IndBuilding1/IndBuilding1_Floor_Mid_A.prefab using Guid(812c9b36537fa8146bed44183a36cf7a) Importer(2089858483,b0f066a214c2f5e87bad3c948f4d605d) (ScriptedImporter) -> (artifact id: '8c98409d8c8c44ed93334eb1e2dcc183') in 0.0103372 seconds
Number of updated asset objects reloaded before import = 0Number of asset objects unloaded after import = 9

========================================================================
Received Import Request.
  Time since last request: 0.000028 seconds.
  path: Assets/Flooded_Grounds/PostProcessing/Resources/Bluenoise64/LDR_LLL1_36.png
  artifactKey: Guid(351e95d0e20a54849bd4ce5f9b498934) Importer(2089858483,b0f066a214c2f5e87bad3c948f4d605d)
Start importing Assets/Flooded_Grounds/PostProcessing/Resources/Bluenoise64/LDR_LLL1_36.png using Guid(351e95d0e20a54849bd4ce5f9b498934) Importer(2089858483,b0f066a214c2f5e87bad3c948f4d605d) (ScriptedImporter) -> (artifact id: 'e763f15754b11438c8fa92059e05bd22') in 0.0126005 seconds
Number of updated asset objects reloaded before import = 0Number of asset objects unloaded after import = 1

========================================================================
Received Import Request.
  Time since last request: 0.000014 seconds.
  path: Assets/Flooded_Grounds/Content/Textures/BLD_Structures2_MS.tif
  artifactKey: Guid(890b79cc78c624d4a81e50a1d35c1332) Importer(2089858483,b0f066a214c2f5e87bad3c948f4d605d)
Start importing Assets/Flooded_Grounds/Content/Textures/BLD_Structures2_MS.tif using Guid(890b79cc78c624d4a81e50a1d35c1332) Importer(2089858483,b0f066a214c2f5e87bad3c948f4d605d) (ScriptedImporter) -> (artifact id: '9715f1602303f478603a32b1b36d4a1d') in 0.0130201 seconds
Number of updated asset objects reloaded before import = 0Number of asset objects unloaded after import = 1

========================================================================
Received Import Request.
  Time since last request: 0.000014 seconds.
  path: Assets/Flooded_Grounds/Content/Textures/BLD_Structures1_N.tif
  artifactKey: Guid(4df14e6e8ed614b4381dffd191db71db) Importer(2089858483,b0f066a214c2f5e87bad3c948f4d605d)
Start importing Assets/Flooded_Grounds/Content/Textures/BLD_Structures1_N.tif using Guid(4df14e6e8ed614b4381dffd191db71db) Importer(2089858483,b0f066a214c2f5e87bad3c948f4d605d) (ScriptedImporter) -> (artifact id: '225a67153f3f7a39b24c51d88905cc09') in 0.0191001 seconds
Number of updated asset objects reloaded before import = 0Number of asset objects unloaded after import = 1

========================================================================
Received Import Request.
  Time since last request: 0.000015 seconds.
  path: Assets/Flooded_Grounds/Content/Meshes/mBuildings/mVilla1/Villa1_Door_B.fbx
  artifactKey: Guid(cff6467a6cb18b347b329fb583a43a20) Importer(2089858483,b0f066a214c2f5e87bad3c948f4d605d)
Start importing Assets/Flooded_Grounds/Content/Meshes/mBuildings/mVilla1/Villa1_Door_B.fbx using Guid(cff6467a6cb18b347b329fb583a43a20) Importer(2089858483,b0f066a214c2f5e87bad3c948f4d605d) (ScriptedImporter) -> (artifact id: '5ca2db9dc268e88f691788f26c011c30') in 0.0124026 seconds
Number of updated asset objects reloaded before import = 0Number of asset objects unloaded after import = 7

========================================================================
Received Import Request.
  Time since last request: 0.000014 seconds.
  path: Assets/Flooded_Grounds/Content/Textures/PROP_Gravestones1_AO.tif
  artifactKey: Guid(7ac9436318cb4474dacd369def18c01a) Importer(2089858483,b0f066a214c2f5e87bad3c948f4d605d)
Start importing Assets/Flooded_Grounds/Content/Textures/PROP_Gravestones1_AO.tif using Guid(7ac9436318cb4474dacd369def18c01a) Importer(2089858483,b0f066a214c2f5e87bad3c948f4d605d) (ScriptedImporter) -> (artifact id: 'ba79316c2bde2831faff2473f8d0f192') in 0.0114437 seconds
Number of updated asset objects reloaded before import = 0Number of asset objects unloaded after import = 1

========================================================================
Received Import Request.
  Time since last request: 0.000017 seconds.
  path: Assets/Flooded_Grounds/Content/Meshes/mBuildings/mBrickHouse/BrickHouse_End_A.fbx
  artifactKey: Guid(7f05e1cf6332ea548876507a754862b3) Importer(2089858483,b0f066a214c2f5e87bad3c948f4d605d)
Start importing Assets/Flooded_Grounds/Content/Meshes/mBuildings/mBrickHouse/BrickHouse_End_A.fbx using Guid(7f05e1cf6332ea548876507a754862b3) Importer(2089858483,b0f066a214c2f5e87bad3c948f4d605d) (ScriptedImporter) -> (artifact id: 'b84ffab5acf79a5cc8c9cffeaffd449c') in 0.0157349 seconds
Number of updated asset objects reloaded before import = 0Number of asset objects unloaded after import = 7

========================================================================
Received Import Request.
  Time since last request: 0.000023 seconds.
  path: Assets/Flooded_Grounds/Prefabs/Buildings/Villa2/Villa2_Deco_WindowGlass_A.prefab
  artifactKey: Guid(33d2396704f502c40bd674b135e08461) Importer(2089858483,b0f066a214c2f5e87bad3c948f4d605d)
Start importing Assets/Flooded_Grounds/Prefabs/Buildings/Villa2/Villa2_Deco_WindowGlass_A.prefab using Guid(33d2396704f502c40bd674b135e08461) Importer(2089858483,b0f066a214c2f5e87bad3c948f4d605d) (ScriptedImporter) -> (artifact id: '2bf9d5e09b7550e6644101b85aabf9b9') in 0.0110547 seconds
Number of updated asset objects reloaded before import = 0Number of asset objects unloaded after import = 8

========================================================================
Received Import Request.
  Time since last request: 0.000016 seconds.
  path: Assets/Flooded_Grounds/Content/Meshes/mBuildings/mVilla2/Villa2_Deco_Column_Base_A.fbx
  artifactKey: Guid(d30ca19a66b5a7a4983f9b9433a77e3b) Importer(2089858483,b0f066a214c2f5e87bad3c948f4d605d)
Start importing Assets/Flooded_Grounds/Content/Meshes/mBuildings/mVilla2/Villa2_Deco_Column_Base_A.fbx using Guid(d30ca19a66b5a7a4983f9b9433a77e3b) Importer(2089858483,b0f066a214c2f5e87bad3c948f4d605d) (ScriptedImporter) -> (artifact id: '72b40a9cc04c80dc66dabc9c209a6061') in 0.0129212 seconds
Number of updated asset objects reloaded before import = 0Number of asset objects unloaded after import = 7

========================================================================
Received Import Request.
  Time since last request: 0.000016 seconds.
  path: Assets/Flooded_Grounds/Content/Meshes/mBuildings/mVilla1/Villa1_Wall_Int_B.fbx
  artifactKey: Guid(ead2e73ec878f8b42a73e03ff67ff596) Importer(2089858483,b0f066a214c2f5e87bad3c948f4d605d)
Start importing Assets/Flooded_Grounds/Content/Meshes/mBuildings/mVilla1/Villa1_Wall_Int_B.fbx using Guid(ead2e73ec878f8b42a73e03ff67ff596) Importer(2089858483,b0f066a214c2f5e87bad3c948f4d605d) (ScriptedImporter) -> (artifact id: '2864dc84f18b4c8c56fc3137bf63d524') in 0.0131306 seconds
Number of updated asset objects reloaded before import = 0Number of asset objects unloaded after import = 7

========================================================================
Received Import Request.
  Time since last request: 0.000013 seconds.
  path: Assets/Flooded_Grounds/Prefabs/Buildings/Villa1/Villa1_Roof_Mid_B.prefab
  artifactKey: Guid(e479fb829761ad7408092fe346314659) Importer(2089858483,b0f066a214c2f5e87bad3c948f4d605d)
Start importing Assets/Flooded_Grounds/Prefabs/Buildings/Villa1/Villa1_Roof_Mid_B.prefab using Guid(e479fb829761ad7408092fe346314659) Importer(2089858483,b0f066a214c2f5e87bad3c948f4d605d) (ScriptedImporter) -> (artifact id: '9f1c94f4dd951a2e09abaa88d3724f2b') in 0.01082 seconds
Number of updated asset objects reloaded before import = 0Number of asset objects unloaded after import = 9

========================================================================
Received Import Request.
  Time since last request: 0.000014 seconds.
  path: Assets/Flooded_Grounds/PostProcessing/Resources/Bluenoise64/LDR_LLL1_9.png
  artifactKey: Guid(71583cfd8899717428d5b1a95fa39cda) Importer(2089858483,b0f066a214c2f5e87bad3c948f4d605d)
Start importing Assets/Flooded_Grounds/PostProcessing/Resources/Bluenoise64/LDR_LLL1_9.png using Guid(71583cfd8899717428d5b1a95fa39cda) Importer(2089858483,b0f066a214c2f5e87bad3c948f4d605d) (ScriptedImporter) -> (artifact id: '28538ab2ca65325c8e828ecd432ab291') in 0.010545 seconds
Number of updated asset objects reloaded before import = 0Number of asset objects unloaded after import = 1

========================================================================
Received Import Request.
  Time since last request: 0.000017 seconds.
  path: Assets/Flooded_Grounds/Prefabs/Buildings/Structures1/Struct_Fence2_Mid_A.prefab
  artifactKey: Guid(48a907058000acc4da8ac9293b565679) Importer(2089858483,b0f066a214c2f5e87bad3c948f4d605d)
Start importing Assets/Flooded_Grounds/Prefabs/Buildings/Structures1/Struct_Fence2_Mid_A.prefab using Guid(48a907058000acc4da8ac9293b565679) Importer(2089858483,b0f066a214c2f5e87bad3c948f4d605d) (ScriptedImporter) -> (artifact id: '5eaf74fb72e7c9398a84e25d372e9b78') in 0.0088044 seconds
Number of updated asset objects reloaded before import = 0Number of asset objects unloaded after import = 23

========================================================================
Received Import Request.
  Time since last request: 0.000029 seconds.
  path: Assets/Flooded_Grounds/PostProcessing/Editor/Utils/ReflectionUtils.cs
  artifactKey: Guid(71f7e805a7fc35046afbcf5c2639d116) Importer(2089858483,b0f066a214c2f5e87bad3c948f4d605d)
Start importing Assets/Flooded_Grounds/PostProcessing/Editor/Utils/ReflectionUtils.cs using Guid(71f7e805a7fc35046afbcf5c2639d116) Importer(2089858483,b0f066a214c2f5e87bad3c948f4d605d) (ScriptedImporter) -> (artifact id: '012430d556110091e70affca53964f52') in 0.0081488 seconds
Number of updated asset objects reloaded before import = 0Number of asset objects unloaded after import = 0

========================================================================
Received Import Request.
  Time since last request: 0.000013 seconds.
  path: Assets/Flooded_Grounds/Content
  artifactKey: Guid(2e150d6ce3d33f84295eac3b1ec2f056) Importer(2089858483,b0f066a214c2f5e87bad3c948f4d605d)
Start importing Assets/Flooded_Grounds/Content using Guid(2e150d6ce3d33f84295eac3b1ec2f056) Importer(2089858483,b0f066a214c2f5e87bad3c948f4d605d) (ScriptedImporter) -> (artifact id: '2c380191001ea53291d825681e93b76b') in 0.0078526 seconds
Number of updated asset objects reloaded before import = 0Number of asset objects unloaded after import = 1

========================================================================
Received Import Request.
  Time since last request: 0.000015 seconds.
  path: Assets/Flooded_Grounds/Prefabs/Buildings/Cabins/Cabin2_Mid1.prefab
  artifactKey: Guid(72d5913900bb94349b98a1b5a5340e17) Importer(2089858483,b0f066a214c2f5e87bad3c948f4d605d)
Start importing Assets/Flooded_Grounds/Prefabs/Buildings/Cabins/Cabin2_Mid1.prefab using Guid(72d5913900bb94349b98a1b5a5340e17) Importer(2089858483,b0f066a214c2f5e87bad3c948f4d605d) (ScriptedImporter) -> (artifact id: '14a6d9000605f088b4e2ba0b42540372') in 0.0130146 seconds
Number of updated asset objects reloaded before import = 0Number of asset objects unloaded after import = 9

========================================================================
Received Import Request.
  Time since last request: 0.000014 seconds.
  path: Assets/Flooded_Grounds/Content/Materials/BLD_Bridge1_LOD.mat
  artifactKey: Guid(b39a473fb30ef8d44818ba4b9e2eebc0) Importer(2089858483,b0f066a214c2f5e87bad3c948f4d605d)
Start importing Assets/Flooded_Grounds/Content/Materials/BLD_Bridge1_LOD.mat using Guid(b39a473fb30ef8d44818ba4b9e2eebc0) Importer(2089858483,b0f066a214c2f5e87bad3c948f4d605d) (ScriptedImporter) -> (artifact id: '771c297b621820214d008ba6036658da') in 0.0151707 seconds
Number of updated asset objects reloaded before import = 0Number of asset objects unloaded after import = 3

========================================================================
Received Import Request.
  Time since last request: 0.000018 seconds.
  path: Assets/Flooded_Grounds/Content/Meshes/mBuildings/mBrickHouse/BrickHouse_Base_Stairs_A.fbx
  artifactKey: Guid(feef4de4c42d64d4e81f2a11b66a9a96) Importer(2089858483,b0f066a214c2f5e87bad3c948f4d605d)
Start importing Assets/Flooded_Grounds/Content/Meshes/mBuildings/mBrickHouse/BrickHouse_Base_Stairs_A.fbx using Guid(feef4de4c42d64d4e81f2a11b66a9a96) Importer(2089858483,b0f066a214c2f5e87bad3c948f4d605d) (ScriptedImporter) -> (artifact id: 'a4620b76688019955f01d093a59dcf32') in 0.0113419 seconds
Number of updated asset objects reloaded before import = 0Number of asset objects unloaded after import = 7

========================================================================
Received Import Request.
  Time since last request: 0.000021 seconds.
  path: Assets/Flooded_Grounds/Prefabs/Nature/Trees/TreeCreator_Crinkly_A_Textures/shadow.png
  artifactKey: Guid(a109731f7be02264c86b7bcaffbad21d) Importer(2089858483,b0f066a214c2f5e87bad3c948f4d605d)
Start importing Assets/Flooded_Grounds/Prefabs/Nature/Trees/TreeCreator_Crinkly_A_Textures/shadow.png using Guid(a109731f7be02264c86b7bcaffbad21d) Importer(2089858483,b0f066a214c2f5e87bad3c948f4d605d) (ScriptedImporter) -> (artifact id: '65b978f65b950be55fc49d6958f5666d') in 0.0116348 seconds
Number of updated asset objects reloaded before import = 0Number of asset objects unloaded after import = 1

========================================================================
Received Import Request.
  Time since last request: 0.000022 seconds.
  path: Assets/Flooded_Grounds/Prefabs/Nature/Trees/TreeCreator_Tall_C_Textures/normal_specular.png
  artifactKey: Guid(3cde3e14c144ee84eb14da5a7819284c) Importer(2089858483,b0f066a214c2f5e87bad3c948f4d605d)
Start importing Assets/Flooded_Grounds/Prefabs/Nature/Trees/TreeCreator_Tall_C_Textures/normal_specular.png using Guid(3cde3e14c144ee84eb14da5a7819284c) Importer(2089858483,b0f066a214c2f5e87bad3c948f4d605d) (ScriptedImporter) -> (artifact id: '90ad79d0a647dc6a70d4b95e23a057bc') in 0.0114523 seconds
Number of updated asset objects reloaded before import = 0Number of asset objects unloaded after import = 1

========================================================================
Received Import Request.
  Time since last request: 0.000016 seconds.
  path: Assets/Flooded_Grounds/PostProcessing/Resources/Bluenoise64/LDR_LLL1_12.png
  artifactKey: Guid(980acadb960f8424c94307ec0e585b4e) Importer(2089858483,b0f066a214c2f5e87bad3c948f4d605d)
Start importing Assets/Flooded_Grounds/PostProcessing/Resources/Bluenoise64/LDR_LLL1_12.png using Guid(980acadb960f8424c94307ec0e585b4e) Importer(2089858483,b0f066a214c2f5e87bad3c948f4d605d) (ScriptedImporter) -> (artifact id: '89c644f20931769f1f345394da893f29') in 0.013061 seconds
Number of updated asset objects reloaded before import = 0Number of asset objects unloaded after import = 1

========================================================================
Received Import Request.
  Time since last request: 0.000016 seconds.
  path: Assets/Flooded_Grounds/PostProcessing/Resources/Bluenoise64/LDR_LLL1_6.png
  artifactKey: Guid(79b86f3419b87f3429164a956da8cfab) Importer(2089858483,b0f066a214c2f5e87bad3c948f4d605d)
Start importing Assets/Flooded_Grounds/PostProcessing/Resources/Bluenoise64/LDR_LLL1_6.png using Guid(79b86f3419b87f3429164a956da8cfab) Importer(2089858483,b0f066a214c2f5e87bad3c948f4d605d) (ScriptedImporter) -> (artifact id: 'e1f7c75ea2b7bf3cd8f632e59221ddd5') in 0.0106274 seconds
Number of updated asset objects reloaded before import = 0Number of asset objects unloaded after import = 1

========================================================================
Received Import Request.
  Time since last request: 0.000013 seconds.
  path: Assets/Flooded_Grounds/Content/Meshes/mBuildings/mVilla2/Villa2_Deco_Handrail1_Cor_B_COL.fbx
  artifactKey: Guid(415ea436dd055ab42bd74d612bd80d0c) Importer(2089858483,b0f066a214c2f5e87bad3c948f4d605d)
Start importing Assets/Flooded_Grounds/Content/Meshes/mBuildings/mVilla2/Villa2_Deco_Handrail1_Cor_B_COL.fbx using Guid(415ea436dd055ab42bd74d612bd80d0c) Importer(2089858483,b0f066a214c2f5e87bad3c948f4d605d) (ScriptedImporter) -> (artifact id: 'bd15eb8d92ae0f8b6d235893f9575579') in 0.0123577 seconds
Number of updated asset objects reloaded before import = 0Number of asset objects unloaded after import = 7

========================================================================
Received Import Request.
  Time since last request: 0.000015 seconds.
  path: Assets/Flooded_Grounds/Content/Materials/HLP_BlockerCube.mat
  artifactKey: Guid(8f6da883fc822d448a34f8decce1a838) Importer(2089858483,b0f066a214c2f5e87bad3c948f4d605d)
Start importing Assets/Flooded_Grounds/Content/Materials/HLP_BlockerCube.mat using Guid(8f6da883fc822d448a34f8decce1a838) Importer(2089858483,b0f066a214c2f5e87bad3c948f4d605d) (ScriptedImporter) -> (artifact id: '3cdfc7c7a9d51db36d92889d0568150b') in 0.0282291 seconds
Number of updated asset objects reloaded before import = 0Number of asset objects unloaded after import = 2

========================================================================
Received Import Request.
  Time since last request: 0.000022 seconds.
  path: Assets/Flooded_Grounds/Content/Materials/BGR_Sky1.mat
  artifactKey: Guid(1612dc54605b67947bed7b6e6b4f48c4) Importer(2089858483,b0f066a214c2f5e87bad3c948f4d605d)
Start importing Assets/Flooded_Grounds/Content/Materials/BGR_Sky1.mat using Guid(1612dc54605b67947bed7b6e6b4f48c4) Importer(2089858483,b0f066a214c2f5e87bad3c948f4d605d) (ScriptedImporter) -> (artifact id: '13f8802e9d7e08ac80ea8f32dd79d850') in 0.0111534 seconds
Number of updated asset objects reloaded before import = 0Number of asset objects unloaded after import = 3

========================================================================
Received Import Request.
  Time since last request: 0.000027 seconds.
  path: Assets/Flooded_Grounds/Content/Textures/BLD_WindowGlass1_N.tif
  artifactKey: Guid(eb799aa129deb9c4ca94540c1352657c) Importer(2089858483,b0f066a214c2f5e87bad3c948f4d605d)
Start importing Assets/Flooded_Grounds/Content/Textures/BLD_WindowGlass1_N.tif using Guid(eb799aa129deb9c4ca94540c1352657c) Importer(2089858483,b0f066a214c2f5e87bad3c948f4d605d) (ScriptedImporter) -> (artifact id: 'e3b3bb2b606a19631ccdd4579e65c13c') in 0.011383 seconds
Number of updated asset objects reloaded before import = 0Number of asset objects unloaded after import = 1

========================================================================
Received Import Request.
  Time since last request: 0.000018 seconds.
  path: Assets/Flooded_Grounds/Content/Meshes/mBuildings/mIndBuilding1/IndBuilding1_Wall_Cor_A.fbx
  artifactKey: Guid(37d91a4351675e94bb7bf7a5eec9cde0) Importer(2089858483,b0f066a214c2f5e87bad3c948f4d605d)
Start importing Assets/Flooded_Grounds/Content/Meshes/mBuildings/mIndBuilding1/IndBuilding1_Wall_Cor_A.fbx using Guid(37d91a4351675e94bb7bf7a5eec9cde0) Importer(2089858483,b0f066a214c2f5e87bad3c948f4d605d) (ScriptedImporter) -> (artifact id: '41aecebae79ae8917a8e49e8c982c53e') in 0.0140975 seconds
Number of updated asset objects reloaded before import = 0Number of asset objects unloaded after import = 7

========================================================================
Received Import Request.
  Time since last request: 0.000015 seconds.
  path: Assets/Flooded_Grounds/Content/Meshes/mBuildings/mVilla1/Villa1_Wall_Cor_A.fbx
  artifactKey: Guid(13394e3b0bd7def44903980377610326) Importer(2089858483,b0f066a214c2f5e87bad3c948f4d605d)
Start importing Assets/Flooded_Grounds/Content/Meshes/mBuildings/mVilla1/Villa1_Wall_Cor_A.fbx using Guid(13394e3b0bd7def44903980377610326) Importer(2089858483,b0f066a214c2f5e87bad3c948f4d605d) (ScriptedImporter) -> (artifact id: '407b44a3963a562a83bee91405be6fc2') in 0.0129633 seconds
Number of updated asset objects reloaded before import = 0Number of asset objects unloaded after import = 7

========================================================================
Received Import Request.
  Time since last request: 0.000015 seconds.
  path: Assets/Flooded_Grounds/PostProcessing/Resources/Bluenoise64/LDR_LLL1_13.png
  artifactKey: Guid(68613e6a221be1a4b9f31d7fa1c2d1bf) Importer(2089858483,b0f066a214c2f5e87bad3c948f4d605d)
Start importing Assets/Flooded_Grounds/PostProcessing/Resources/Bluenoise64/LDR_LLL1_13.png using Guid(68613e6a221be1a4b9f31d7fa1c2d1bf) Importer(2089858483,b0f066a214c2f5e87bad3c948f4d605d) (ScriptedImporter) -> (artifact id: 'e1ae9c652669be6ff33f03b9a68f1658') in 0.011566 seconds
Number of updated asset objects reloaded before import = 0Number of asset objects unloaded after import = 1

========================================================================
Received Import Request.
  Time since last request: 0.000015 seconds.
  path: Assets/Flooded_Grounds/PostProcessing/Editor/PropertyDrawers
  artifactKey: Guid(ced92f1cc2085ae48acacc79a2b8e196) Importer(2089858483,b0f066a214c2f5e87bad3c948f4d605d)
Start importing Assets/Flooded_Grounds/PostProcessing/Editor/PropertyDrawers using Guid(ced92f1cc2085ae48acacc79a2b8e196) Importer(2089858483,b0f066a214c2f5e87bad3c948f4d605d) (ScriptedImporter) -> (artifact id: '579994192d89315905713bf4377b8e29') in 0.0077466 seconds
Number of updated asset objects reloaded before import = 0Number of asset objects unloaded after import = 1

========================================================================
Received Import Request.
  Time since last request: 0.000020 seconds.
  path: Assets/Flooded_Grounds/Content/Meshes/mProps/Prop_Rug_B.fbx
  artifactKey: Guid(f78cb6b1bea1fb64aa0c84f11c105d87) Importer(2089858483,b0f066a214c2f5e87bad3c948f4d605d)
Start importing Assets/Flooded_Grounds/Content/Meshes/mProps/Prop_Rug_B.fbx using Guid(f78cb6b1bea1fb64aa0c84f11c105d87) Importer(2089858483,b0f066a214c2f5e87bad3c948f4d605d) (ScriptedImporter) -> (artifact id: '5919462c1dccf773503df3c92719e0fa') in 0.0129124 seconds
Number of updated asset objects reloaded before import = 0Number of asset objects unloaded after import = 7

========================================================================
Received Import Request.
  Time since last request: 0.000024 seconds.
  path: Assets/Flooded_Grounds/PostProcessing/Utilities/CustomMotionTexture/Textures/UVChecker.png
  artifactKey: Guid(a08960dd6e8274e7f8fca616e09c48ed) Importer(2089858483,b0f066a214c2f5e87bad3c948f4d605d)
Start importing Assets/Flooded_Grounds/PostProcessing/Utilities/CustomMotionTexture/Textures/UVChecker.png using Guid(a08960dd6e8274e7f8fca616e09c48ed) Importer(2089858483,b0f066a214c2f5e87bad3c948f4d605d) (ScriptedImporter) -> (artifact id: '55b436380276a75cc9e80d3b8520459e') in 0.0112934 seconds
Number of updated asset objects reloaded before import = 0Number of asset objects unloaded after import = 1

========================================================================
Received Import Request.
  Time since last request: 0.000018 seconds.
  path: Assets/Flooded_Grounds/PostProcessing/Resources/Bluenoise64/LDR_LLL1_38.png
  artifactKey: Guid(9660a4ca1ca8425408ac25c641932977) Importer(2089858483,b0f066a214c2f5e87bad3c948f4d605d)
Start importing Assets/Flooded_Grounds/PostProcessing/Resources/Bluenoise64/LDR_LLL1_38.png using Guid(9660a4ca1ca8425408ac25c641932977) Importer(2089858483,b0f066a214c2f5e87bad3c948f4d605d) (ScriptedImporter) -> (artifact id: 'ea43ae80bd8a69567bc4583420d36a5b') in 0.0113592 seconds
Number of updated asset objects reloaded before import = 0Number of asset objects unloaded after import = 1

========================================================================
Received Import Request.
  Time since last request: 0.000018 seconds.
  path: Assets/Flooded_Grounds/Prefabs/Nature/Grass/Grass_Small_B.prefab
  artifactKey: Guid(bf9be07af37802d45ab1d805925ec862) Importer(2089858483,b0f066a214c2f5e87bad3c948f4d605d)
Start importing Assets/Flooded_Grounds/Prefabs/Nature/Grass/Grass_Small_B.prefab using Guid(bf9be07af37802d45ab1d805925ec862) Importer(2089858483,b0f066a214c2f5e87bad3c948f4d605d) (ScriptedImporter) -> (artifact id: '6c41d77fa4865268a569b7cfd4aba443') in 0.0115198 seconds
Number of updated asset objects reloaded before import = 0Number of asset objects unloaded after import = 8

========================================================================
Received Import Request.
  Time since last request: 0.000016 seconds.
  path: Assets/Flooded_Grounds/Content/Meshes/mBuildings/mStructures/Pavement1_Cor_A.fbx
  artifactKey: Guid(2020aea23032fa3468a01f4033e661c3) Importer(2089858483,b0f066a214c2f5e87bad3c948f4d605d)
Start importing Assets/Flooded_Grounds/Content/Meshes/mBuildings/mStructures/Pavement1_Cor_A.fbx using Guid(2020aea23032fa3468a01f4033e661c3) Importer(2089858483,b0f066a214c2f5e87bad3c948f4d605d) (ScriptedImporter) -> (artifact id: '24f4aad4d5b0da190602a4abf21c9248') in 0.0125646 seconds
Number of updated asset objects reloaded before import = 0Number of asset objects unloaded after import = 7

========================================================================
Received Import Request.
  Time since last request: 0.000017 seconds.
  path: Assets/Flooded_Grounds/Prefabs/Buildings/Villa2/Villa2_Door_A.prefab
  artifactKey: Guid(e891df2b218bdaf45ad012d0e25fb64c) Importer(2089858483,b0f066a214c2f5e87bad3c948f4d605d)
Start importing Assets/Flooded_Grounds/Prefabs/Buildings/Villa2/Villa2_Door_A.prefab using Guid(e891df2b218bdaf45ad012d0e25fb64c) Importer(2089858483,b0f066a214c2f5e87bad3c948f4d605d) (ScriptedImporter) -> (artifact id: '055f77b7d553763a00b9b329ea758411') in 0.0117908 seconds
Number of updated asset objects reloaded before import = 0Number of asset objects unloaded after import = 9

========================================================================
Received Import Request.
  Time since last request: 0.000022 seconds.
  path: Assets/Flooded_Grounds/Content/Textures/BLD_Church1_N.tif
  artifactKey: Guid(3593e017fe71de94e9ad18791038fd6d) Importer(2089858483,b0f066a214c2f5e87bad3c948f4d605d)
Start importing Assets/Flooded_Grounds/Content/Textures/BLD_Church1_N.tif using Guid(3593e017fe71de94e9ad18791038fd6d) Importer(2089858483,b0f066a214c2f5e87bad3c948f4d605d) (ScriptedImporter) -> (artifact id: '474ca8ac057fe69fd83970b2b7e79050') in 0.0172597 seconds
Number of updated asset objects reloaded before import = 0Number of asset objects unloaded after import = 1

========================================================================
Received Import Request.
  Time since last request: 0.000026 seconds.
  path: Assets/Flooded_Grounds/PostProcessing/Editor/Monitors
  artifactKey: Guid(e31078d57ac582944ad5e1e76a84f36a) Importer(2089858483,b0f066a214c2f5e87bad3c948f4d605d)
Start importing Assets/Flooded_Grounds/PostProcessing/Editor/Monitors using Guid(e31078d57ac582944ad5e1e76a84f36a) Importer(2089858483,b0f066a214c2f5e87bad3c948f4d605d) (ScriptedImporter) -> (artifact id: '06452250d2716a0b60ce9a841d5d3a0a') in 0.007408 seconds
Number of updated asset objects reloaded before import = 0Number of asset objects unloaded after import = 1

========================================================================
Received Import Request.
  Time since last request: 0.000016 seconds.
  path: Assets/Flooded_Grounds/Prefabs/Buildings/GuardHouse/GuardHouse_A.prefab
  artifactKey: Guid(1de21d4e18752374889f59a6e0ced71a) Importer(2089858483,b0f066a214c2f5e87bad3c948f4d605d)
Start importing Assets/Flooded_Grounds/Prefabs/Buildings/GuardHouse/GuardHouse_A.prefab using Guid(1de21d4e18752374889f59a6e0ced71a) Importer(2089858483,b0f066a214c2f5e87bad3c948f4d605d) (ScriptedImporter) -> (artifact id: 'c84324bd3f1277938efa6664cb05a249') in 0.0124278 seconds
Number of updated asset objects reloaded before import = 0Number of asset objects unloaded after import = 10

========================================================================
Received Import Request.
  Time since last request: 0.000018 seconds.
  path: Assets/Flooded_Grounds/Content/Meshes/mProps/lo_Prop_Bed_A.fbx
  artifactKey: Guid(337f3f3b50efced47b00720a0728d606) Importer(2089858483,b0f066a214c2f5e87bad3c948f4d605d)
Start importing Assets/Flooded_Grounds/Content/Meshes/mProps/lo_Prop_Bed_A.fbx using Guid(337f3f3b50efced47b00720a0728d606) Importer(2089858483,b0f066a214c2f5e87bad3c948f4d605d) (ScriptedImporter) -> (artifact id: '46fc7be6ec3e7c153d7a3a6bb4067c5e') in 0.0115763 seconds
Number of updated asset objects reloaded before import = 0Number of asset objects unloaded after import = 15

========================================================================
Received Import Request.
  Time since last request: 0.000016 seconds.
  path: Assets/Flooded_Grounds/PostProcessing/Editor/Attributes/PostProcessingModelEditorAttribute.cs
  artifactKey: Guid(c21938aa988055347a2271f03a3e731e) Importer(2089858483,b0f066a214c2f5e87bad3c948f4d605d)
Start importing Assets/Flooded_Grounds/PostProcessing/Editor/Attributes/PostProcessingModelEditorAttribute.cs using Guid(c21938aa988055347a2271f03a3e731e) Importer(2089858483,b0f066a214c2f5e87bad3c948f4d605d) (ScriptedImporter) -> (artifact id: 'a0cb7232b1337acf787d7776809b7cdf') in 0.0073791 seconds
Number of updated asset objects reloaded before import = 0Number of asset objects unloaded after import = 0

========================================================================
Received Import Request.
  Time since last request: 0.000015 seconds.
  path: Assets/Flooded_Grounds/Content/Meshes/mBuildings/mIndBuilding1/IndBuilding1_Wall_Mid_C.fbx
  artifactKey: Guid(5e91dc0978adeeb4cb1e9a947beb45ab) Importer(2089858483,b0f066a214c2f5e87bad3c948f4d605d)
Start importing Assets/Flooded_Grounds/Content/Meshes/mBuildings/mIndBuilding1/IndBuilding1_Wall_Mid_C.fbx using Guid(5e91dc0978adeeb4cb1e9a947beb45ab) Importer(2089858483,b0f066a214c2f5e87bad3c948f4d605d) (ScriptedImporter) -> (artifact id: '4d81329cd9f4af9fb5d162bf88c9425f') in 0.0129442 seconds
Number of updated asset objects reloaded before import = 0Number of asset objects unloaded after import = 7

========================================================================
Received Import Request.
  Time since last request: 0.000018 seconds.
  path: Assets/Flooded_Grounds/Content/Meshes/mBuildings/mCabins/Cabin2_Mid1.fbx
  artifactKey: Guid(fcabad233c066664488f5f6a3f8e6632) Importer(2089858483,b0f066a214c2f5e87bad3c948f4d605d)
Start importing Assets/Flooded_Grounds/Content/Meshes/mBuildings/mCabins/Cabin2_Mid1.fbx using Guid(fcabad233c066664488f5f6a3f8e6632) Importer(2089858483,b0f066a214c2f5e87bad3c948f4d605d) (ScriptedImporter) -> (artifact id: 'f6c5515183009ef532231d6f6c605ea8') in 0.0130908 seconds
Number of updated asset objects reloaded before import = 0Number of asset objects unloaded after import = 7

========================================================================
Received Import Request.
  Time since last request: 0.000026 seconds.
  path: Assets/Flooded_Grounds/Content/Textures/BLD_Villa2_A.tif
  artifactKey: Guid(64763b599f4ac8c438a7b286e41ad67e) Importer(2089858483,b0f066a214c2f5e87bad3c948f4d605d)
Start importing Assets/Flooded_Grounds/Content/Textures/BLD_Villa2_A.tif using Guid(64763b599f4ac8c438a7b286e41ad67e) Importer(2089858483,b0f066a214c2f5e87bad3c948f4d605d) (ScriptedImporter) -> (artifact id: 'ec681c5fa2c3671c4bd2af2bf4a06bbf') in 0.0145718 seconds
Number of updated asset objects reloaded before import = 0Number of asset objects unloaded after import = 1

========================================================================
Received Import Request.
  Time since last request: 0.000013 seconds.
  path: Assets/Flooded_Grounds/Content/Meshes/mBuildings/mIndBuilding1/IndBuilding1_Base_Cor_A.fbx
  artifactKey: Guid(53315c10acc304a4299be988e799a78b) Importer(2089858483,b0f066a214c2f5e87bad3c948f4d605d)
Start importing Assets/Flooded_Grounds/Content/Meshes/mBuildings/mIndBuilding1/IndBuilding1_Base_Cor_A.fbx using Guid(53315c10acc304a4299be988e799a78b) Importer(2089858483,b0f066a214c2f5e87bad3c948f4d605d) (ScriptedImporter) -> (artifact id: 'fa83b8f8ef0a43d6bf100713fcfd4238') in 0.0129269 seconds
Number of updated asset objects reloaded before import = 0Number of asset objects unloaded after import = 7

========================================================================
Received Import Request.
  Time since last request: 0.000017 seconds.
  path: Assets/Flooded_Grounds/Prefabs/Buildings/Structures1/Struct_BillBoard_A.prefab
  artifactKey: Guid(96d3d3f155ce5f945b77b4bfd101f7c3) Importer(2089858483,b0f066a214c2f5e87bad3c948f4d605d)
Start importing Assets/Flooded_Grounds/Prefabs/Buildings/Structures1/Struct_BillBoard_A.prefab using Guid(96d3d3f155ce5f945b77b4bfd101f7c3) Importer(2089858483,b0f066a214c2f5e87bad3c948f4d605d) (ScriptedImporter) -> (artifact id: '18488bf37c5bd86545f2130185c283e5') in 0.0101143 seconds
Number of updated asset objects reloaded before import = 0Number of asset objects unloaded after import = 23

========================================================================
Received Import Request.
  Time since last request: 0.000012 seconds.
  path: Assets/Flooded_Grounds/PostProcessing/Runtime/Components/ChromaticAberrationComponent.cs
  artifactKey: Guid(b9c65642df654a84d84ded1b07448a4c) Importer(2089858483,b0f066a214c2f5e87bad3c948f4d605d)
Start importing Assets/Flooded_Grounds/PostProcessing/Runtime/Components/ChromaticAberrationComponent.cs using Guid(b9c65642df654a84d84ded1b07448a4c) Importer(2089858483,b0f066a214c2f5e87bad3c948f4d605d) (ScriptedImporter) -> (artifact id: '3d4bdad9dcee0e6926e2834835704d68') in 0.0083304 seconds
Number of updated asset objects reloaded before import = 0Number of asset objects unloaded after import = 0

========================================================================
Received Import Request.
  Time since last request: 0.000020 seconds.
  path: Assets/Flooded_Grounds/Prefabs/Atmospherics/ATM_Leaves_A.prefab
  artifactKey: Guid(0d4dd2e060f00094f90a86962c2a13a4) Importer(2089858483,b0f066a214c2f5e87bad3c948f4d605d)
Start importing Assets/Flooded_Grounds/Prefabs/Atmospherics/ATM_Leaves_A.prefab using Guid(0d4dd2e060f00094f90a86962c2a13a4) Importer(2089858483,b0f066a214c2f5e87bad3c948f4d605d) (ScriptedImporter) -> (artifact id: 'e3d17047c3c4c71dcae3770bbbdbda95') in 0.0553552 seconds
Number of updated asset objects reloaded before import = 0Number of asset objects unloaded after import = 6

========================================================================
Received Import Request.
  Time since last request: 0.000019 seconds.
  path: Assets/Flooded_Grounds/Prefabs/Buildings/Villa1/Villa1_Wall_Cor_A.prefab
  artifactKey: Guid(f75c1a412cade5e44931c36aad22a16c) Importer(2089858483,b0f066a214c2f5e87bad3c948f4d605d)
Start importing Assets/Flooded_Grounds/Prefabs/Buildings/Villa1/Villa1_Wall_Cor_A.prefab using Guid(f75c1a412cade5e44931c36aad22a16c) Importer(2089858483,b0f066a214c2f5e87bad3c948f4d605d) (ScriptedImporter) -> (artifact id: 'd97f78edf47919a88d698bc4eb879ec8') in 0.0114743 seconds
Number of updated asset objects reloaded before import = 0Number of asset objects unloaded after import = 9

========================================================================
Received Import Request.
  Time since last request: 0.000028 seconds.
  path: Assets/Flooded_Grounds/Content/Meshes/mBuildings/mStructures/Pavement2_End_A.fbx
  artifactKey: Guid(19168a2efac778e44bb83444416d1fb0) Importer(2089858483,b0f066a214c2f5e87bad3c948f4d605d)
Start importing Assets/Flooded_Grounds/Content/Meshes/mBuildings/mStructures/Pavement2_End_A.fbx using Guid(19168a2efac778e44bb83444416d1fb0) Importer(2089858483,b0f066a214c2f5e87bad3c948f4d605d) (ScriptedImporter) -> (artifact id: 'e683efa16c9b8bc0a33b9270ee11dbf0') in 0.0121565 seconds
Number of updated asset objects reloaded before import = 0Number of asset objects unloaded after import = 7

========================================================================
Received Import Request.
  Time since last request: 0.000016 seconds.
  path: Assets/Flooded_Grounds/Content/Meshes/mNature/mRocks/lo_CobbleRock_E.fbx
  artifactKey: Guid(febb57be43178314099a670e6907c6b2) Importer(2089858483,b0f066a214c2f5e87bad3c948f4d605d)
Start importing Assets/Flooded_Grounds/Content/Meshes/mNature/mRocks/lo_CobbleRock_E.fbx using Guid(febb57be43178314099a670e6907c6b2) Importer(2089858483,b0f066a214c2f5e87bad3c948f4d605d) (ScriptedImporter) -> (artifact id: '34f27edd7ec62b89461daa9bfc8e1fea') in 0.0141875 seconds
Number of updated asset objects reloaded before import = 0Number of asset objects unloaded after import = 20

========================================================================
Received Import Request.
  Time since last request: 0.000014 seconds.
  path: Assets/Flooded_Grounds/Prefabs/Buildings/Structures1/Struct_RadioTower_A.prefab
  artifactKey: Guid(adcec9e4c6de5ab48a16647625892f54) Importer(2089858483,b0f066a214c2f5e87bad3c948f4d605d)
Start importing Assets/Flooded_Grounds/Prefabs/Buildings/Structures1/Struct_RadioTower_A.prefab using Guid(adcec9e4c6de5ab48a16647625892f54) Importer(2089858483,b0f066a214c2f5e87bad3c948f4d605d) (ScriptedImporter) -> (artifact id: '1c5c09434570acb0cddd0a221656f278') in 0.0118766 seconds
Number of updated asset objects reloaded before import = 0Number of asset objects unloaded after import = 23

========================================================================
Received Import Request.
  Time since last request: 0.000019 seconds.
  path: Assets/Flooded_Grounds/Prefabs/Buildings/IndBuilding2/IndBuilding2_End_B.prefab
  artifactKey: Guid(842d775d6e152ef498552214c932285f) Importer(2089858483,b0f066a214c2f5e87bad3c948f4d605d)
Start importing Assets/Flooded_Grounds/Prefabs/Buildings/IndBuilding2/IndBuilding2_End_B.prefab using Guid(842d775d6e152ef498552214c932285f) Importer(2089858483,b0f066a214c2f5e87bad3c948f4d605d) (ScriptedImporter) -> (artifact id: '6a76a68f5b3efa2a6aac60c50d1fc0de') in 0.0125207 seconds
Number of updated asset objects reloaded before import = 0Number of asset objects unloaded after import = 10

========================================================================
Received Import Request.
  Time since last request: 0.000012 seconds.
  path: Assets/Flooded_Grounds/Content/Textures/PROP_Cabinets1_AO.tif
  artifactKey: Guid(6627e89c3fefb9447a70a542c29e66e4) Importer(2089858483,b0f066a214c2f5e87bad3c948f4d605d)
Start importing Assets/Flooded_Grounds/Content/Textures/PROP_Cabinets1_AO.tif using Guid(6627e89c3fefb9447a70a542c29e66e4) Importer(2089858483,b0f066a214c2f5e87bad3c948f4d605d) (ScriptedImporter) -> (artifact id: 'af176401f789fa420aa051cc10e8732b') in 0.0117756 seconds
Number of updated asset objects reloaded before import = 0Number of asset objects unloaded after import = 1

========================================================================
Received Import Request.
  Time since last request: 0.000020 seconds.
  path: Assets/Flooded_Grounds/Prefabs/Buildings/Villa1/Villa1_Deco_Handrail1_Mid_A.prefab
  artifactKey: Guid(3f034e995143d7c48aceeca0168460c0) Importer(2089858483,b0f066a214c2f5e87bad3c948f4d605d)
Start importing Assets/Flooded_Grounds/Prefabs/Buildings/Villa1/Villa1_Deco_Handrail1_Mid_A.prefab using Guid(3f034e995143d7c48aceeca0168460c0) Importer(2089858483,b0f066a214c2f5e87bad3c948f4d605d) (ScriptedImporter) -> (artifact id: '3e514a0b24b91943e95e650733c619a7') in 0.0106379 seconds
Number of updated asset objects reloaded before import = 0Number of asset objects unloaded after import = 9

========================================================================
Received Import Request.
  Time since last request: 0.000024 seconds.
  path: Assets/Flooded_Grounds/Content/Meshes/mProps/lo_Prop_Bed_B.fbx
  artifactKey: Guid(e6d647b65c8b6b74090c58f977304baf) Importer(2089858483,b0f066a214c2f5e87bad3c948f4d605d)
Start importing Assets/Flooded_Grounds/Content/Meshes/mProps/lo_Prop_Bed_B.fbx using Guid(e6d647b65c8b6b74090c58f977304baf) Importer(2089858483,b0f066a214c2f5e87bad3c948f4d605d) (ScriptedImporter) -> (artifact id: 'ddcd996127ed507c20a1d6ef4d5dc700') in 0.0125766 seconds
Number of updated asset objects reloaded before import = 0Number of asset objects unloaded after import = 15

========================================================================
Received Import Request.
  Time since last request: 0.000020 seconds.
  path: Assets/Flooded_Grounds/Prefabs/Nature
  artifactKey: Guid(0878710220c7c464898af89ad4d731b2) Importer(2089858483,b0f066a214c2f5e87bad3c948f4d605d)
Start importing Assets/Flooded_Grounds/Prefabs/Nature using Guid(0878710220c7c464898af89ad4d731b2) Importer(2089858483,b0f066a214c2f5e87bad3c948f4d605d) (ScriptedImporter) -> (artifact id: 'fd79597055ffeb7397accd8ad7c0a810') in 0.0081046 seconds
Number of updated asset objects reloaded before import = 0Number of asset objects unloaded after import = 1

========================================================================
Received Import Request.
  Time since last request: 0.000013 seconds.
  path: Assets/Flooded_Grounds/Content/Materials/ATM_HaloRing.mat
  artifactKey: Guid(5d9f771ba477048468247073bc8ad533) Importer(2089858483,b0f066a214c2f5e87bad3c948f4d605d)
Start importing Assets/Flooded_Grounds/Content/Materials/ATM_HaloRing.mat using Guid(5d9f771ba477048468247073bc8ad533) Importer(2089858483,b0f066a214c2f5e87bad3c948f4d605d) (ScriptedImporter) -> (artifact id: 'cf3ec22b3f8bfdcc48660fb9a58e0087') in 0.0090975 seconds
Number of updated asset objects reloaded before import = 0Number of asset objects unloaded after import = 1

========================================================================
Received Import Request.
  Time since last request: 0.000017 seconds.
  path: Assets/Flooded_Grounds/Prefabs/Helpers/_BLOCKERCUBE.prefab
  artifactKey: Guid(4884e3768e9a2544a85d07afad356d87) Importer(2089858483,b0f066a214c2f5e87bad3c948f4d605d)
Start importing Assets/Flooded_Grounds/Prefabs/Helpers/_BLOCKERCUBE.prefab using Guid(4884e3768e9a2544a85d07afad356d87) Importer(2089858483,b0f066a214c2f5e87bad3c948f4d605d) (ScriptedImporter) -> (artifact id: 'f8cc9e6d0948b7a91bd749998f8f9fab') in 0.0106827 seconds
Number of updated asset objects reloaded before import = 0Number of asset objects unloaded after import = 10

========================================================================
Received Import Request.
  Time since last request: 0.000018 seconds.
  path: Assets/Flooded_Grounds/Content/Textures/PROP_SmallProps2_MS.tif
  artifactKey: Guid(da65dce0b6d460841870d71100057241) Importer(2089858483,b0f066a214c2f5e87bad3c948f4d605d)
Start importing Assets/Flooded_Grounds/Content/Textures/PROP_SmallProps2_MS.tif using Guid(da65dce0b6d460841870d71100057241) Importer(2089858483,b0f066a214c2f5e87bad3c948f4d605d) (ScriptedImporter) -> (artifact id: '0341884b14098cac3668972d52ec8f35') in 0.0101982 seconds
Number of updated asset objects reloaded before import = 0Number of asset objects unloaded after import = 1

========================================================================
Received Import Request.
  Time since last request: 0.000013 seconds.
  path: Assets/Flooded_Grounds/Content/Meshes/mBuildings/mBrickHouse/BrickHouse_Floor_Mid_A_DM_B.fbx
  artifactKey: Guid(d98081a7d2d7c444bb1ae9bfd4d41051) Importer(2089858483,b0f066a214c2f5e87bad3c948f4d605d)
Start importing Assets/Flooded_Grounds/Content/Meshes/mBuildings/mBrickHouse/BrickHouse_Floor_Mid_A_DM_B.fbx using Guid(d98081a7d2d7c444bb1ae9bfd4d41051) Importer(2089858483,b0f066a214c2f5e87bad3c948f4d605d) (ScriptedImporter) -> (artifact id: 'a3b260495b3c0eace8ba9e699359b11f') in 0.0101921 seconds
Number of updated asset objects reloaded before import = 0Number of asset objects unloaded after import = 7

========================================================================
Received Import Request.
  Time since last request: 0.000017 seconds.
  path: Assets/Flooded_Grounds/Prefabs/Buildings/Villa1/Villa1_Wall_Int_B.prefab
  artifactKey: Guid(3f7bd70355e6e0646aad871c1e7859b5) Importer(2089858483,b0f066a214c2f5e87bad3c948f4d605d)
Start importing Assets/Flooded_Grounds/Prefabs/Buildings/Villa1/Villa1_Wall_Int_B.prefab using Guid(3f7bd70355e6e0646aad871c1e7859b5) Importer(2089858483,b0f066a214c2f5e87bad3c948f4d605d) (ScriptedImporter) -> (artifact id: '06c0665ff0e4dfff0a46faacb1b86705') in 0.0099345 seconds
Number of updated asset objects reloaded before import = 0Number of asset objects unloaded after import = 9

========================================================================
Received Import Request.
  Time since last request: 0.000023 seconds.
  path: Assets/Flooded_Grounds/Prefabs/Nature/Rocks/Rock_A.prefab
  artifactKey: Guid(baca665bede9da446a5b7eccd6083735) Importer(2089858483,b0f066a214c2f5e87bad3c948f4d605d)
Start importing Assets/Flooded_Grounds/Prefabs/Nature/Rocks/Rock_A.prefab using Guid(baca665bede9da446a5b7eccd6083735) Importer(2089858483,b0f066a214c2f5e87bad3c948f4d605d) (ScriptedImporter) -> (artifact id: 'a7e9b78f41b2bba325b4cd14b3aa4923') in 0.009665 seconds
Number of updated asset objects reloaded before import = 0Number of asset objects unloaded after import = 23

========================================================================
Received Import Request.
  Time since last request: 0.000015 seconds.
  path: Assets/Flooded_Grounds/Content/Meshes/mBuildings/mBarns/Barn1_End_A.fbx
  artifactKey: Guid(a2cf4a75cf27e1840a8b0e443f74cf16) Importer(2089858483,b0f066a214c2f5e87bad3c948f4d605d)
Start importing Assets/Flooded_Grounds/Content/Meshes/mBuildings/mBarns/Barn1_End_A.fbx using Guid(a2cf4a75cf27e1840a8b0e443f74cf16) Importer(2089858483,b0f066a214c2f5e87bad3c948f4d605d) (ScriptedImporter) -> (artifact id: 'd91f84d7efea75f2cdf8a07a5f91b10a') in 0.0126862 seconds
Number of updated asset objects reloaded before import = 0Number of asset objects unloaded after import = 7

========================================================================
Received Import Request.
  Time since last request: 0.000015 seconds.
  path: Assets/Flooded_Grounds/PostProcessing/Runtime/Attributes/TrackballGroupAttribute.cs
  artifactKey: Guid(aa62a51ebe4821e4b89a64d267b30a27) Importer(2089858483,b0f066a214c2f5e87bad3c948f4d605d)
Start importing Assets/Flooded_Grounds/PostProcessing/Runtime/Attributes/TrackballGroupAttribute.cs using Guid(aa62a51ebe4821e4b89a64d267b30a27) Importer(2089858483,b0f066a214c2f5e87bad3c948f4d605d) (ScriptedImporter) -> (artifact id: '43b843ad967f89a8b642c593b102525e') in 0.0070959 seconds
Number of updated asset objects reloaded before import = 0Number of asset objects unloaded after import = 0

========================================================================
Received Import Request.
  Time since last request: 0.000015 seconds.
  path: Assets/Flooded_Grounds/Content/Meshes/mNature/mBushes/DecoBush_C.fbx
  artifactKey: Guid(2f0bb1032b48d5845966aa580a118718) Importer(2089858483,b0f066a214c2f5e87bad3c948f4d605d)
Start importing Assets/Flooded_Grounds/Content/Meshes/mNature/mBushes/DecoBush_C.fbx using Guid(2f0bb1032b48d5845966aa580a118718) Importer(2089858483,b0f066a214c2f5e87bad3c948f4d605d) (ScriptedImporter) -> (artifact id: '9e0db63544db7bf71592ff05c452b4a4') in 0.0099206 seconds
Number of updated asset objects reloaded before import = 0Number of asset objects unloaded after import = 7

========================================================================
Received Import Request.
  Time since last request: 0.000012 seconds.
  path: Assets/Flooded_Grounds/Content/Sounds/Horn.mp3
  artifactKey: Guid(560cd90a01d7d4040bfc37a476b2a7a3) Importer(2089858483,b0f066a214c2f5e87bad3c948f4d605d)
Start importing Assets/Flooded_Grounds/Content/Sounds/Horn.mp3 using Guid(560cd90a01d7d4040bfc37a476b2a7a3) Importer(2089858483,b0f066a214c2f5e87bad3c948f4d605d) (ScriptedImporter) -> (artifact id: '8ca621b26c01eb84f6ecb9de40d2a7f3') in 0.0318103 seconds
Number of updated asset objects reloaded before import = 0Number of asset objects unloaded after import = 1

========================================================================
Received Import Request.
  Time since last request: 0.000015 seconds.
  path: Assets/Flooded_Grounds/Prefabs/Buildings/Villa1/Villa1_Ext_B.prefab
  artifactKey: Guid(4415536e331f8864c8582faaf82f5fb4) Importer(2089858483,b0f066a214c2f5e87bad3c948f4d605d)
Start importing Assets/Flooded_Grounds/Prefabs/Buildings/Villa1/Villa1_Ext_B.prefab using Guid(4415536e331f8864c8582faaf82f5fb4) Importer(2089858483,b0f066a214c2f5e87bad3c948f4d605d) (ScriptedImporter) -> (artifact id: '8e09055ff34eb5aa5d40c2e87601434d') in 0.0123836 seconds
Number of updated asset objects reloaded before import = 0Number of asset objects unloaded after import = 10

========================================================================
Received Import Request.
  Time since last request: 0.000021 seconds.
  path: Assets/Flooded_Grounds/Prefabs/Atmospherics/ATM_InteriorDust.prefab
  artifactKey: Guid(198a7384312e9d7418c7d2b63e402e12) Importer(2089858483,b0f066a214c2f5e87bad3c948f4d605d)
Start importing Assets/Flooded_Grounds/Prefabs/Atmospherics/ATM_InteriorDust.prefab using Guid(198a7384312e9d7418c7d2b63e402e12) Importer(2089858483,b0f066a214c2f5e87bad3c948f4d605d) (ScriptedImporter) -> (artifact id: '9be5eeb5b0011e6bb95d06750a3e02f4') in 0.0198267 seconds
Number of updated asset objects reloaded before import = 0Number of asset objects unloaded after import = 6

========================================================================
Received Import Request.
  Time since last request: 0.000024 seconds.
  path: Assets/Flooded_Grounds/Prefabs/Nature/Trees/TreeCreator_Tall_A_Textures/diffuse.png
  artifactKey: Guid(1966f9ae5febdc34ca429301320231b2) Importer(2089858483,b0f066a214c2f5e87bad3c948f4d605d)
Start importing Assets/Flooded_Grounds/Prefabs/Nature/Trees/TreeCreator_Tall_A_Textures/diffuse.png using Guid(1966f9ae5febdc34ca429301320231b2) Importer(2089858483,b0f066a214c2f5e87bad3c948f4d605d) (ScriptedImporter) -> (artifact id: 'b6bc4965700736ee1e4bb8368de34b87') in 0.0099269 seconds
Number of updated asset objects reloaded before import = 0Number of asset objects unloaded after import = 1

========================================================================
Received Import Request.
  Time since last request: 0.000014 seconds.
  path: Assets/Flooded_Grounds/Content/Meshes/mNature/mGrass/Grass_Tall_A.fbx
  artifactKey: Guid(915f7876f4eb358428d2380c41211be1) Importer(2089858483,b0f066a214c2f5e87bad3c948f4d605d)
Start importing Assets/Flooded_Grounds/Content/Meshes/mNature/mGrass/Grass_Tall_A.fbx using Guid(915f7876f4eb358428d2380c41211be1) Importer(2089858483,b0f066a214c2f5e87bad3c948f4d605d) (ScriptedImporter) -> (artifact id: '08fc7ccd8d79cf93602c77d5c49491f3') in 0.0109856 seconds
Number of updated asset objects reloaded before import = 0Number of asset objects unloaded after import = 7

========================================================================
Received Import Request.
  Time since last request: 0.000015 seconds.
  path: Assets/Flooded_Grounds/Content/Meshes/mBuildings/mStructures/Struct_Pole_B.fbx
  artifactKey: Guid(db905d3f52ce4864c96f7b4d967faf08) Importer(2089858483,b0f066a214c2f5e87bad3c948f4d605d)
Start importing Assets/Flooded_Grounds/Content/Meshes/mBuildings/mStructures/Struct_Pole_B.fbx using Guid(db905d3f52ce4864c96f7b4d967faf08) Importer(2089858483,b0f066a214c2f5e87bad3c948f4d605d) (ScriptedImporter) -> (artifact id: '9287767ce08ee00936fd65bcb405a98c') in 0.012049 seconds
Number of updated asset objects reloaded before import = 0Number of asset objects unloaded after import = 15

========================================================================
Received Import Request.
  Time since last request: 0.000015 seconds.
  path: Assets/Flooded_Grounds/Content/Meshes/mBuildings/mIndBuilding1/IndBuilding1_Wall_Mid_D.fbx
  artifactKey: Guid(6080293385a3d184a9ab5e25fe3ab947) Importer(2089858483,b0f066a214c2f5e87bad3c948f4d605d)
Start importing Assets/Flooded_Grounds/Content/Meshes/mBuildings/mIndBuilding1/IndBuilding1_Wall_Mid_D.fbx using Guid(6080293385a3d184a9ab5e25fe3ab947) Importer(2089858483,b0f066a214c2f5e87bad3c948f4d605d) (ScriptedImporter) -> (artifact id: '9d896984cbaa9a3cf797a37179953fc2') in 0.0097243 seconds
Number of updated asset objects reloaded before import = 0Number of asset objects unloaded after import = 7

========================================================================
Received Import Request.
  Time since last request: 0.000015 seconds.
  path: Assets/Flooded_Grounds/PostProcessing/Resources/Bluenoise64/LDR_LLL1_49.png
  artifactKey: Guid(3f7c3687170b90e4a8d2ee6b142670f4) Importer(2089858483,b0f066a214c2f5e87bad3c948f4d605d)
Start importing Assets/Flooded_Grounds/PostProcessing/Resources/Bluenoise64/LDR_LLL1_49.png using Guid(3f7c3687170b90e4a8d2ee6b142670f4) Importer(2089858483,b0f066a214c2f5e87bad3c948f4d605d) (ScriptedImporter) -> (artifact id: '8d130b15fbd59094900160c8751260b2') in 0.0097969 seconds
Number of updated asset objects reloaded before import = 0Number of asset objects unloaded after import = 1

========================================================================
Received Import Request.
  Time since last request: 0.000015 seconds.
  path: Assets/Flooded_Grounds/Content/Textures/NAT_Rocks1_N.tif
  artifactKey: Guid(2117563aa4734404896b4c68eb7a4371) Importer(2089858483,b0f066a214c2f5e87bad3c948f4d605d)
Start importing Assets/Flooded_Grounds/Content/Textures/NAT_Rocks1_N.tif using Guid(2117563aa4734404896b4c68eb7a4371) Importer(2089858483,b0f066a214c2f5e87bad3c948f4d605d) (ScriptedImporter) -> (artifact id: 'd7b6cc78dc1678daa3861b30f2f1fd38') in 0.010122 seconds
Number of updated asset objects reloaded before import = 0Number of asset objects unloaded after import = 1

========================================================================
Received Import Request.
  Time since last request: 0.000017 seconds.
  path: Assets/Flooded_Grounds/Prefabs/Props/Prop_ChurchBench_A_DM.prefab
  artifactKey: Guid(fe816015a58e629439b27ecca9cdb110) Importer(2089858483,b0f066a214c2f5e87bad3c948f4d605d)
Start importing Assets/Flooded_Grounds/Prefabs/Props/Prop_ChurchBench_A_DM.prefab using Guid(fe816015a58e629439b27ecca9cdb110) Importer(2089858483,b0f066a214c2f5e87bad3c948f4d605d) (ScriptedImporter) -> (artifact id: 'adc3e4dffe96d6acf6aecb6691aaac1e') in 0.0088113 seconds
Number of updated asset objects reloaded before import = 0Number of asset objects unloaded after import = 17

========================================================================
Received Import Request.
  Time since last request: 0.000024 seconds.
  path: Assets/Flooded_Grounds/Content/Meshes/mProps/lo_Prop_Car1_DM.fbx
  artifactKey: Guid(8acc190dad5b9744fab16f0792a78ac1) Importer(2089858483,b0f066a214c2f5e87bad3c948f4d605d)
Start importing Assets/Flooded_Grounds/Content/Meshes/mProps/lo_Prop_Car1_DM.fbx using Guid(8acc190dad5b9744fab16f0792a78ac1) Importer(2089858483,b0f066a214c2f5e87bad3c948f4d605d) (ScriptedImporter) -> (artifact id: '3783b9b213fb3bcee3b4604ddb2c44ca') in 0.0203357 seconds
Number of updated asset objects reloaded before import = 0Number of asset objects unloaded after import = 20

========================================================================
Received Import Request.
  Time since last request: 0.000014 seconds.
  path: Assets/Flooded_Grounds/Content/Meshes/mBuildings/mStructures/Struct_Fence2_Mid_A_DM.fbx
  artifactKey: Guid(6a471e0b8738ece42b18be99f7b29ae5) Importer(2089858483,b0f066a214c2f5e87bad3c948f4d605d)
Start importing Assets/Flooded_Grounds/Content/Meshes/mBuildings/mStructures/Struct_Fence2_Mid_A_DM.fbx using Guid(6a471e0b8738ece42b18be99f7b29ae5) Importer(2089858483,b0f066a214c2f5e87bad3c948f4d605d) (ScriptedImporter) -> (artifact id: '4a8b8fae114ce9a0826ffb3867c21336') in 0.0097661 seconds
Number of updated asset objects reloaded before import = 0Number of asset objects unloaded after import = 7

========================================================================
Received Import Request.
  Time since last request: 0.000015 seconds.
  path: Assets/Flooded_Grounds/Content/Meshes/mBuildings/mStructures/Struct_Pole_B_COL.fbx
  artifactKey: Guid(a01ba4ce8ab06a74480aef96f0c99085) Importer(2089858483,b0f066a214c2f5e87bad3c948f4d605d)
Start importing Assets/Flooded_Grounds/Content/Meshes/mBuildings/mStructures/Struct_Pole_B_COL.fbx using Guid(a01ba4ce8ab06a74480aef96f0c99085) Importer(2089858483,b0f066a214c2f5e87bad3c948f4d605d) (ScriptedImporter) -> (artifact id: 'f21209315920a2b94c43c375308d772c') in 0.0108143 seconds
Number of updated asset objects reloaded before import = 0Number of asset objects unloaded after import = 7

========================================================================
Received Import Request.
  Time since last request: 0.000013 seconds.
  path: Assets/Flooded_Grounds/Content/Meshes/mBuildings/mChurches/Church1_Deco_WindowGlass_A.fbx
  artifactKey: Guid(66d3715e68a763948ac6ef71a68f5e38) Importer(2089858483,b0f066a214c2f5e87bad3c948f4d605d)
Start importing Assets/Flooded_Grounds/Content/Meshes/mBuildings/mChurches/Church1_Deco_WindowGlass_A.fbx using Guid(66d3715e68a763948ac6ef71a68f5e38) Importer(2089858483,b0f066a214c2f5e87bad3c948f4d605d) (ScriptedImporter) -> (artifact id: 'ee4dc84395443075ca1f507caeec21ff') in 0.010496 seconds
Number of updated asset objects reloaded before import = 0Number of asset objects unloaded after import = 7

========================================================================
Received Import Request.
  Time since last request: 0.000014 seconds.
  path: Assets/Flooded_Grounds/Content/Meshes/mBuildings/mVilla2/Villa2_Wall_Ext_A_COL.fbx
  artifactKey: Guid(1182b798a2fdbcc41ab391b565c18417) Importer(2089858483,b0f066a214c2f5e87bad3c948f4d605d)
Start importing Assets/Flooded_Grounds/Content/Meshes/mBuildings/mVilla2/Villa2_Wall_Ext_A_COL.fbx using Guid(1182b798a2fdbcc41ab391b565c18417) Importer(2089858483,b0f066a214c2f5e87bad3c948f4d605d) (ScriptedImporter) -> (artifact id: 'b0718b7dbd8fb4f61ed8379264530927') in 0.0107688 seconds
Number of updated asset objects reloaded before import = 0Number of asset objects unloaded after import = 7

========================================================================
Received Import Request.
  Time since last request: 0.000016 seconds.
  path: Assets/Flooded_Grounds/Content/Meshes/mBuildings/mChurches/Church1_Door_C.fbx
  artifactKey: Guid(03a195876f0eda54098b8eeedf2c5d73) Importer(2089858483,b0f066a214c2f5e87bad3c948f4d605d)
Start importing Assets/Flooded_Grounds/Content/Meshes/mBuildings/mChurches/Church1_Door_C.fbx using Guid(03a195876f0eda54098b8eeedf2c5d73) Importer(2089858483,b0f066a214c2f5e87bad3c948f4d605d) (ScriptedImporter) -> (artifact id: '93b6c55d51a68aaceb7683899539f72b') in 0.0114265 seconds
Number of updated asset objects reloaded before import = 0Number of asset objects unloaded after import = 7

========================================================================
Received Import Request.
  Time since last request: 0.000016 seconds.
  path: Assets/Flooded_Grounds/Prefabs/Buildings/Barns/Barn1_Mid_A.prefab
  artifactKey: Guid(cd244ec18c5216249a6ae8df087ef34d) Importer(2089858483,b0f066a214c2f5e87bad3c948f4d605d)
Start importing Assets/Flooded_Grounds/Prefabs/Buildings/Barns/Barn1_Mid_A.prefab using Guid(cd244ec18c5216249a6ae8df087ef34d) Importer(2089858483,b0f066a214c2f5e87bad3c948f4d605d) (ScriptedImporter) -> (artifact id: '24ecac74dc0fbdad7e16d13dc6667297') in 0.0108651 seconds
Number of updated asset objects reloaded before import = 0Number of asset objects unloaded after import = 10

========================================================================
Received Import Request.
  Time since last request: 0.000021 seconds.
  path: Assets/Flooded_Grounds/Prefabs/Buildings/Churches/Church1_End_B.prefab
  artifactKey: Guid(19d091357490f6840bc24462233284ae) Importer(2089858483,b0f066a214c2f5e87bad3c948f4d605d)
Start importing Assets/Flooded_Grounds/Prefabs/Buildings/Churches/Church1_End_B.prefab using Guid(19d091357490f6840bc24462233284ae) Importer(2089858483,b0f066a214c2f5e87bad3c948f4d605d) (ScriptedImporter) -> (artifact id: '3692445a71b3ea1ef539ac189e00e27a') in 0.0112586 seconds
Number of updated asset objects reloaded before import = 0Number of asset objects unloaded after import = 9

========================================================================
Received Import Request.
  Time since last request: 0.000016 seconds.
  path: Assets/Flooded_Grounds/Content/Meshes/mBuildings/mVilla2/Villa2_Door_B.fbx
  artifactKey: Guid(0ab1761d299356746bb96e12c877788a) Importer(2089858483,b0f066a214c2f5e87bad3c948f4d605d)
Start importing Assets/Flooded_Grounds/Content/Meshes/mBuildings/mVilla2/Villa2_Door_B.fbx using Guid(0ab1761d299356746bb96e12c877788a) Importer(2089858483,b0f066a214c2f5e87bad3c948f4d605d) (ScriptedImporter) -> (artifact id: 'ff9d520ef7912d5339185cc43d57b25f') in 0.0132525 seconds
Number of updated asset objects reloaded before import = 0Number of asset objects unloaded after import = 7

========================================================================
Received Import Request.
  Time since last request: 0.000014 seconds.
  path: Assets/Flooded_Grounds/Content/Meshes/mHelpers/HumanScale.fbx
  artifactKey: Guid(34994d1b2ee76914f84faad1b7904b47) Importer(2089858483,b0f066a214c2f5e87bad3c948f4d605d)
Start importing Assets/Flooded_Grounds/Content/Meshes/mHelpers/HumanScale.fbx using Guid(34994d1b2ee76914f84faad1b7904b47) Importer(2089858483,b0f066a214c2f5e87bad3c948f4d605d) (ScriptedImporter) -> (artifact id: '616f5706b30ad9ea56b977ff977fed45') in 0.0112791 seconds
Number of updated asset objects reloaded before import = 0Number of asset objects unloaded after import = 7

========================================================================
Received Import Request.
  Time since last request: 0.000015 seconds.
  path: Assets/Flooded_Grounds/PostProcessing/Utilities/CustomMotionTexture/Materials
  artifactKey: Guid(c4b2008f2662a41e587c4351609053c4) Importer(2089858483,b0f066a214c2f5e87bad3c948f4d605d)
Start importing Assets/Flooded_Grounds/PostProcessing/Utilities/CustomMotionTexture/Materials using Guid(c4b2008f2662a41e587c4351609053c4) Importer(2089858483,b0f066a214c2f5e87bad3c948f4d605d) (ScriptedImporter) -> (artifact id: '8ac33776517183c0dd5d9fc7a4c805f1') in 0.0073084 seconds
Number of updated asset objects reloaded before import = 0Number of asset objects unloaded after import = 1

========================================================================
Received Import Request.
  Time since last request: 0.000012 seconds.
  path: Assets/Flooded_Grounds/Prefabs/Nature/Trees/TreeCreator_Tall_C_Dead_Textures/translucency_gloss.png
  artifactKey: Guid(424ab9cb242d0834f9415f007e2bebcf) Importer(2089858483,b0f066a214c2f5e87bad3c948f4d605d)
Start importing Assets/Flooded_Grounds/Prefabs/Nature/Trees/TreeCreator_Tall_C_Dead_Textures/translucency_gloss.png using Guid(424ab9cb242d0834f9415f007e2bebcf) Importer(2089858483,b0f066a214c2f5e87bad3c948f4d605d) (ScriptedImporter) -> (artifact id: '7fa9384e130cf375cc24fe7f6ee20537') in 0.0112162 seconds
Number of updated asset objects reloaded before import = 0Number of asset objects unloaded after import = 1

========================================================================
Received Import Request.
  Time since last request: 0.000012 seconds.
  path: Assets/Flooded_Grounds/Content/Meshes/mAtmospherics
  artifactKey: Guid(805487a4f422dd54f85bfd0809259a64) Importer(2089858483,b0f066a214c2f5e87bad3c948f4d605d)
Start importing Assets/Flooded_Grounds/Content/Meshes/mAtmospherics using Guid(805487a4f422dd54f85bfd0809259a64) Importer(2089858483,b0f066a214c2f5e87bad3c948f4d605d) (ScriptedImporter) -> (artifact id: 'c4a35ff146f124653e73a8016b8d8f2b') in 0.0068274 seconds
Number of updated asset objects reloaded before import = 0Number of asset objects unloaded after import = 1

========================================================================
Received Import Request.
  Time since last request: 0.000013 seconds.
  path: Assets/Flooded_Grounds/Prefabs/Nature/Grass/Grass_Tall_A.prefab
  artifactKey: Guid(303e052397d101d4593b4a0653331030) Importer(2089858483,b0f066a214c2f5e87bad3c948f4d605d)
Start importing Assets/Flooded_Grounds/Prefabs/Nature/Grass/Grass_Tall_A.prefab using Guid(303e052397d101d4593b4a0653331030) Importer(2089858483,b0f066a214c2f5e87bad3c948f4d605d) (ScriptedImporter) -> (artifact id: '6fc92d68c2a6e97f616abd4cab9cce40') in 0.0104645 seconds
Number of updated asset objects reloaded before import = 0Number of asset objects unloaded after import = 8

========================================================================
Received Import Request.
  Time since last request: 0.000022 seconds.
  path: Assets/Flooded_Grounds/Content/Meshes/mBuildings/mStructures/Struct_FlowerBox_A.fbx
  artifactKey: Guid(0bcaa992920b03e46be6f4bb603d9f03) Importer(2089858483,b0f066a214c2f5e87bad3c948f4d605d)
Start importing Assets/Flooded_Grounds/Content/Meshes/mBuildings/mStructures/Struct_FlowerBox_A.fbx using Guid(0bcaa992920b03e46be6f4bb603d9f03) Importer(2089858483,b0f066a214c2f5e87bad3c948f4d605d) (ScriptedImporter) -> (artifact id: '4c80cb65a080df4004d66de02a2121a9') in 0.0094832 seconds
Number of updated asset objects reloaded before import = 0Number of asset objects unloaded after import = 7

========================================================================
Received Import Request.
  Time since last request: 0.000013 seconds.
  path: Assets/Flooded_Grounds/Content/Materials/BLD_Doors1.mat
  artifactKey: Guid(7a8d6bb394f243445b9377162ba792a8) Importer(2089858483,b0f066a214c2f5e87bad3c948f4d605d)
Start importing Assets/Flooded_Grounds/Content/Materials/BLD_Doors1.mat using Guid(7a8d6bb394f243445b9377162ba792a8) Importer(2089858483,b0f066a214c2f5e87bad3c948f4d605d) (ScriptedImporter) -> (artifact id: '07e561bf9a610b8f4c045e60ab59c7a0') in 0.0192639 seconds
Number of updated asset objects reloaded before import = 0Number of asset objects unloaded after import = 6

========================================================================
Received Import Request.
  Time since last request: 0.000009 seconds.
  path: Assets/Flooded_Grounds/Content/Trees/SrcMeshes/Materials/No Name.mat
  artifactKey: Guid(9b287fc6ac746294ab90a1dd4ec5e9d9) Importer(2089858483,b0f066a214c2f5e87bad3c948f4d605d)
Start importing Assets/Flooded_Grounds/Content/Trees/SrcMeshes/Materials/No Name.mat using Guid(9b287fc6ac746294ab90a1dd4ec5e9d9) Importer(2089858483,b0f066a214c2f5e87bad3c948f4d605d) (ScriptedImporter) -> (artifact id: 'cc78fef879893af05707696836a29ce1') in 0.0105328 seconds
Number of updated asset objects reloaded before import = 0Number of asset objects unloaded after import = 1

========================================================================
Received Import Request.
  Time since last request: 0.000013 seconds.
  path: Assets/Flooded_Grounds/Prefabs/Buildings/Structures1/Struct_FloodWall_B.prefab
  artifactKey: Guid(d42b314579688ac45a9ba43cf3b4e760) Importer(2089858483,b0f066a214c2f5e87bad3c948f4d605d)
Start importing Assets/Flooded_Grounds/Prefabs/Buildings/Structures1/Struct_FloodWall_B.prefab using Guid(d42b314579688ac45a9ba43cf3b4e760) Importer(2089858483,b0f066a214c2f5e87bad3c948f4d605d) (ScriptedImporter) -> (artifact id: 'ce9f302a5f43ce82366e9023f0ad79fb') in 0.011322 seconds
Number of updated asset objects reloaded before import = 0Number of asset objects unloaded after import = 23

========================================================================
Received Import Request.
  Time since last request: 0.000014 seconds.
  path: Assets/Flooded_Grounds/Prefabs/Props/Prop_ChurchBench_A.prefab
  artifactKey: Guid(51e1ec27a31e16a4ba99622c680fd8ec) Importer(2089858483,b0f066a214c2f5e87bad3c948f4d605d)
Start importing Assets/Flooded_Grounds/Prefabs/Props/Prop_ChurchBench_A.prefab using Guid(51e1ec27a31e16a4ba99622c680fd8ec) Importer(2089858483,b0f066a214c2f5e87bad3c948f4d605d) (ScriptedImporter) -> (artifact id: '0e9749b81be063b0897c2c709af22c0e') in 0.0082298 seconds
Number of updated asset objects reloaded before import = 0Number of asset objects unloaded after import = 17

========================================================================
Received Import Request.
  Time since last request: 0.000012 seconds.
  path: Assets/Flooded_Grounds/Prefabs/Buildings/Villa1/Villa1_Deco_WindowGlass_A.prefab
  artifactKey: Guid(15694160f3f4559468922f6c406043a6) Importer(2089858483,b0f066a214c2f5e87bad3c948f4d605d)
Start importing Assets/Flooded_Grounds/Prefabs/Buildings/Villa1/Villa1_Deco_WindowGlass_A.prefab using Guid(15694160f3f4559468922f6c406043a6) Importer(2089858483,b0f066a214c2f5e87bad3c948f4d605d) (ScriptedImporter) -> (artifact id: '2ab12f5743ca06bae0478067a1e1349d') in 0.0084026 seconds
Number of updated asset objects reloaded before import = 0Number of asset objects unloaded after import = 8

========================================================================
Received Import Request.
  Time since last request: 0.000014 seconds.
  path: Assets/Flooded_Grounds/PostProcessing/Resources/Shaders/AmbientOcclusion.shader
  artifactKey: Guid(e881ae5627d1cc84395303acfbca6fb2) Importer(2089858483,b0f066a214c2f5e87bad3c948f4d605d)
Start importing Assets/Flooded_Grounds/PostProcessing/Resources/Shaders/AmbientOcclusion.shader using Guid(e881ae5627d1cc84395303acfbca6fb2) Importer(2089858483,b0f066a214c2f5e87bad3c948f4d605d) (ScriptedImporter) -> (artifact id: '9f79991179337fa081d650319dc71417') in 0.0097375 seconds
Number of updated asset objects reloaded before import = 0Number of asset objects unloaded after import = 1

========================================================================
Received Import Request.
  Time since last request: 0.000023 seconds.
  path: Assets/Flooded_Grounds/PostProcessing/Resources/Bluenoise64/LDR_LLL1_56.png
  artifactKey: Guid(70f23eaf7d8ae9147aa542d20e93733b) Importer(2089858483,b0f066a214c2f5e87bad3c948f4d605d)
Start importing Assets/Flooded_Grounds/PostProcessing/Resources/Bluenoise64/LDR_LLL1_56.png using Guid(70f23eaf7d8ae9147aa542d20e93733b) Importer(2089858483,b0f066a214c2f5e87bad3c948f4d605d) (ScriptedImporter) -> (artifact id: '7dbbb26ad2320c5798a62b41fda6c1c5') in 0.0102589 seconds
Number of updated asset objects reloaded before import = 0Number of asset objects unloaded after import = 1

========================================================================
Received Import Request.
  Time since last request: 0.000014 seconds.
  path: Assets/Flooded_Grounds/Prefabs/Buildings/Villa2/Villa2_Wall_Cor_B.prefab
  artifactKey: Guid(26fea809091653d4c852426788e55284) Importer(2089858483,b0f066a214c2f5e87bad3c948f4d605d)
Start importing Assets/Flooded_Grounds/Prefabs/Buildings/Villa2/Villa2_Wall_Cor_B.prefab using Guid(26fea809091653d4c852426788e55284) Importer(2089858483,b0f066a214c2f5e87bad3c948f4d605d) (ScriptedImporter) -> (artifact id: '9ac0e5f314d47a64c06718d4443d42db') in 0.010256 seconds
Number of updated asset objects reloaded before import = 0Number of asset objects unloaded after import = 9

========================================================================
Received Import Request.
  Time since last request: 0.000015 seconds.
  path: Assets/Flooded_Grounds/PostProcessing/Resources/Shaders/EyeAdaptation.cginc
  artifactKey: Guid(d2f406cad28afda489b94594fb3ce0af) Importer(2089858483,b0f066a214c2f5e87bad3c948f4d605d)
Start importing Assets/Flooded_Grounds/PostProcessing/Resources/Shaders/EyeAdaptation.cginc using Guid(d2f406cad28afda489b94594fb3ce0af) Importer(2089858483,b0f066a214c2f5e87bad3c948f4d605d) (ScriptedImporter) -> (artifact id: '7a15bdefb12875560fd6577f56fb6cad') in 0.0074013 seconds
Number of updated asset objects reloaded before import = 0Number of asset objects unloaded after import = 1

========================================================================
Received Import Request.
  Time since last request: 0.000015 seconds.
  path: Assets/Flooded_Grounds/Content/Meshes/mBuildings/mBrickHouse/BrickHouse_Floor_End_A_DM_A.fbx
  artifactKey: Guid(211b8adf6e53d7f4f82c97942d870bac) Importer(2089858483,b0f066a214c2f5e87bad3c948f4d605d)
Start importing Assets/Flooded_Grounds/Content/Meshes/mBuildings/mBrickHouse/BrickHouse_Floor_End_A_DM_A.fbx using Guid(211b8adf6e53d7f4f82c97942d870bac) Importer(2089858483,b0f066a214c2f5e87bad3c948f4d605d) (ScriptedImporter) -> (artifact id: '50f24de4d8a08971c960013f1a29ac6b') in 0.0095591 seconds
Number of updated asset objects reloaded before import = 0Number of asset objects unloaded after import = 7

========================================================================
Received Import Request.
  Time since last request: 0.000016 seconds.
  path: Assets/Flooded_Grounds/Content/Meshes/mBuildings/mChurches/Church1_End_B.fbx
  artifactKey: Guid(c40947bb801a9d14495192a9b5700b3a) Importer(2089858483,b0f066a214c2f5e87bad3c948f4d605d)
Start importing Assets/Flooded_Grounds/Content/Meshes/mBuildings/mChurches/Church1_End_B.fbx using Guid(c40947bb801a9d14495192a9b5700b3a) Importer(2089858483,b0f066a214c2f5e87bad3c948f4d605d) (ScriptedImporter) -> (artifact id: '33c51cff928f9996ffd27086ba000e37') in 0.0116386 seconds
Number of updated asset objects reloaded before import = 0Number of asset objects unloaded after import = 7

========================================================================
Received Import Request.
  Time since last request: 0.000014 seconds.
  path: Assets/Flooded_Grounds/Content/Meshes/mBuildings/mIndBuilding1/IndBuilding1_Ext_A_COL.fbx
  artifactKey: Guid(1610de2cbbc29e14e8f305552fb5ecae) Importer(2089858483,b0f066a214c2f5e87bad3c948f4d605d)
Start importing Assets/Flooded_Grounds/Content/Meshes/mBuildings/mIndBuilding1/IndBuilding1_Ext_A_COL.fbx using Guid(1610de2cbbc29e14e8f305552fb5ecae) Importer(2089858483,b0f066a214c2f5e87bad3c948f4d605d) (ScriptedImporter) -> (artifact id: '4dd1290a1c67ed2c7b775c8b144d78ba') in 0.0104454 seconds
Number of updated asset objects reloaded before import = 0Number of asset objects unloaded after import = 7

========================================================================
Received Import Request.
  Time since last request: 0.000018 seconds.
  path: Assets/Flooded_Grounds/Content/Meshes/mBuildings/mCabins/Cabin1_DM.fbx
  artifactKey: Guid(7729cb95abf30e449a2f0bd9f6a94191) Importer(2089858483,b0f066a214c2f5e87bad3c948f4d605d)
Start importing Assets/Flooded_Grounds/Content/Meshes/mBuildings/mCabins/Cabin1_DM.fbx using Guid(7729cb95abf30e449a2f0bd9f6a94191) Importer(2089858483,b0f066a214c2f5e87bad3c948f4d605d) (ScriptedImporter) -> (artifact id: '610c8cb6d99fdbfd66a6b9d8b117fa80') in 0.0180738 seconds
Number of updated asset objects reloaded before import = 0Number of asset objects unloaded after import = 7

========================================================================
Received Import Request.
  Time since last request: 0.000025 seconds.
  path: Assets/Flooded_Grounds/Prefabs/Buildings/Villa2/Villa2_Base_Ext_A.prefab
  artifactKey: Guid(58212b31b018cdb4d8b7ef95d6a1c5c9) Importer(2089858483,b0f066a214c2f5e87bad3c948f4d605d)
Start importing Assets/Flooded_Grounds/Prefabs/Buildings/Villa2/Villa2_Base_Ext_A.prefab using Guid(58212b31b018cdb4d8b7ef95d6a1c5c9) Importer(2089858483,b0f066a214c2f5e87bad3c948f4d605d) (ScriptedImporter) -> (artifact id: '6abf37e44cd7adb391a151ee09a2cbe9') in 0.0094082 seconds
Number of updated asset objects reloaded before import = 0Number of asset objects unloaded after import = 9

========================================================================
Received Import Request.
  Time since last request: 0.000014 seconds.
  path: Assets/Flooded_Grounds/Content/Meshes/mBuildings/mVilla1/Villa1_Base_Mid_B.fbx
  artifactKey: Guid(da58fceaad4545b40bbf562547c9627f) Importer(2089858483,b0f066a214c2f5e87bad3c948f4d605d)
Start importing Assets/Flooded_Grounds/Content/Meshes/mBuildings/mVilla1/Villa1_Base_Mid_B.fbx using Guid(da58fceaad4545b40bbf562547c9627f) Importer(2089858483,b0f066a214c2f5e87bad3c948f4d605d) (ScriptedImporter) -> (artifact id: '0940c65a8953e48e531bf43cc086e311') in 0.0125021 seconds
Number of updated asset objects reloaded before import = 0Number of asset objects unloaded after import = 7

========================================================================
Received Import Request.
  Time since last request: 0.000015 seconds.
  path: Assets/Flooded_Grounds/Content/Meshes/mBuildings/mCabins
  artifactKey: Guid(2d8dcdd98d2d58b449a02156bb68e660) Importer(2089858483,b0f066a214c2f5e87bad3c948f4d605d)
Start importing Assets/Flooded_Grounds/Content/Meshes/mBuildings/mCabins using Guid(2d8dcdd98d2d58b449a02156bb68e660) Importer(2089858483,b0f066a214c2f5e87bad3c948f4d605d) (ScriptedImporter) -> (artifact id: '8cb4b25d6ff65dea604267a9f4e9fb41') in 0.0081654 seconds
Number of updated asset objects reloaded before import = 0Number of asset objects unloaded after import = 1

========================================================================
Received Import Request.
  Time since last request: 0.000014 seconds.
  path: Assets/Flooded_Grounds/Content/Sounds/LeafRustle.mp3
  artifactKey: Guid(0064191e8aa6fc945aefce68dc3e44ad) Importer(2089858483,b0f066a214c2f5e87bad3c948f4d605d)
Start importing Assets/Flooded_Grounds/Content/Sounds/LeafRustle.mp3 using Guid(0064191e8aa6fc945aefce68dc3e44ad) Importer(2089858483,b0f066a214c2f5e87bad3c948f4d605d) (ScriptedImporter) -> (artifact id: 'c1f99306adbcd2ae5a01813efbd0fc3e') in 0.0359302 seconds
Number of updated asset objects reloaded before import = 0Number of asset objects unloaded after import = 1

========================================================================
Received Import Request.
  Time since last request: 0.000014 seconds.
  path: Assets/Flooded_Grounds/Prefabs/Buildings/IndBuilding2/IndBuilding2_Mid_A.prefab
  artifactKey: Guid(cee6ec354385167478bb8354736f38f5) Importer(2089858483,b0f066a214c2f5e87bad3c948f4d605d)
Start importing Assets/Flooded_Grounds/Prefabs/Buildings/IndBuilding2/IndBuilding2_Mid_A.prefab using Guid(cee6ec354385167478bb8354736f38f5) Importer(2089858483,b0f066a214c2f5e87bad3c948f4d605d) (ScriptedImporter) -> (artifact id: 'a47ee3bfe1c0700a177946438b0b6494') in 0.0105787 seconds
Number of updated asset objects reloaded before import = 0Number of asset objects unloaded after import = 10

========================================================================
Received Import Request.
  Time since last request: 0.000020 seconds.
  path: Assets/Flooded_Grounds/Content/Meshes/mBuildings/mVilla2/Villa2_Base_Mid_A.fbx
  artifactKey: Guid(4ee3222ccf9f06f4dab2b1e8adca2ff2) Importer(2089858483,b0f066a214c2f5e87bad3c948f4d605d)
Start importing Assets/Flooded_Grounds/Content/Meshes/mBuildings/mVilla2/Villa2_Base_Mid_A.fbx using Guid(4ee3222ccf9f06f4dab2b1e8adca2ff2) Importer(2089858483,b0f066a214c2f5e87bad3c948f4d605d) (ScriptedImporter) -> (artifact id: 'e32338ff5bfdaec1f6b4e7ad7bca3099') in 0.0101205 seconds
Number of updated asset objects reloaded before import = 0Number of asset objects unloaded after import = 7

========================================================================
Received Import Request.
  Time since last request: 0.000023 seconds.
  path: Assets/Flooded_Grounds/Prefabs/Nature/Trees/TreeCreator_Tall_B_Textures/diffuse.png
  artifactKey: Guid(509121c1adb7f614b82d9820fedda9fb) Importer(2089858483,b0f066a214c2f5e87bad3c948f4d605d)
Start importing Assets/Flooded_Grounds/Prefabs/Nature/Trees/TreeCreator_Tall_B_Textures/diffuse.png using Guid(509121c1adb7f614b82d9820fedda9fb) Importer(2089858483,b0f066a214c2f5e87bad3c948f4d605d) (ScriptedImporter) -> (artifact id: 'dd693a3066bbf74b91c636f2fc56175a') in 0.0105088 seconds
Number of updated asset objects reloaded before import = 0Number of asset objects unloaded after import = 1

========================================================================
Received Import Request.
  Time since last request: 0.000014 seconds.
  path: Assets/Flooded_Grounds/PostProcessing/Editor/PostProcessingModelEditor.cs
  artifactKey: Guid(afe296d4ede60a0479734dc8c7df82c2) Importer(2089858483,b0f066a214c2f5e87bad3c948f4d605d)
Start importing Assets/Flooded_Grounds/PostProcessing/Editor/PostProcessingModelEditor.cs using Guid(afe296d4ede60a0479734dc8c7df82c2) Importer(2089858483,b0f066a214c2f5e87bad3c948f4d605d) (ScriptedImporter) -> (artifact id: '99432de12f08f51b8e250ced112164d8') in 0.0071518 seconds
Number of updated asset objects reloaded before import = 0Number of asset objects unloaded after import = 0

========================================================================
Received Import Request.
  Time since last request: 0.000014 seconds.
  path: Assets/Flooded_Grounds/Content/Meshes/mBuildings/mVilla1/Villa1_Deco_Deco_Beam_A.fbx
  artifactKey: Guid(aff3a4c3ec4f85946aec6f79aa265e8b) Importer(2089858483,b0f066a214c2f5e87bad3c948f4d605d)
Start importing Assets/Flooded_Grounds/Content/Meshes/mBuildings/mVilla1/Villa1_Deco_Deco_Beam_A.fbx using Guid(aff3a4c3ec4f85946aec6f79aa265e8b) Importer(2089858483,b0f066a214c2f5e87bad3c948f4d605d) (ScriptedImporter) -> (artifact id: '40de4174dc09b1a57786f232cb0ce0d6') in 0.0098162 seconds
Number of updated asset objects reloaded before import = 0Number of asset objects unloaded after import = 7

========================================================================
Received Import Request.
  Time since last request: 0.000014 seconds.
  path: Assets/Flooded_Grounds/Content/Meshes/mBuildings/mVilla2/Villa2_Deco_Chimney_A.fbx
  artifactKey: Guid(d1a841b429734634bad036e6ce13cbae) Importer(2089858483,b0f066a214c2f5e87bad3c948f4d605d)
Start importing Assets/Flooded_Grounds/Content/Meshes/mBuildings/mVilla2/Villa2_Deco_Chimney_A.fbx using Guid(d1a841b429734634bad036e6ce13cbae) Importer(2089858483,b0f066a214c2f5e87bad3c948f4d605d) (ScriptedImporter) -> (artifact id: '38c265229a91ee741330cc04b8fdd9fc') in 0.0102415 seconds
Number of updated asset objects reloaded before import = 0Number of asset objects unloaded after import = 7

========================================================================
Received Import Request.
  Time since last request: 0.000014 seconds.
  path: Assets/Flooded_Grounds/Prefabs/Nature/Trees/TreeCreator_Tall_C_Textures
  artifactKey: Guid(b8a45dc1d85432d41a61d56579d2c522) Importer(2089858483,b0f066a214c2f5e87bad3c948f4d605d)
Start importing Assets/Flooded_Grounds/Prefabs/Nature/Trees/TreeCreator_Tall_C_Textures using Guid(b8a45dc1d85432d41a61d56579d2c522) Importer(2089858483,b0f066a214c2f5e87bad3c948f4d605d) (ScriptedImporter) -> (artifact id: '73435de8d436b2566e465539aec39313') in 0.007263 seconds
Number of updated asset objects reloaded before import = 0Number of asset objects unloaded after import = 1

========================================================================
Received Import Request.
  Time since last request: 0.000012 seconds.
  path: Assets/Flooded_Grounds/PostProcessing/Editor/Models/GrainModelEditor.cs
  artifactKey: Guid(8330694e2c90c284f81153ac83b3cb4a) Importer(2089858483,b0f066a214c2f5e87bad3c948f4d605d)
Start importing Assets/Flooded_Grounds/PostProcessing/Editor/Models/GrainModelEditor.cs using Guid(8330694e2c90c284f81153ac83b3cb4a) Importer(2089858483,b0f066a214c2f5e87bad3c948f4d605d) (ScriptedImporter) -> (artifact id: '3400207909e6f143154774bb35fced8a') in 0.006859 seconds
Number of updated asset objects reloaded before import = 0Number of asset objects unloaded after import = 0

========================================================================
Received Import Request.
  Time since last request: 0.000014 seconds.
  path: Assets/Flooded_Grounds/Prefabs/Buildings/Villa1/Villa1_IntStairs_A.prefab
  artifactKey: Guid(714cb16bea7083341a0e15e142a2bede) Importer(2089858483,b0f066a214c2f5e87bad3c948f4d605d)
Start importing Assets/Flooded_Grounds/Prefabs/Buildings/Villa1/Villa1_IntStairs_A.prefab using Guid(714cb16bea7083341a0e15e142a2bede) Importer(2089858483,b0f066a214c2f5e87bad3c948f4d605d) (ScriptedImporter) -> (artifact id: 'aafcba2c2232c2a8e523a463ec3ad6f3') in 0.0102644 seconds
Number of updated asset objects reloaded before import = 0Number of asset objects unloaded after import = 10

========================================================================
Received Import Request.
  Time since last request: 0.000018 seconds.
  path: Assets/Flooded_Grounds/Content/Textures/BLD_Cabins1_MS.tif
  artifactKey: Guid(dfd14658241371f48956461682c52cca) Importer(2089858483,b0f066a214c2f5e87bad3c948f4d605d)
Start importing Assets/Flooded_Grounds/Content/Textures/BLD_Cabins1_MS.tif using Guid(dfd14658241371f48956461682c52cca) Importer(2089858483,b0f066a214c2f5e87bad3c948f4d605d) (ScriptedImporter) -> (artifact id: 'd48fcdf0de18c0f86bc331a20df028e2') in 0.0110446 seconds
Number of updated asset objects reloaded before import = 0Number of asset objects unloaded after import = 1

========================================================================
Received Import Request.
  Time since last request: 0.000023 seconds.
  path: Assets/Flooded_Grounds/PostProcessing/Resources/Shaders/ScreenSpaceReflection.shader
  artifactKey: Guid(607a5643efb168f429e438f7d6ad270a) Importer(2089858483,b0f066a214c2f5e87bad3c948f4d605d)
Start importing Assets/Flooded_Grounds/PostProcessing/Resources/Shaders/ScreenSpaceReflection.shader using Guid(607a5643efb168f429e438f7d6ad270a) Importer(2089858483,b0f066a214c2f5e87bad3c948f4d605d) (ScriptedImporter) -> (artifact id: 'e6465a622e12a11785987c04aaed6511') in 0.0092957 seconds
Number of updated asset objects reloaded before import = 0Number of asset objects unloaded after import = 1

========================================================================
Received Import Request.
  Time since last request: 0.000017 seconds.
  path: Assets/Flooded_Grounds/Prefabs
  artifactKey: Guid(4bd36e038f7e7884baea499e908b3aa6) Importer(2089858483,b0f066a214c2f5e87bad3c948f4d605d)
Start importing Assets/Flooded_Grounds/Prefabs using Guid(4bd36e038f7e7884baea499e908b3aa6) Importer(2089858483,b0f066a214c2f5e87bad3c948f4d605d) (ScriptedImporter) -> (artifact id: '87359c6b9a3e7705c5b70774efe014e1') in 0.0079915 seconds
Number of updated asset objects reloaded before import = 0Number of asset objects unloaded after import = 1

========================================================================
Received Import Request.
  Time since last request: 0.000016 seconds.
  path: Assets/Flooded_Grounds/Content/Textures/MISC_Grid.tif
  artifactKey: Guid(c49f6b57ebaac5847ba14f1e511415e1) Importer(2089858483,b0f066a214c2f5e87bad3c948f4d605d)
Start importing Assets/Flooded_Grounds/Content/Textures/MISC_Grid.tif using Guid(c49f6b57ebaac5847ba14f1e511415e1) Importer(2089858483,b0f066a214c2f5e87bad3c948f4d605d) (ScriptedImporter) -> (artifact id: '0060fbcc889065c196fb294a4c9c5675') in 0.009591 seconds
Number of updated asset objects reloaded before import = 0Number of asset objects unloaded after import = 1

========================================================================
Received Import Request.
  Time since last request: 0.000016 seconds.
  path: Assets/Flooded_Grounds/Prefabs/Buildings/Villa2/Villa2_Base_Stairs_A.prefab
  artifactKey: Guid(b42e93feb18107a4d80243a8cccc2674) Importer(2089858483,b0f066a214c2f5e87bad3c948f4d605d)
Start importing Assets/Flooded_Grounds/Prefabs/Buildings/Villa2/Villa2_Base_Stairs_A.prefab using Guid(b42e93feb18107a4d80243a8cccc2674) Importer(2089858483,b0f066a214c2f5e87bad3c948f4d605d) (ScriptedImporter) -> (artifact id: '9683a4a556959e8a0cdf2649330dd7a7') in 0.0098989 seconds
Number of updated asset objects reloaded before import = 0Number of asset objects unloaded after import = 9

========================================================================
Received Import Request.
  Time since last request: 0.000015 seconds.
  path: Assets/Flooded_Grounds/Prefabs/Nature/Grass/Grass_Med_C.prefab
  artifactKey: Guid(de006beaac36de64d9a2c3569ad1be67) Importer(2089858483,b0f066a214c2f5e87bad3c948f4d605d)
Start importing Assets/Flooded_Grounds/Prefabs/Nature/Grass/Grass_Med_C.prefab using Guid(de006beaac36de64d9a2c3569ad1be67) Importer(2089858483,b0f066a214c2f5e87bad3c948f4d605d) (ScriptedImporter) -> (artifact id: 'ce924d9e1d2e3aae36832247bf30c25e') in 0.00894 seconds
Number of updated asset objects reloaded before import = 0Number of asset objects unloaded after import = 8

========================================================================
Received Import Request.
  Time since last request: 0.000013 seconds.
  path: Assets/Flooded_Grounds/Prefabs/Nature/Rocks/Rock_B.prefab
  artifactKey: Guid(f39758d3d915d104080c0e3321b8c75b) Importer(2089858483,b0f066a214c2f5e87bad3c948f4d605d)
Start importing Assets/Flooded_Grounds/Prefabs/Nature/Rocks/Rock_B.prefab using Guid(f39758d3d915d104080c0e3321b8c75b) Importer(2089858483,b0f066a214c2f5e87bad3c948f4d605d) (ScriptedImporter) -> (artifact id: 'e570292f9b28aa0b45404f59fd25d5c0') in 0.0089156 seconds
Number of updated asset objects reloaded before import = 0Number of asset objects unloaded after import = 23

========================================================================
Received Import Request.
  Time since last request: 0.000017 seconds.
  path: Assets/Flooded_Grounds/Content/Materials/HLP_Grid.mat
  artifactKey: Guid(e7336c2c46c86f54b9ad60ce08b10dec) Importer(2089858483,b0f066a214c2f5e87bad3c948f4d605d)
Start importing Assets/Flooded_Grounds/Content/Materials/HLP_Grid.mat using Guid(e7336c2c46c86f54b9ad60ce08b10dec) Importer(2089858483,b0f066a214c2f5e87bad3c948f4d605d) (ScriptedImporter) -> (artifact id: '1be4614a4eac1c581b1a27c900a1a234') in 0.0100657 seconds
Number of updated asset objects reloaded before import = 0Number of asset objects unloaded after import = 2

========================================================================
Received Import Request.
  Time since last request: 0.000026 seconds.
  path: Assets/Flooded_Grounds/Prefabs/Buildings/Villa2/Villa2_Wall_Int_A.prefab
  artifactKey: Guid(0a252d80add0348439615bc02e74781d) Importer(2089858483,b0f066a214c2f5e87bad3c948f4d605d)
Start importing Assets/Flooded_Grounds/Prefabs/Buildings/Villa2/Villa2_Wall_Int_A.prefab using Guid(0a252d80add0348439615bc02e74781d) Importer(2089858483,b0f066a214c2f5e87bad3c948f4d605d) (ScriptedImporter) -> (artifact id: 'ecf644545dac38be224a12e9a91f1d1d') in 0.0104199 seconds
Number of updated asset objects reloaded before import = 0Number of asset objects unloaded after import = 9

========================================================================
Received Import Request.
  Time since last request: 0.000015 seconds.
  path: Assets/Flooded_Grounds/Content/Materials/PROP_Car1_Rusty.mat
  artifactKey: Guid(a874786ec890ec242b71602e1a9134d3) Importer(2089858483,b0f066a214c2f5e87bad3c948f4d605d)
Start importing Assets/Flooded_Grounds/Content/Materials/PROP_Car1_Rusty.mat using Guid(a874786ec890ec242b71602e1a9134d3) Importer(2089858483,b0f066a214c2f5e87bad3c948f4d605d) (ScriptedImporter) -> (artifact id: '70ead693728c50743193704010bfb3ee') in 0.023439 seconds
Number of updated asset objects reloaded before import = 0Number of asset objects unloaded after import = 9

========================================================================
Received Import Request.
  Time since last request: 0.000028 seconds.
  path: Assets/Flooded_Grounds/Prefabs/Buildings/Structures1/Struct_FloodWall_A.prefab
  artifactKey: Guid(b3c489c06c04c1d4d835d20adc6ab60a) Importer(2089858483,b0f066a214c2f5e87bad3c948f4d605d)
Start importing Assets/Flooded_Grounds/Prefabs/Buildings/Structures1/Struct_FloodWall_A.prefab using Guid(b3c489c06c04c1d4d835d20adc6ab60a) Importer(2089858483,b0f066a214c2f5e87bad3c948f4d605d) (ScriptedImporter) -> (artifact id: '8a3172cd9941b0821b71fe0851ef5cfa') in 0.0090557 seconds
Number of updated asset objects reloaded before import = 0Number of asset objects unloaded after import = 21

========================================================================
Received Import Request.
  Time since last request: 0.000019 seconds.
  path: Assets/Flooded_Grounds/Prefabs/Sounds/3D_DeepRattle.prefab
  artifactKey: Guid(f4da384b50a3b8f42b5b5315740afb00) Importer(2089858483,b0f066a214c2f5e87bad3c948f4d605d)
Start importing Assets/Flooded_Grounds/Prefabs/Sounds/3D_DeepRattle.prefab using Guid(f4da384b50a3b8f42b5b5315740afb00) Importer(2089858483,b0f066a214c2f5e87bad3c948f4d605d) (ScriptedImporter) -> (artifact id: 'b86659ecb5326cb46da99c428badf58d') in 0.032225 seconds
Number of updated asset objects reloaded before import = 0Number of asset objects unloaded after import = 6

========================================================================
Received Import Request.
  Time since last request: 0.000018 seconds.
  path: Assets/Flooded_Grounds/Content/Meshes/mBuildings/mVilla1/Villa1_Ext_B.fbx
  artifactKey: Guid(3f8a4d9756e417441a95a1013bd3c8b5) Importer(2089858483,b0f066a214c2f5e87bad3c948f4d605d)
Start importing Assets/Flooded_Grounds/Content/Meshes/mBuildings/mVilla1/Villa1_Ext_B.fbx using Guid(3f8a4d9756e417441a95a1013bd3c8b5) Importer(2089858483,b0f066a214c2f5e87bad3c948f4d605d) (ScriptedImporter) -> (artifact id: 'df884224b13f374ef890078601abe214') in 0.0158576 seconds
Number of updated asset objects reloaded before import = 0Number of asset objects unloaded after import = 7

========================================================================
Received Import Request.
  Time since last request: 0.000016 seconds.
  path: Assets/Flooded_Grounds/Prefabs/Nature/Grass/Grass_Tall_B.prefab
  artifactKey: Guid(0afb191bb5d4e8c47b6fddcd5b8c8bea) Importer(2089858483,b0f066a214c2f5e87bad3c948f4d605d)
Start importing Assets/Flooded_Grounds/Prefabs/Nature/Grass/Grass_Tall_B.prefab using Guid(0afb191bb5d4e8c47b6fddcd5b8c8bea) Importer(2089858483,b0f066a214c2f5e87bad3c948f4d605d) (ScriptedImporter) -> (artifact id: 'b0680db578f2dcea88e5a31f2503cf04') in 0.0093241 seconds
Number of updated asset objects reloaded before import = 0Number of asset objects unloaded after import = 8

========================================================================
Received Import Request.
  Time since last request: 0.000023 seconds.
  path: Assets/Flooded_Grounds/Content/Textures/BLD_Villa2_MS.tif
  artifactKey: Guid(5673fd1bd7b7edc42b6d0ab328eb8d4e) Importer(2089858483,b0f066a214c2f5e87bad3c948f4d605d)
Start importing Assets/Flooded_Grounds/Content/Textures/BLD_Villa2_MS.tif using Guid(5673fd1bd7b7edc42b6d0ab328eb8d4e) Importer(2089858483,b0f066a214c2f5e87bad3c948f4d605d) (ScriptedImporter) -> (artifact id: 'c910ad8befb3b86940e61476bd627bdd') in 0.0130239 seconds
Number of updated asset objects reloaded before import = 0Number of asset objects unloaded after import = 1

========================================================================
Received Import Request.
  Time since last request: 0.000014 seconds.
  path: Assets/Flooded_Grounds/Content/Meshes/mBuildings/mIndBuilding1/IndBuilding1_Base_Stairs.fbx
  artifactKey: Guid(8928ea219648ade4e90e9ca2b1502e0e) Importer(2089858483,b0f066a214c2f5e87bad3c948f4d605d)
Start importing Assets/Flooded_Grounds/Content/Meshes/mBuildings/mIndBuilding1/IndBuilding1_Base_Stairs.fbx using Guid(8928ea219648ade4e90e9ca2b1502e0e) Importer(2089858483,b0f066a214c2f5e87bad3c948f4d605d) (ScriptedImporter) -> (artifact id: '226be1df8cc3615f1f65d69b68aef5df') in 0.0135095 seconds
Number of updated asset objects reloaded before import = 0Number of asset objects unloaded after import = 7

========================================================================
Received Import Request.
  Time since last request: 0.000016 seconds.
  path: Assets/Flooded_Grounds/Content/Meshes/mBuildings/mIndBuilding1/IndBuilding1_Wall_Int_A.fbx
  artifactKey: Guid(e91c6e54515ba1046b0f6b5b8bba059c) Importer(2089858483,b0f066a214c2f5e87bad3c948f4d605d)
Start importing Assets/Flooded_Grounds/Content/Meshes/mBuildings/mIndBuilding1/IndBuilding1_Wall_Int_A.fbx using Guid(e91c6e54515ba1046b0f6b5b8bba059c) Importer(2089858483,b0f066a214c2f5e87bad3c948f4d605d) (ScriptedImporter) -> (artifact id: '2c9e37cb604c681695e9804b2d2ed11f') in 0.0125029 seconds
Number of updated asset objects reloaded before import = 0Number of asset objects unloaded after import = 7

========================================================================
Received Import Request.
  Time since last request: 0.000018 seconds.
  path: Assets/Flooded_Grounds/Prefabs/Buildings/IndBuilding2
  artifactKey: Guid(d498a6c01cfbdbe4d924b207d5944871) Importer(2089858483,b0f066a214c2f5e87bad3c948f4d605d)
Start importing Assets/Flooded_Grounds/Prefabs/Buildings/IndBuilding2 using Guid(d498a6c01cfbdbe4d924b207d5944871) Importer(2089858483,b0f066a214c2f5e87bad3c948f4d605d) (ScriptedImporter) -> (artifact id: 'a8259644923f65bca0c39ad7576b26d4') in 0.0071731 seconds
Number of updated asset objects reloaded before import = 0Number of asset objects unloaded after import = 1

========================================================================
Received Import Request.
  Time since last request: 0.000013 seconds.
  path: Assets/Flooded_Grounds/Content/Meshes/mBuildings/mStructures/Struct_Pavilion_B.fbx
  artifactKey: Guid(ce73bd8e95cfaae4a95026322fcf2b36) Importer(2089858483,b0f066a214c2f5e87bad3c948f4d605d)
Start importing Assets/Flooded_Grounds/Content/Meshes/mBuildings/mStructures/Struct_Pavilion_B.fbx using Guid(ce73bd8e95cfaae4a95026322fcf2b36) Importer(2089858483,b0f066a214c2f5e87bad3c948f4d605d) (ScriptedImporter) -> (artifact id: '93a9e2d09dc195aa117e21ae4897f6f3') in 0.0115219 seconds
Number of updated asset objects reloaded before import = 0Number of asset objects unloaded after import = 7

========================================================================
Received Import Request.
  Time since last request: 0.000018 seconds.
  path: Assets/Flooded_Grounds/PostProcessing/Resources/Bluenoise64/LDR_LLL1_15.png
  artifactKey: Guid(2ee161d8945169243b5698fec114e1b7) Importer(2089858483,b0f066a214c2f5e87bad3c948f4d605d)
Start importing Assets/Flooded_Grounds/PostProcessing/Resources/Bluenoise64/LDR_LLL1_15.png using Guid(2ee161d8945169243b5698fec114e1b7) Importer(2089858483,b0f066a214c2f5e87bad3c948f4d605d) (ScriptedImporter) -> (artifact id: '204eb1729f38983140df0cfd1ada6508') in 0.0108756 seconds
Number of updated asset objects reloaded before import = 0Number of asset objects unloaded after import = 1

========================================================================
Received Import Request.
  Time since last request: 0.000031 seconds.
  path: Assets/Flooded_Grounds/PostProcessing/Resources/Bluenoise64/LDR_LLL1_58.png
  artifactKey: Guid(85a45a6d8b2ffb84987d2b028ecfb220) Importer(2089858483,b0f066a214c2f5e87bad3c948f4d605d)
Start importing Assets/Flooded_Grounds/PostProcessing/Resources/Bluenoise64/LDR_LLL1_58.png using Guid(85a45a6d8b2ffb84987d2b028ecfb220) Importer(2089858483,b0f066a214c2f5e87bad3c948f4d605d) (ScriptedImporter) -> (artifact id: '984d5c9320bed2f59a2237648fd34244') in 0.0127012 seconds
Number of updated asset objects reloaded before import = 0Number of asset objects unloaded after import = 1

========================================================================
Received Import Request.
  Time since last request: 0.000022 seconds.
  path: Assets/Flooded_Grounds/Prefabs/Buildings/IndBuilding1/IndBuilding1_Wall_Mid_D.prefab
  artifactKey: Guid(524061fa15faee94887d05ced93705bd) Importer(2089858483,b0f066a214c2f5e87bad3c948f4d605d)
Start importing Assets/Flooded_Grounds/Prefabs/Buildings/IndBuilding1/IndBuilding1_Wall_Mid_D.prefab using Guid(524061fa15faee94887d05ced93705bd) Importer(2089858483,b0f066a214c2f5e87bad3c948f4d605d) (ScriptedImporter) -> (artifact id: '57b1e108074d742019edac00831f3ae1') in 0.0108096 seconds
Number of updated asset objects reloaded before import = 0Number of asset objects unloaded after import = 9

========================================================================
Received Import Request.
  Time since last request: 0.000012 seconds.
  path: Assets/Flooded_Grounds/PostProcessing/Resources/Bluenoise64/LDR_LLL1_44.png
  artifactKey: Guid(15e54aa23a938444389469d53765d741) Importer(2089858483,b0f066a214c2f5e87bad3c948f4d605d)
Start importing Assets/Flooded_Grounds/PostProcessing/Resources/Bluenoise64/LDR_LLL1_44.png using Guid(15e54aa23a938444389469d53765d741) Importer(2089858483,b0f066a214c2f5e87bad3c948f4d605d) (ScriptedImporter) -> (artifact id: 'e2c2c2cbc19b21767592d2c10c9c37d4') in 0.0108761 seconds
Number of updated asset objects reloaded before import = 0Number of asset objects unloaded after import = 1

========================================================================
Received Import Request.
  Time since last request: 0.000015 seconds.
  path: Assets/Flooded_Grounds/Prefabs/Buildings/Villa2/Villa2_Deco_RoofPiece_A.prefab
  artifactKey: Guid(482a6ff30818ebf4890f53b9a90c7e79) Importer(2089858483,b0f066a214c2f5e87bad3c948f4d605d)
Start importing Assets/Flooded_Grounds/Prefabs/Buildings/Villa2/Villa2_Deco_RoofPiece_A.prefab using Guid(482a6ff30818ebf4890f53b9a90c7e79) Importer(2089858483,b0f066a214c2f5e87bad3c948f4d605d) (ScriptedImporter) -> (artifact id: 'c70903c1c67832ff08f7a32d6f7d08e9') in 0.011009 seconds
Number of updated asset objects reloaded before import = 0Number of asset objects unloaded after import = 9

========================================================================
Received Import Request.
  Time since last request: 0.000015 seconds.
  path: Assets/Flooded_Grounds/Content/Textures/BGR_Sky1.tif
  artifactKey: Guid(8888999060e5b7f4399b58f65d814847) Importer(2089858483,b0f066a214c2f5e87bad3c948f4d605d)
Start importing Assets/Flooded_Grounds/Content/Textures/BGR_Sky1.tif using Guid(8888999060e5b7f4399b58f65d814847) Importer(2089858483,b0f066a214c2f5e87bad3c948f4d605d) (ScriptedImporter) -> (artifact id: '1c2f0d1d9684cde17b18e09ecf2a64b8') in 0.0156274 seconds
Number of updated asset objects reloaded before import = 0Number of asset objects unloaded after import = 1

========================================================================
Received Import Request.
  Time since last request: 0.000021 seconds.
  path: Assets/Flooded_Grounds/Prefabs/Buildings/Structures1/Struct_Billboard_C.prefab
  artifactKey: Guid(9e3e63238d528fb42bcd93843763fc67) Importer(2089858483,b0f066a214c2f5e87bad3c948f4d605d)
Start importing Assets/Flooded_Grounds/Prefabs/Buildings/Structures1/Struct_Billboard_C.prefab using Guid(9e3e63238d528fb42bcd93843763fc67) Importer(2089858483,b0f066a214c2f5e87bad3c948f4d605d) (ScriptedImporter) -> (artifact id: '0095ea919d8201e03af4d64db8fe8328') in 0.0093284 seconds
Number of updated asset objects reloaded before import = 0Number of asset objects unloaded after import = 23

========================================================================
Received Import Request.
  Time since last request: 0.000028 seconds.
  path: Assets/Flooded_Grounds/Prefabs/Buildings/Villa2/Villa2_Wall_Mid_D.prefab
  artifactKey: Guid(c86b29ab1e58aa5419a66bc957a06550) Importer(2089858483,b0f066a214c2f5e87bad3c948f4d605d)
Start importing Assets/Flooded_Grounds/Prefabs/Buildings/Villa2/Villa2_Wall_Mid_D.prefab using Guid(c86b29ab1e58aa5419a66bc957a06550) Importer(2089858483,b0f066a214c2f5e87bad3c948f4d605d) (ScriptedImporter) -> (artifact id: 'd434bbf30cf0fe2c0e26a764fcb14fb8') in 0.0116803 seconds
Number of updated asset objects reloaded before import = 0Number of asset objects unloaded after import = 9

========================================================================
Received Import Request.
  Time since last request: 0.000018 seconds.
  path: Assets/Flooded_Grounds/Content/Meshes/mBuildings/mBrickHouse/BrickHouse_Mid_A.fbx
  artifactKey: Guid(fefca4b56654b8945afe1beff73c2752) Importer(2089858483,b0f066a214c2f5e87bad3c948f4d605d)
Start importing Assets/Flooded_Grounds/Content/Meshes/mBuildings/mBrickHouse/BrickHouse_Mid_A.fbx using Guid(fefca4b56654b8945afe1beff73c2752) Importer(2089858483,b0f066a214c2f5e87bad3c948f4d605d) (ScriptedImporter) -> (artifact id: '713e411bdd41d2ad91bcabca3cab18af') in 0.0116078 seconds
Number of updated asset objects reloaded before import = 0Number of asset objects unloaded after import = 7

========================================================================
Received Import Request.
  Time since last request: 0.000015 seconds.
  path: Assets/Flooded_Grounds/PostProcessing/Resources/Bluenoise64/LDR_LLL1_60.png
  artifactKey: Guid(404fa8def46b1c447817e1ebdaa7144e) Importer(2089858483,b0f066a214c2f5e87bad3c948f4d605d)
Start importing Assets/Flooded_Grounds/PostProcessing/Resources/Bluenoise64/LDR_LLL1_60.png using Guid(404fa8def46b1c447817e1ebdaa7144e) Importer(2089858483,b0f066a214c2f5e87bad3c948f4d605d) (ScriptedImporter) -> (artifact id: 'b1a7b5f6e293f531d1a77f75adc7038e') in 0.0112231 seconds
Number of updated asset objects reloaded before import = 0Number of asset objects unloaded after import = 1

========================================================================
Received Import Request.
  Time since last request: 0.000016 seconds.
  path: Assets/Flooded_Grounds/Content/Meshes/mNature/mRocks/lo_CobbleRock_F.fbx
  artifactKey: Guid(2e9f9bdd2df17f840824a1f12a144074) Importer(2089858483,b0f066a214c2f5e87bad3c948f4d605d)
Start importing Assets/Flooded_Grounds/Content/Meshes/mNature/mRocks/lo_CobbleRock_F.fbx using Guid(2e9f9bdd2df17f840824a1f12a144074) Importer(2089858483,b0f066a214c2f5e87bad3c948f4d605d) (ScriptedImporter) -> (artifact id: '11f104868d40d64ddb99291843a99d5e') in 0.0107089 seconds
Number of updated asset objects reloaded before import = 0Number of asset objects unloaded after import = 20

========================================================================
Received Import Request.
  Time since last request: 0.000016 seconds.
  path: Assets/Flooded_Grounds/Prefabs/Props/Prop_Vase_B.prefab
  artifactKey: Guid(d56462b3ff64676458a7fead7cda0e5f) Importer(2089858483,b0f066a214c2f5e87bad3c948f4d605d)
Start importing Assets/Flooded_Grounds/Prefabs/Props/Prop_Vase_B.prefab using Guid(d56462b3ff64676458a7fead7cda0e5f) Importer(2089858483,b0f066a214c2f5e87bad3c948f4d605d) (ScriptedImporter) -> (artifact id: '25369dd9042f5ea3a2cb5d7867c2e452') in 0.0081395 seconds
Number of updated asset objects reloaded before import = 0Number of asset objects unloaded after import = 17

========================================================================
Received Import Request.
  Time since last request: 0.000021 seconds.
  path: Assets/Flooded_Grounds/Prefabs/Nature/Trees/TreeCreator_Tall_B_Textures/translucency_gloss.png
  artifactKey: Guid(f80f7c95c474aa946bf84f9fcc3db256) Importer(2089858483,b0f066a214c2f5e87bad3c948f4d605d)
Start importing Assets/Flooded_Grounds/Prefabs/Nature/Trees/TreeCreator_Tall_B_Textures/translucency_gloss.png using Guid(f80f7c95c474aa946bf84f9fcc3db256) Importer(2089858483,b0f066a214c2f5e87bad3c948f4d605d) (ScriptedImporter) -> (artifact id: '9e947188f33cdb9cfca7125a2a7c79d6') in 0.0099214 seconds
Number of updated asset objects reloaded before import = 0Number of asset objects unloaded after import = 1

========================================================================
Received Import Request.
  Time since last request: 0.000029 seconds.
  path: Assets/Flooded_Grounds/Content/Trees/SrcTextures/FOL_BushBranch1_N.tif
  artifactKey: Guid(c13265f490312a44088f65f4c1644d2e) Importer(2089858483,b0f066a214c2f5e87bad3c948f4d605d)
Start importing Assets/Flooded_Grounds/Content/Trees/SrcTextures/FOL_BushBranch1_N.tif using Guid(c13265f490312a44088f65f4c1644d2e) Importer(2089858483,b0f066a214c2f5e87bad3c948f4d605d) (ScriptedImporter) -> (artifact id: 'be5f341fe41261930ae8c9f1605e44f6') in 0.0120571 seconds
Number of updated asset objects reloaded before import = 0Number of asset objects unloaded after import = 1

========================================================================
Received Import Request.
  Time since last request: 0.000019 seconds.
  path: Assets/Flooded_Grounds/Content/Meshes/mBuildings/mBrickHouse/BrickHouse_Deco_Handrail_Cap_A.fbx
  artifactKey: Guid(9d2fbeb234f30424fba739ae8008f79a) Importer(2089858483,b0f066a214c2f5e87bad3c948f4d605d)
Start importing Assets/Flooded_Grounds/Content/Meshes/mBuildings/mBrickHouse/BrickHouse_Deco_Handrail_Cap_A.fbx using Guid(9d2fbeb234f30424fba739ae8008f79a) Importer(2089858483,b0f066a214c2f5e87bad3c948f4d605d) (ScriptedImporter) -> (artifact id: '33492eb8a56fa118e0b18c2a00f0b36f') in 0.0103288 seconds
Number of updated asset objects reloaded before import = 0Number of asset objects unloaded after import = 7

========================================================================
Received Import Request.
  Time since last request: 0.000023 seconds.
  path: Assets/Flooded_Grounds/Content/Meshes/mBuildings/mStructures/Struct_Fence2_Mid_A.fbx
  artifactKey: Guid(037bbadbde4575242961811e333ce0e6) Importer(2089858483,b0f066a214c2f5e87bad3c948f4d605d)
Start importing Assets/Flooded_Grounds/Content/Meshes/mBuildings/mStructures/Struct_Fence2_Mid_A.fbx using Guid(037bbadbde4575242961811e333ce0e6) Importer(2089858483,b0f066a214c2f5e87bad3c948f4d605d) (ScriptedImporter) -> (artifact id: '45f9abc89bbfd860be897de28b751e3a') in 0.0128687 seconds
Number of updated asset objects reloaded before import = 0Number of asset objects unloaded after import = 20

========================================================================
Received Import Request.
  Time since last request: 0.000019 seconds.
  path: Assets/Flooded_Grounds/Content/Meshes/mBuildings/mStructures/Struct_Pole_A.fbx
  artifactKey: Guid(f5592db6982749f4e8ed03db7ebc685a) Importer(2089858483,b0f066a214c2f5e87bad3c948f4d605d)
Start importing Assets/Flooded_Grounds/Content/Meshes/mBuildings/mStructures/Struct_Pole_A.fbx using Guid(f5592db6982749f4e8ed03db7ebc685a) Importer(2089858483,b0f066a214c2f5e87bad3c948f4d605d) (ScriptedImporter) -> (artifact id: '8060fe11ee375d73312de1ae508fadb6') in 0.0137275 seconds
Number of updated asset objects reloaded before import = 0Number of asset objects unloaded after import = 15

========================================================================
Received Import Request.
  Time since last request: 0.000020 seconds.
  path: Assets/Flooded_Grounds/PostProcessing/Resources
  artifactKey: Guid(52380717b4884c04ebc31c46dda84909) Importer(2089858483,b0f066a214c2f5e87bad3c948f4d605d)
Start importing Assets/Flooded_Grounds/PostProcessing/Resources using Guid(52380717b4884c04ebc31c46dda84909) Importer(2089858483,b0f066a214c2f5e87bad3c948f4d605d) (ScriptedImporter) -> (artifact id: 'fe6128e240aaf4c04d554ce241572c34') in 0.0084555 seconds
Number of updated asset objects reloaded before import = 0Number of asset objects unloaded after import = 1

========================================================================
Received Import Request.
  Time since last request: 15.765060 seconds.
  path: Assets/Flooded_Grounds/Content/Meshes/mProps/lo_Prop_Cabinet_B.fbx
  artifactKey: Guid(3cc4c6ec1bbd75742867e5f50b178edc) Importer(2089858483,b0f066a214c2f5e87bad3c948f4d605d)
Start importing Assets/Flooded_Grounds/Content/Meshes/mProps/lo_Prop_Cabinet_B.fbx using Guid(3cc4c6ec1bbd75742867e5f50b178edc) Importer(2089858483,b0f066a214c2f5e87bad3c948f4d605d) (ScriptedImporter) -> (artifact id: 'f4b7cf4e119cf4d378ce0f32146c7e13') in 0.0143442 seconds
Number of updated asset objects reloaded before import = 0Number of asset objects unloaded after import = 15

========================================================================
Received Import Request.
  Time since last request: 0.000019 seconds.
  path: Assets/Flooded_Grounds/Prefabs/Buildings/IndBuilding1/IndBuilding1_Ext_A.prefab
  artifactKey: Guid(2625fd40f9742e041adae0733e5b7bda) Importer(2089858483,b0f066a214c2f5e87bad3c948f4d605d)
Start importing Assets/Flooded_Grounds/Prefabs/Buildings/IndBuilding1/IndBuilding1_Ext_A.prefab using Guid(2625fd40f9742e041adae0733e5b7bda) Importer(2089858483,b0f066a214c2f5e87bad3c948f4d605d) (ScriptedImporter) -> (artifact id: 'e3a1834e83b6956df1b8c232032a78e0') in 0.0122617 seconds
Number of updated asset objects reloaded before import = 0Number of asset objects unloaded after import = 10

========================================================================
Received Import Request.
  Time since last request: 0.000030 seconds.
  path: Assets/Flooded_Grounds/Content/Textures/PROP_Car1_MS.tif
  artifactKey: Guid(fcbea5eeba999114ca758f91357d3913) Importer(2089858483,b0f066a214c2f5e87bad3c948f4d605d)
Start importing Assets/Flooded_Grounds/Content/Textures/PROP_Car1_MS.tif using Guid(fcbea5eeba999114ca758f91357d3913) Importer(2089858483,b0f066a214c2f5e87bad3c948f4d605d) (ScriptedImporter) -> (artifact id: 'd6df2f8f69d6b4db9df46a2d782aecb2') in 0.0118477 seconds
Number of updated asset objects reloaded before import = 0Number of asset objects unloaded after import = 1

========================================================================
Received Import Request.
  Time since last request: 0.000020 seconds.
  path: Assets/Flooded_Grounds/Content/Meshes/mBackgrounds/WaterPlane.fbx
  artifactKey: Guid(c292a97ca5b44af428ac393c78fd8b14) Importer(2089858483,b0f066a214c2f5e87bad3c948f4d605d)
Start importing Assets/Flooded_Grounds/Content/Meshes/mBackgrounds/WaterPlane.fbx using Guid(c292a97ca5b44af428ac393c78fd8b14) Importer(2089858483,b0f066a214c2f5e87bad3c948f4d605d) (ScriptedImporter) -> (artifact id: '6aa8e8e8879a0cad55cb7170ded49955') in 0.0136792 seconds
Number of updated asset objects reloaded before import = 0Number of asset objects unloaded after import = 7

========================================================================
Received Import Request.
  Time since last request: 0.000015 seconds.
  path: Assets/Flooded_Grounds/Content/Meshes/mBuildings/mGreenHouse/GreenHouse1_Deco_RoofPiece_B.fbx
  artifactKey: Guid(8d8ccd5c334bc6d4c8e84c918f33ffde) Importer(2089858483,b0f066a214c2f5e87bad3c948f4d605d)
Start importing Assets/Flooded_Grounds/Content/Meshes/mBuildings/mGreenHouse/GreenHouse1_Deco_RoofPiece_B.fbx using Guid(8d8ccd5c334bc6d4c8e84c918f33ffde) Importer(2089858483,b0f066a214c2f5e87bad3c948f4d605d) (ScriptedImporter) -> (artifact id: 'f896c76bea138860eb7d17441e0ad730') in 0.0142122 seconds
Number of updated asset objects reloaded before import = 0Number of asset objects unloaded after import = 7

========================================================================
Received Import Request.
  Time since last request: 0.000015 seconds.
  path: Assets/Flooded_Grounds/Content/Trees/SrcTextures/FOL_Trunk3_D.tif
  artifactKey: Guid(9108529ab04c6ee4483b5c220f726246) Importer(2089858483,b0f066a214c2f5e87bad3c948f4d605d)
Start importing Assets/Flooded_Grounds/Content/Trees/SrcTextures/FOL_Trunk3_D.tif using Guid(9108529ab04c6ee4483b5c220f726246) Importer(2089858483,b0f066a214c2f5e87bad3c948f4d605d) (ScriptedImporter) -> (artifact id: '76e48ea37a9502ac2a08d89e630075ab') in 0.0123783 seconds
Number of updated asset objects reloaded before import = 0Number of asset objects unloaded after import = 1

========================================================================
Received Import Request.
  Time since last request: 0.000018 seconds.
  path: Assets/Flooded_Grounds/Prefabs/Buildings/Structures1/Struct_Docking_A.prefab
  artifactKey: Guid(d252560780ba70742afb43ce80fdc2c4) Importer(2089858483,b0f066a214c2f5e87bad3c948f4d605d)
Start importing Assets/Flooded_Grounds/Prefabs/Buildings/Structures1/Struct_Docking_A.prefab using Guid(d252560780ba70742afb43ce80fdc2c4) Importer(2089858483,b0f066a214c2f5e87bad3c948f4d605d) (ScriptedImporter) -> (artifact id: 'bfd35e902b3727f0c3035bd717835832') in 0.0106578 seconds
Number of updated asset objects reloaded before import = 0Number of asset objects unloaded after import = 23

========================================================================
Received Import Request.
  Time since last request: 0.000022 seconds.
  path: Assets/Flooded_Grounds/Content/Meshes/mBuildings/mBarns/Barn1_Mid_A_COL.fbx
  artifactKey: Guid(35176c214241e184099eef1ebab21045) Importer(2089858483,b0f066a214c2f5e87bad3c948f4d605d)
Start importing Assets/Flooded_Grounds/Content/Meshes/mBuildings/mBarns/Barn1_Mid_A_COL.fbx using Guid(35176c214241e184099eef1ebab21045) Importer(2089858483,b0f066a214c2f5e87bad3c948f4d605d) (ScriptedImporter) -> (artifact id: 'c1a3779efb5223810cc91394b5ac608e') in 0.0141136 seconds
Number of updated asset objects reloaded before import = 0Number of asset objects unloaded after import = 7

========================================================================
Received Import Request.
  Time since last request: 0.000028 seconds.
  path: Assets/Flooded_Grounds/PostProcessing/Textures/Spectral LUTs
  artifactKey: Guid(67d9249960fda4c41b0a23a65573a8a2) Importer(2089858483,b0f066a214c2f5e87bad3c948f4d605d)
Start importing Assets/Flooded_Grounds/PostProcessing/Textures/Spectral LUTs using Guid(67d9249960fda4c41b0a23a65573a8a2) Importer(2089858483,b0f066a214c2f5e87bad3c948f4d605d) (ScriptedImporter) -> (artifact id: 'c47e7f8125be3798f2d839edf37f9360') in 0.0086155 seconds
Number of updated asset objects reloaded before import = 0Number of asset objects unloaded after import = 1

========================================================================
Received Import Request.
  Time since last request: 0.000014 seconds.
  path: Assets/Flooded_Grounds/Content/Meshes/mBuildings/mIndBuilding1/IndBuilding1_Deco_Handrail_Mid_A.fbx
  artifactKey: Guid(6895fad8436220440bb373de7ebc170d) Importer(2089858483,b0f066a214c2f5e87bad3c948f4d605d)
Start importing Assets/Flooded_Grounds/Content/Meshes/mBuildings/mIndBuilding1/IndBuilding1_Deco_Handrail_Mid_A.fbx using Guid(6895fad8436220440bb373de7ebc170d) Importer(2089858483,b0f066a214c2f5e87bad3c948f4d605d) (ScriptedImporter) -> (artifact id: '7fd904ff7e5c987b4af20c2db12b22e1') in 0.0143558 seconds
Number of updated asset objects reloaded before import = 0Number of asset objects unloaded after import = 7

========================================================================
Received Import Request.
  Time since last request: 0.000022 seconds.
  path: Assets/Flooded_Grounds/Prefabs/Buildings/Structures1/Struct_Fence1_Mid_C.prefab
  artifactKey: Guid(953345a209e4fe7428046236259c9c7f) Importer(2089858483,b0f066a214c2f5e87bad3c948f4d605d)
Start importing Assets/Flooded_Grounds/Prefabs/Buildings/Structures1/Struct_Fence1_Mid_C.prefab using Guid(953345a209e4fe7428046236259c9c7f) Importer(2089858483,b0f066a214c2f5e87bad3c948f4d605d) (ScriptedImporter) -> (artifact id: 'c40ca072e24842b7b358618cef23fac9') in 0.0102344 seconds
Number of updated asset objects reloaded before import = 0Number of asset objects unloaded after import = 23

========================================================================
Received Import Request.
  Time since last request: 0.000019 seconds.
  path: Assets/Flooded_Grounds/Scripts/FPSController/FpsController.prefab
  artifactKey: Guid(84e1fb248c9ee584a85470162c251253) Importer(2089858483,b0f066a214c2f5e87bad3c948f4d605d)
Start importing Assets/Flooded_Grounds/Scripts/FPSController/FpsController.prefab using Guid(84e1fb248c9ee584a85470162c251253) Importer(2089858483,b0f066a214c2f5e87bad3c948f4d605d) (ScriptedImporter) -> (artifact id: '6b5da93f550ae5ccd0d03d0a7183ca53') in 0.0137088 seconds
Number of updated asset objects reloaded before import = 0Number of asset objects unloaded after import = 12

========================================================================
Received Import Request.
  Time since last request: 0.000016 seconds.
  path: Assets/Flooded_Grounds/Content/Materials/PROP_Car1.mat
  artifactKey: Guid(7133f30d0d44edd4fa2e40eb012e75ed) Importer(2089858483,b0f066a214c2f5e87bad3c948f4d605d)
Start importing Assets/Flooded_Grounds/Content/Materials/PROP_Car1.mat using Guid(7133f30d0d44edd4fa2e40eb012e75ed) Importer(2089858483,b0f066a214c2f5e87bad3c948f4d605d) (ScriptedImporter) -> (artifact id: 'dd702cf867817023447f5c6bdcbdf287') in 0.0307816 seconds
Number of updated asset objects reloaded before import = 0Number of asset objects unloaded after import = 9

========================================================================
Received Import Request.
  Time since last request: 0.000024 seconds.
  path: Assets/Flooded_Grounds/PostProcessing/Resources/Bluenoise64/LDR_LLL1_51.png
  artifactKey: Guid(d5a51525b27e3ee4aadbeb39cbcf0750) Importer(2089858483,b0f066a214c2f5e87bad3c948f4d605d)
Start importing Assets/Flooded_Grounds/PostProcessing/Resources/Bluenoise64/LDR_LLL1_51.png using Guid(d5a51525b27e3ee4aadbeb39cbcf0750) Importer(2089858483,b0f066a214c2f5e87bad3c948f4d605d) (ScriptedImporter) -> (artifact id: 'ab3db2e40fa4dcadebef361bf9f0a0a6') in 0.0139588 seconds
Number of updated asset objects reloaded before import = 0Number of asset objects unloaded after import = 1

========================================================================
Received Import Request.
  Time since last request: 0.000027 seconds.
  path: Assets/Flooded_Grounds/PostProcessing/Resources/Bluenoise64/LDR_LLL1_33.png
  artifactKey: Guid(b71bb466b71fd13449dd736f63caeb67) Importer(2089858483,b0f066a214c2f5e87bad3c948f4d605d)
Start importing Assets/Flooded_Grounds/PostProcessing/Resources/Bluenoise64/LDR_LLL1_33.png using Guid(b71bb466b71fd13449dd736f63caeb67) Importer(2089858483,b0f066a214c2f5e87bad3c948f4d605d) (ScriptedImporter) -> (artifact id: '150a21a79aa5f2b2896a8a5c886d17ad') in 0.0116427 seconds
Number of updated asset objects reloaded before import = 0Number of asset objects unloaded after import = 1

========================================================================
Received Import Request.
  Time since last request: 0.000013 seconds.
  path: Assets/Flooded_Grounds/PostProcessing/Resources/Bluenoise64/LDR_LLL1_23.png
  artifactKey: Guid(bfe953600e8fb1849a804ee08ace7b4c) Importer(2089858483,b0f066a214c2f5e87bad3c948f4d605d)
Start importing Assets/Flooded_Grounds/PostProcessing/Resources/Bluenoise64/LDR_LLL1_23.png using Guid(bfe953600e8fb1849a804ee08ace7b4c) Importer(2089858483,b0f066a214c2f5e87bad3c948f4d605d) (ScriptedImporter) -> (artifact id: '3bc5d172a5f668d579a4251246e54e1c') in 0.0132817 seconds
Number of updated asset objects reloaded before import = 0Number of asset objects unloaded after import = 1

========================================================================
Received Import Request.
  Time since last request: 0.000013 seconds.
  path: Assets/Flooded_Grounds/Prefabs/Nature/Trees/TreeCreator_Bush_A_Textures/translucency_gloss.png
  artifactKey: Guid(0a44ed8ceb7b4db46ada6743f85699ff) Importer(2089858483,b0f066a214c2f5e87bad3c948f4d605d)
Start importing Assets/Flooded_Grounds/Prefabs/Nature/Trees/TreeCreator_Bush_A_Textures/translucency_gloss.png using Guid(0a44ed8ceb7b4db46ada6743f85699ff) Importer(2089858483,b0f066a214c2f5e87bad3c948f4d605d) (ScriptedImporter) -> (artifact id: '3f4256ec78b5193a7f3466d947eae241') in 0.011848 seconds
Number of updated asset objects reloaded before import = 0Number of asset objects unloaded after import = 1

========================================================================
Received Import Request.
  Time since last request: 0.000020 seconds.
  path: Assets/Flooded_Grounds/Content/Textures/PROP_Ship1_AO.tif
  artifactKey: Guid(6186d6ff878b9ee45b72aa1d6261ad43) Importer(2089858483,b0f066a214c2f5e87bad3c948f4d605d)
Start importing Assets/Flooded_Grounds/Content/Textures/PROP_Ship1_AO.tif using Guid(6186d6ff878b9ee45b72aa1d6261ad43) Importer(2089858483,b0f066a214c2f5e87bad3c948f4d605d) (ScriptedImporter) -> (artifact id: 'baf3a20dbc8a1ffa504e0ae6e7ec2b0b') in 0.0111569 seconds
Number of updated asset objects reloaded before import = 0Number of asset objects unloaded after import = 1

========================================================================
Received Import Request.
  Time since last request: 0.000023 seconds.
  path: Assets/Flooded_Grounds/Prefabs/Props/Prop_Rug_B.prefab
  artifactKey: Guid(fac85779e5fda1c4493c6d5276271dde) Importer(2089858483,b0f066a214c2f5e87bad3c948f4d605d)
Start importing Assets/Flooded_Grounds/Prefabs/Props/Prop_Rug_B.prefab using Guid(fac85779e5fda1c4493c6d5276271dde) Importer(2089858483,b0f066a214c2f5e87bad3c948f4d605d) (ScriptedImporter) -> (artifact id: '481d47104febd324ab1d20d05f3022a5') in 0.0220352 seconds
Number of updated asset objects reloaded before import = 0Number of asset objects unloaded after import = 8

========================================================================
Received Import Request.
  Time since last request: 0.000027 seconds.
  path: Assets/Flooded_Grounds/PostProcessing/Textures/LUTs/NeutralLUT_16.png
  artifactKey: Guid(e45483e270a314c4bbc6e317771d56ab) Importer(2089858483,b0f066a214c2f5e87bad3c948f4d605d)
Start importing Assets/Flooded_Grounds/PostProcessing/Textures/LUTs/NeutralLUT_16.png using Guid(e45483e270a314c4bbc6e317771d56ab) Importer(2089858483,b0f066a214c2f5e87bad3c948f4d605d) (ScriptedImporter) -> (artifact id: 'aa03a515fbff7bd768ddcc47120c9d44') in 0.0117181 seconds
Number of updated asset objects reloaded before import = 0Number of asset objects unloaded after import = 1

========================================================================
Received Import Request.
  Time since last request: 0.000017 seconds.
  path: Assets/Flooded_Grounds/Prefabs/Buildings/Villa2/Villa2_Deco_Beam_A.prefab
  artifactKey: Guid(64c457e5b1dd24947babae9551b67286) Importer(2089858483,b0f066a214c2f5e87bad3c948f4d605d)
Start importing Assets/Flooded_Grounds/Prefabs/Buildings/Villa2/Villa2_Deco_Beam_A.prefab using Guid(64c457e5b1dd24947babae9551b67286) Importer(2089858483,b0f066a214c2f5e87bad3c948f4d605d) (ScriptedImporter) -> (artifact id: '560789e1a4effe79b755861d73a9e898') in 0.0129105 seconds
Number of updated asset objects reloaded before import = 0Number of asset objects unloaded after import = 9

========================================================================
Received Import Request.
  Time since last request: 0.000017 seconds.
  path: Assets/Flooded_Grounds/Prefabs/Nature/Trees/TreeCreator_Small_A.prefab
  artifactKey: Guid(df52958adb4ad56498c57fde8525380d) Importer(2089858483,b0f066a214c2f5e87bad3c948f4d605d)
Start importing Assets/Flooded_Grounds/Prefabs/Nature/Trees/TreeCreator_Small_A.prefab using Guid(df52958adb4ad56498c57fde8525380d) Importer(2089858483,b0f066a214c2f5e87bad3c948f4d605d) (ScriptedImporter) -> (artifact id: 'fc5e0666ef2a56d6f67774917e5cdf99') in 0.0309187 seconds
Number of updated asset objects reloaded before import = 0Number of asset objects unloaded after import = 31

========================================================================
Received Import Request.
  Time since last request: 0.000017 seconds.
  path: Assets/Flooded_Grounds/Prefabs/Nature/Trees/TreeCreator_Crinkly_B_Textures/diffuse.png
  artifactKey: Guid(f7ca2177aed2c414b97900eb667a6f0d) Importer(2089858483,b0f066a214c2f5e87bad3c948f4d605d)
Start importing Assets/Flooded_Grounds/Prefabs/Nature/Trees/TreeCreator_Crinkly_B_Textures/diffuse.png using Guid(f7ca2177aed2c414b97900eb667a6f0d) Importer(2089858483,b0f066a214c2f5e87bad3c948f4d605d) (ScriptedImporter) -> (artifact id: '19b6281a8c328a8e56d9a02d9e85d7c1') in 0.0127746 seconds
Number of updated asset objects reloaded before import = 0Number of asset objects unloaded after import = 1

========================================================================
Received Import Request.
  Time since last request: 0.000016 seconds.
  path: Assets/Flooded_Grounds/Content/Materials
  artifactKey: Guid(5c3f1ab731e541841b79f7a5d2f1b27e) Importer(2089858483,b0f066a214c2f5e87bad3c948f4d605d)
Start importing Assets/Flooded_Grounds/Content/Materials using Guid(5c3f1ab731e541841b79f7a5d2f1b27e) Importer(2089858483,b0f066a214c2f5e87bad3c948f4d605d) (ScriptedImporter) -> (artifact id: '8d2499842f2cbf039808b7fefb4ff74a') in 0.0084981 seconds
Number of updated asset objects reloaded before import = 0Number of asset objects unloaded after import = 1

========================================================================
Received Import Request.
  Time since last request: 0.000029 seconds.
  path: Assets/Flooded_Grounds/PostProcessing/Runtime/Components
  artifactKey: Guid(c1f765b2bd3d2ad49b2677f6478a9ba3) Importer(2089858483,b0f066a214c2f5e87bad3c948f4d605d)
Start importing Assets/Flooded_Grounds/PostProcessing/Runtime/Components using Guid(c1f765b2bd3d2ad49b2677f6478a9ba3) Importer(2089858483,b0f066a214c2f5e87bad3c948f4d605d) (ScriptedImporter) -> (artifact id: '2a397d582410c993dbc2df37c5889e95') in 0.009359 seconds
Number of updated asset objects reloaded before import = 0Number of asset objects unloaded after import = 1

========================================================================
Received Import Request.
  Time since last request: 0.000011 seconds.
  path: Assets/Flooded_Grounds/Content/Textures/PROP_Cabinets1_A.tif
  artifactKey: Guid(152087961bad0ad4aa2d2863baa4c853) Importer(2089858483,b0f066a214c2f5e87bad3c948f4d605d)
Start importing Assets/Flooded_Grounds/Content/Textures/PROP_Cabinets1_A.tif using Guid(152087961bad0ad4aa2d2863baa4c853) Importer(2089858483,b0f066a214c2f5e87bad3c948f4d605d) (ScriptedImporter) -> (artifact id: '9749827e0bffd0cd088e29a85d43036a') in 0.0164276 seconds
Number of updated asset objects reloaded before import = 0Number of asset objects unloaded after import = 1

========================================================================
Received Import Request.
  Time since last request: 0.000013 seconds.
  path: Assets/Flooded_Grounds/Content/Meshes/mNature/mBushes
  artifactKey: Guid(955d649fb90c8e14a984ef31f97a97b8) Importer(2089858483,b0f066a214c2f5e87bad3c948f4d605d)
Start importing Assets/Flooded_Grounds/Content/Meshes/mNature/mBushes using Guid(955d649fb90c8e14a984ef31f97a97b8) Importer(2089858483,b0f066a214c2f5e87bad3c948f4d605d) (ScriptedImporter) -> (artifact id: '0367b89032de36590f50248cb8d2aa51') in 0.007829 seconds
Number of updated asset objects reloaded before import = 0Number of asset objects unloaded after import = 1

========================================================================
Received Import Request.
  Time since last request: 0.000012 seconds.
  path: Assets/Flooded_Grounds/PostProcessing/Utilities/CustomMotionTexture/Materials/UVChecker.mat
  artifactKey: Guid(944463113244f4bf8b05c1757cd838a4) Importer(2089858483,b0f066a214c2f5e87bad3c948f4d605d)
Start importing Assets/Flooded_Grounds/PostProcessing/Utilities/CustomMotionTexture/Materials/UVChecker.mat using Guid(944463113244f4bf8b05c1757cd838a4) Importer(2089858483,b0f066a214c2f5e87bad3c948f4d605d) (ScriptedImporter) -> (artifact id: 'f033b80cfaeb865db2108cc665e18c90') in 0.0096609 seconds
Number of updated asset objects reloaded before import = 0Number of asset objects unloaded after import = 2

========================================================================
Received Import Request.
  Time since last request: 0.000014 seconds.
  path: Assets/Flooded_Grounds/Prefabs/Buildings/IndBuilding1/IndBuilding1_Wall_Mid_B.prefab
  artifactKey: Guid(0e2897fcb74ccda48aee1804d6464e2b) Importer(2089858483,b0f066a214c2f5e87bad3c948f4d605d)
Start importing Assets/Flooded_Grounds/Prefabs/Buildings/IndBuilding1/IndBuilding1_Wall_Mid_B.prefab using Guid(0e2897fcb74ccda48aee1804d6464e2b) Importer(2089858483,b0f066a214c2f5e87bad3c948f4d605d) (ScriptedImporter) -> (artifact id: '490f7e1bd1fc229c9ad4c42207c41f2f') in 0.0100438 seconds
Number of updated asset objects reloaded before import = 0Number of asset objects unloaded after import = 9

========================================================================
Received Import Request.
  Time since last request: 0.000018 seconds.
  path: Assets/Flooded_Grounds/PostProcessing/Utilities/CustomMotionTexture/Shaders
  artifactKey: Guid(8e565c240745c49628f96f0573adfa76) Importer(2089858483,b0f066a214c2f5e87bad3c948f4d605d)
Start importing Assets/Flooded_Grounds/PostProcessing/Utilities/CustomMotionTexture/Shaders using Guid(8e565c240745c49628f96f0573adfa76) Importer(2089858483,b0f066a214c2f5e87bad3c948f4d605d) (ScriptedImporter) -> (artifact id: 'b1852528a40c684c4dd81b16624076fb') in 0.0089867 seconds
Number of updated asset objects reloaded before import = 0Number of asset objects unloaded after import = 1

========================================================================
Received Import Request.
  Time since last request: 0.000019 seconds.
  path: Assets/Flooded_Grounds/Prefabs/Buildings/Bridge
  artifactKey: Guid(8702cb03bebe7454a94b7bdbbbb6d8ff) Importer(2089858483,b0f066a214c2f5e87bad3c948f4d605d)
Start importing Assets/Flooded_Grounds/Prefabs/Buildings/Bridge using Guid(8702cb03bebe7454a94b7bdbbbb6d8ff) Importer(2089858483,b0f066a214c2f5e87bad3c948f4d605d) (ScriptedImporter) -> (artifact id: '5aba2da1c9502868f54d319179d08c90') in 0.0096011 seconds
Number of updated asset objects reloaded before import = 0Number of asset objects unloaded after import = 1

========================================================================
Received Import Request.
  Time since last request: 0.000014 seconds.
  path: Assets/Flooded_Grounds/Content/Meshes/mProps/lo_Prop_Vase_A.fbx
  artifactKey: Guid(33f33dc868f91ef4dbcd8e056f537976) Importer(2089858483,b0f066a214c2f5e87bad3c948f4d605d)
Start importing Assets/Flooded_Grounds/Content/Meshes/mProps/lo_Prop_Vase_A.fbx using Guid(33f33dc868f91ef4dbcd8e056f537976) Importer(2089858483,b0f066a214c2f5e87bad3c948f4d605d) (ScriptedImporter) -> (artifact id: 'bb891578f54436077986c42003ea424b') in 0.0130828 seconds
Number of updated asset objects reloaded before import = 0Number of asset objects unloaded after import = 15

========================================================================
Received Import Request.
  Time since last request: 0.000014 seconds.
  path: Assets/Flooded_Grounds/Content/Meshes/mBuildings/mVilla1/Villa1_IntStairs_B_COL.fbx
  artifactKey: Guid(9a53775da8e00df4abed7f0224716aa3) Importer(2089858483,b0f066a214c2f5e87bad3c948f4d605d)
Start importing Assets/Flooded_Grounds/Content/Meshes/mBuildings/mVilla1/Villa1_IntStairs_B_COL.fbx using Guid(9a53775da8e00df4abed7f0224716aa3) Importer(2089858483,b0f066a214c2f5e87bad3c948f4d605d) (ScriptedImporter) -> (artifact id: '78466fd882e4462c27d8b192cb22b607') in 0.0155699 seconds
Number of updated asset objects reloaded before import = 0Number of asset objects unloaded after import = 7

========================================================================
Received Import Request.
  Time since last request: 0.000019 seconds.
  path: Assets/Flooded_Grounds/Content/Materials/BLD_Structures1_LOD.mat
  artifactKey: Guid(4868299c5b3ac2848925175126b6d2fa) Importer(2089858483,b0f066a214c2f5e87bad3c948f4d605d)
Start importing Assets/Flooded_Grounds/Content/Materials/BLD_Structures1_LOD.mat using Guid(4868299c5b3ac2848925175126b6d2fa) Importer(2089858483,b0f066a214c2f5e87bad3c948f4d605d) (ScriptedImporter) -> (artifact id: '28167244bb0da1d42a3d995b1ef65248') in 0.0177147 seconds
Number of updated asset objects reloaded before import = 0Number of asset objects unloaded after import = 3

========================================================================
Received Import Request.
  Time since last request: 0.000016 seconds.
  path: Assets/Flooded_Grounds/PostProcessing/Resources/Shaders/BuiltinDebugViews.shader
  artifactKey: Guid(72127ba7dd8c6b04bb3f29c7ee669813) Importer(2089858483,b0f066a214c2f5e87bad3c948f4d605d)
Start importing Assets/Flooded_Grounds/PostProcessing/Resources/Shaders/BuiltinDebugViews.shader using Guid(72127ba7dd8c6b04bb3f29c7ee669813) Importer(2089858483,b0f066a214c2f5e87bad3c948f4d605d) (ScriptedImporter) -> (artifact id: '776fc316dc71862a36559013ff256970') in 0.0089716 seconds
Number of updated asset objects reloaded before import = 0Number of asset objects unloaded after import = 1

========================================================================
Received Import Request.
  Time since last request: 0.000031 seconds.
  path: Assets/Flooded_Grounds/Prefabs/Buildings/Villa1/Villa1_Wall_Mid_C.prefab
  artifactKey: Guid(1eb7717755343d844afec811c03c3ba2) Importer(2089858483,b0f066a214c2f5e87bad3c948f4d605d)
Start importing Assets/Flooded_Grounds/Prefabs/Buildings/Villa1/Villa1_Wall_Mid_C.prefab using Guid(1eb7717755343d844afec811c03c3ba2) Importer(2089858483,b0f066a214c2f5e87bad3c948f4d605d) (ScriptedImporter) -> (artifact id: '6ef7d06feba142976538396236554707') in 0.0121764 seconds
Number of updated asset objects reloaded before import = 0Number of asset objects unloaded after import = 9

========================================================================
Received Import Request.
  Time since last request: 0.000017 seconds.
  path: Assets/Flooded_Grounds/Prefabs/Atmospherics/ATM_Leaves_B.prefab
  artifactKey: Guid(ab1d7b194de648340a71ccc21062a218) Importer(2089858483,b0f066a214c2f5e87bad3c948f4d605d)
Start importing Assets/Flooded_Grounds/Prefabs/Atmospherics/ATM_Leaves_B.prefab using Guid(ab1d7b194de648340a71ccc21062a218) Importer(2089858483,b0f066a214c2f5e87bad3c948f4d605d) (ScriptedImporter) -> (artifact id: 'fe8c3be7bfc8eaad382fdcb072fe1c39') in 0.0261523 seconds
Number of updated asset objects reloaded before import = 0Number of asset objects unloaded after import = 6

========================================================================
Received Import Request.
  Time since last request: 0.000017 seconds.
  path: Assets/Flooded_Grounds/Prefabs/Buildings/Structures1/Struct_ExtStairs_A.prefab
  artifactKey: Guid(6eccd71b097c68b4589973bf20a0e8e3) Importer(2089858483,b0f066a214c2f5e87bad3c948f4d605d)
Start importing Assets/Flooded_Grounds/Prefabs/Buildings/Structures1/Struct_ExtStairs_A.prefab using Guid(6eccd71b097c68b4589973bf20a0e8e3) Importer(2089858483,b0f066a214c2f5e87bad3c948f4d605d) (ScriptedImporter) -> (artifact id: 'deb6ba6f4874c31623d13902ebdfc6ec') in 0.0171286 seconds
Number of updated asset objects reloaded before import = 0Number of asset objects unloaded after import = 23

========================================================================
Received Import Request.
  Time since last request: 0.000019 seconds.
  path: Assets/Flooded_Grounds/PostProcessing/Resources/Bluenoise64/LDR_LLL1_63.png
  artifactKey: Guid(4a11d65ce13d5f542a0ff136cc2f3fba) Importer(2089858483,b0f066a214c2f5e87bad3c948f4d605d)
Start importing Assets/Flooded_Grounds/PostProcessing/Resources/Bluenoise64/LDR_LLL1_63.png using Guid(4a11d65ce13d5f542a0ff136cc2f3fba) Importer(2089858483,b0f066a214c2f5e87bad3c948f4d605d) (ScriptedImporter) -> (artifact id: '027ff29ac9de537e8a1271374ec8184e') in 0.0125538 seconds
Number of updated asset objects reloaded before import = 0Number of asset objects unloaded after import = 1

========================================================================
Received Import Request.
  Time since last request: 0.000013 seconds.
  path: Assets/Flooded_Grounds/Content/Textures/MISC_Grid2.tif
  artifactKey: Guid(c2658d65b57586f42826ce7dd47cc77c) Importer(2089858483,b0f066a214c2f5e87bad3c948f4d605d)
Start importing Assets/Flooded_Grounds/Content/Textures/MISC_Grid2.tif using Guid(c2658d65b57586f42826ce7dd47cc77c) Importer(2089858483,b0f066a214c2f5e87bad3c948f4d605d) (ScriptedImporter) -> (artifact id: 'b738a9c3473427c82218df9150f6249a') in 0.0119971 seconds
Number of updated asset objects reloaded before import = 0Number of asset objects unloaded after import = 1

========================================================================
Received Import Request.
  Time since last request: 0.000027 seconds.
  path: Assets/Flooded_Grounds/Content/Textures/BLD_IndBuilding1_AO.tif
  artifactKey: Guid(f40d96e16f517974382853481556fd83) Importer(2089858483,b0f066a214c2f5e87bad3c948f4d605d)
Start importing Assets/Flooded_Grounds/Content/Textures/BLD_IndBuilding1_AO.tif using Guid(f40d96e16f517974382853481556fd83) Importer(2089858483,b0f066a214c2f5e87bad3c948f4d605d) (ScriptedImporter) -> (artifact id: '75452aaa3f8b28d75623dbd7eae5ec6c') in 0.0181864 seconds
Number of updated asset objects reloaded before import = 0Number of asset objects unloaded after import = 1

========================================================================
Received Import Request.
  Time since last request: 0.000020 seconds.
  path: Assets/Flooded_Grounds/Content/Meshes/mBuildings/mVilla1/Villa1_Deco_WindowGlass_A.fbx
  artifactKey: Guid(c72be62dd9ba7fd479707075388b6e72) Importer(2089858483,b0f066a214c2f5e87bad3c948f4d605d)
Start importing Assets/Flooded_Grounds/Content/Meshes/mBuildings/mVilla1/Villa1_Deco_WindowGlass_A.fbx using Guid(c72be62dd9ba7fd479707075388b6e72) Importer(2089858483,b0f066a214c2f5e87bad3c948f4d605d) (ScriptedImporter) -> (artifact id: 'cdc1d4110125dcdcd5123b60f4be48cf') in 0.0178547 seconds
Number of updated asset objects reloaded before import = 0Number of asset objects unloaded after import = 7

========================================================================
Received Import Request.
  Time since last request: 0.000027 seconds.
  path: Assets/Flooded_Grounds/Resources/TreeCreator
  artifactKey: Guid(246dd06fbc9340a41b8ab4ec7367e587) Importer(2089858483,b0f066a214c2f5e87bad3c948f4d605d)
Start importing Assets/Flooded_Grounds/Resources/TreeCreator using Guid(246dd06fbc9340a41b8ab4ec7367e587) Importer(2089858483,b0f066a214c2f5e87bad3c948f4d605d) (ScriptedImporter) -> (artifact id: '1a696de47360e0610d9532c0e96a1a35') in 0.0094294 seconds
Number of updated asset objects reloaded before import = 0Number of asset objects unloaded after import = 1

========================================================================
Received Import Request.
  Time since last request: 0.000022 seconds.
  path: Assets/Flooded_Grounds/Content/Meshes/mBuildings/mVilla2/Villa2_Deco_Column_Top_A.fbx
  artifactKey: Guid(09a44f70699a409489f373dfddb6db05) Importer(2089858483,b0f066a214c2f5e87bad3c948f4d605d)
Start importing Assets/Flooded_Grounds/Content/Meshes/mBuildings/mVilla2/Villa2_Deco_Column_Top_A.fbx using Guid(09a44f70699a409489f373dfddb6db05) Importer(2089858483,b0f066a214c2f5e87bad3c948f4d605d) (ScriptedImporter) -> (artifact id: '66dadbf062f4543b781bb7a47b719d60') in 0.0159111 seconds
Number of updated asset objects reloaded before import = 0Number of asset objects unloaded after import = 7

========================================================================
Received Import Request.
  Time since last request: 0.000028 seconds.
  path: Assets/Flooded_Grounds/Content/Trees/SrcTextures/FOL_Trunk1_N.tif
  artifactKey: Guid(8c815fedd86aa034691f5a6df6864d18) Importer(2089858483,b0f066a214c2f5e87bad3c948f4d605d)
Start importing Assets/Flooded_Grounds/Content/Trees/SrcTextures/FOL_Trunk1_N.tif using Guid(8c815fedd86aa034691f5a6df6864d18) Importer(2089858483,b0f066a214c2f5e87bad3c948f4d605d) (ScriptedImporter) -> (artifact id: '146be6c4f50d0cc9db4ce4e76a468f98') in 0.0168588 seconds
Number of updated asset objects reloaded before import = 0Number of asset objects unloaded after import = 1

========================================================================
Received Import Request.
  Time since last request: 0.000016 seconds.
  path: Assets/Flooded_Grounds/Content/Meshes/mBuildings/mStructures/Struct_BillBoard_A.fbx
  artifactKey: Guid(9e67cf32e669f5b40ae00136f4fc5fb8) Importer(2089858483,b0f066a214c2f5e87bad3c948f4d605d)
Start importing Assets/Flooded_Grounds/Content/Meshes/mBuildings/mStructures/Struct_BillBoard_A.fbx using Guid(9e67cf32e669f5b40ae00136f4fc5fb8) Importer(2089858483,b0f066a214c2f5e87bad3c948f4d605d) (ScriptedImporter) -> (artifact id: 'd5d24b22a505e3a342b39fbca3f082c9') in 0.0154331 seconds
Number of updated asset objects reloaded before import = 0Number of asset objects unloaded after import = 20

========================================================================
Received Import Request.
  Time since last request: 0.000014 seconds.
  path: Assets/Flooded_Grounds/Prefabs/Props/Prop_Car1_DM.prefab
  artifactKey: Guid(b3b7096fbf59bdd479179c99cd86d823) Importer(2089858483,b0f066a214c2f5e87bad3c948f4d605d)
Start importing Assets/Flooded_Grounds/Prefabs/Props/Prop_Car1_DM.prefab using Guid(b3b7096fbf59bdd479179c99cd86d823) Importer(2089858483,b0f066a214c2f5e87bad3c948f4d605d) (ScriptedImporter) -> (artifact id: 'dcf8f164832bd1175613d1db05356fb2') in 0.015132 seconds
Number of updated asset objects reloaded before import = 0Number of asset objects unloaded after import = 23

========================================================================
Received Import Request.
  Time since last request: 0.000017 seconds.
  path: Assets/Flooded_Grounds/Prefabs/Buildings/Villa2/Villa2_Roof_Mid_A.prefab
  artifactKey: Guid(02492b235225b7241a6610af36faa921) Importer(2089858483,b0f066a214c2f5e87bad3c948f4d605d)
Start importing Assets/Flooded_Grounds/Prefabs/Buildings/Villa2/Villa2_Roof_Mid_A.prefab using Guid(02492b235225b7241a6610af36faa921) Importer(2089858483,b0f066a214c2f5e87bad3c948f4d605d) (ScriptedImporter) -> (artifact id: 'a1631fb7790434592f0cae37041f24c8') in 0.011635 seconds
Number of updated asset objects reloaded before import = 0Number of asset objects unloaded after import = 9

========================================================================
Received Import Request.
  Time since last request: 0.000020 seconds.
  path: Assets/Flooded_Grounds/Content/Textures/BGR_Ocean_H.tif
  artifactKey: Guid(80dccd4a38b2fe2449a29dbfb3c058fb) Importer(2089858483,b0f066a214c2f5e87bad3c948f4d605d)
Start importing Assets/Flooded_Grounds/Content/Textures/BGR_Ocean_H.tif using Guid(80dccd4a38b2fe2449a29dbfb3c058fb) Importer(2089858483,b0f066a214c2f5e87bad3c948f4d605d) (ScriptedImporter) -> (artifact id: '4670ca817420adc230209ee9c8a50907') in 0.0117496 seconds
Number of updated asset objects reloaded before import = 0Number of asset objects unloaded after import = 1

========================================================================
Received Import Request.
  Time since last request: 0.000032 seconds.
  path: Assets/Flooded_Grounds/Content/Meshes/mNature/mRocks/lo_CobbleRock_B.fbx
  artifactKey: Guid(89bf544328b22bc4da0d56896518402a) Importer(2089858483,b0f066a214c2f5e87bad3c948f4d605d)
Start importing Assets/Flooded_Grounds/Content/Meshes/mNature/mRocks/lo_CobbleRock_B.fbx using Guid(89bf544328b22bc4da0d56896518402a) Importer(2089858483,b0f066a214c2f5e87bad3c948f4d605d) (ScriptedImporter) -> (artifact id: '0c1422f32ad4f9de68c5a4e3221a78d8') in 0.0162814 seconds
Number of updated asset objects reloaded before import = 0Number of asset objects unloaded after import = 20

========================================================================
Received Import Request.
  Time since last request: 0.000017 seconds.
  path: Assets/Flooded_Grounds/PostProcessing/Resources/Shaders/DiskKernels.cginc
  artifactKey: Guid(faeb738b5a2c3ff43bd104dd5b1a275c) Importer(2089858483,b0f066a214c2f5e87bad3c948f4d605d)
Start importing Assets/Flooded_Grounds/PostProcessing/Resources/Shaders/DiskKernels.cginc using Guid(faeb738b5a2c3ff43bd104dd5b1a275c) Importer(2089858483,b0f066a214c2f5e87bad3c948f4d605d) (ScriptedImporter) -> (artifact id: '8d99fe63f4c8d38b5ddd805f30056260') in 0.0096297 seconds
Number of updated asset objects reloaded before import = 0Number of asset objects unloaded after import = 1

========================================================================
Received Import Request.
  Time since last request: 0.000018 seconds.
  path: Assets/Flooded_Grounds/Content/Meshes/mBuildings/mVilla2/Villa2_Wall_Mid_A.fbx
  artifactKey: Guid(1734aa20b000ddf44a644518efe5268a) Importer(2089858483,b0f066a214c2f5e87bad3c948f4d605d)
Start importing Assets/Flooded_Grounds/Content/Meshes/mBuildings/mVilla2/Villa2_Wall_Mid_A.fbx using Guid(1734aa20b000ddf44a644518efe5268a) Importer(2089858483,b0f066a214c2f5e87bad3c948f4d605d) (ScriptedImporter) -> (artifact id: '4f134732904894114b44b02281c053d8') in 0.0122021 seconds
Number of updated asset objects reloaded before import = 0Number of asset objects unloaded after import = 7

========================================================================
Received Import Request.
  Time since last request: 0.000015 seconds.
  path: Assets/Flooded_Grounds/Prefabs/Buildings/BrickHouse/BrickHouse_Deco_IntColumn_A.prefab
  artifactKey: Guid(91aa488086ba1864bac8975b7b13487b) Importer(2089858483,b0f066a214c2f5e87bad3c948f4d605d)
Start importing Assets/Flooded_Grounds/Prefabs/Buildings/BrickHouse/BrickHouse_Deco_IntColumn_A.prefab using Guid(91aa488086ba1864bac8975b7b13487b) Importer(2089858483,b0f066a214c2f5e87bad3c948f4d605d) (ScriptedImporter) -> (artifact id: '2f2c72c387f6ccbb667b0712c8e02ed0') in 0.0125161 seconds
Number of updated asset objects reloaded before import = 0Number of asset objects unloaded after import = 9

========================================================================
Received Import Request.
  Time since last request: 0.000023 seconds.
  path: Assets/Flooded_Grounds/Prefabs/Props/Prop_Lamp_C.prefab
  artifactKey: Guid(5f0de5ff8858bdd408bd91760c8c70da) Importer(2089858483,b0f066a214c2f5e87bad3c948f4d605d)
Start importing Assets/Flooded_Grounds/Prefabs/Props/Prop_Lamp_C.prefab using Guid(5f0de5ff8858bdd408bd91760c8c70da) Importer(2089858483,b0f066a214c2f5e87bad3c948f4d605d) (ScriptedImporter) -> (artifact id: '2e8f0576accf652510eb290000ec91cb') in 0.0115903 seconds
Number of updated asset objects reloaded before import = 0Number of asset objects unloaded after import = 17

========================================================================
Received Import Request.
  Time since last request: 0.000025 seconds.
  path: Assets/Flooded_Grounds/Content/Textures/NAT_Rocks1_A.tif
  artifactKey: Guid(d7e7d2f467c11f145b19071766826717) Importer(2089858483,b0f066a214c2f5e87bad3c948f4d605d)
Start importing Assets/Flooded_Grounds/Content/Textures/NAT_Rocks1_A.tif using Guid(d7e7d2f467c11f145b19071766826717) Importer(2089858483,b0f066a214c2f5e87bad3c948f4d605d) (ScriptedImporter) -> (artifact id: 'e61359d6962f36118015460980403476') in 0.0168064 seconds
Number of updated asset objects reloaded before import = 0Number of asset objects unloaded after import = 1

========================================================================
Received Import Request.
  Time since last request: 0.000022 seconds.
  path: Assets/Flooded_Grounds/Prefabs/Nature/Grass/Grass_Med_A.prefab
  artifactKey: Guid(5d46f571dcc2a664381f8adff96066b2) Importer(2089858483,b0f066a214c2f5e87bad3c948f4d605d)
Start importing Assets/Flooded_Grounds/Prefabs/Nature/Grass/Grass_Med_A.prefab using Guid(5d46f571dcc2a664381f8adff96066b2) Importer(2089858483,b0f066a214c2f5e87bad3c948f4d605d) (ScriptedImporter) -> (artifact id: '1144d524bdde4318b1c425f5e26ce2f4') in 0.0139286 seconds
Number of updated asset objects reloaded before import = 0Number of asset objects unloaded after import = 8

========================================================================
Received Import Request.
  Time since last request: 0.000017 seconds.
  path: Assets/Flooded_Grounds/PostProcessing/Resources/Shaders/DepthOfField.shader
  artifactKey: Guid(ac8ed710934a3564686a096bb351caee) Importer(2089858483,b0f066a214c2f5e87bad3c948f4d605d)
Start importing Assets/Flooded_Grounds/PostProcessing/Resources/Shaders/DepthOfField.shader using Guid(ac8ed710934a3564686a096bb351caee) Importer(2089858483,b0f066a214c2f5e87bad3c948f4d605d) (ScriptedImporter) -> (artifact id: '14d9624e46343af1d908ddceec6eddde') in 0.0122939 seconds
Number of updated asset objects reloaded before import = 0Number of asset objects unloaded after import = 1

========================================================================
Received Import Request.
  Time since last request: 0.000013 seconds.
  path: Assets/Flooded_Grounds/Content/Trees/SrcMaterials/Branch1.mat
  artifactKey: Guid(e2b1787858919764498bf5efb8d00efe) Importer(2089858483,b0f066a214c2f5e87bad3c948f4d605d)
Start importing Assets/Flooded_Grounds/Content/Trees/SrcMaterials/Branch1.mat using Guid(e2b1787858919764498bf5efb8d00efe) Importer(2089858483,b0f066a214c2f5e87bad3c948f4d605d) (ScriptedImporter) -> (artifact id: '2e0546d7b59aad7160d9b13dd3134592') in 0.0749968 seconds
Number of updated asset objects reloaded before import = 0Number of asset objects unloaded after import = 5

========================================================================
Received Import Request.
  Time since last request: 0.000021 seconds.
  path: Assets/Flooded_Grounds/Content/Animations
  artifactKey: Guid(88d2ed1657dfc3041942d4a7e4abe7c8) Importer(2089858483,b0f066a214c2f5e87bad3c948f4d605d)
Start importing Assets/Flooded_Grounds/Content/Animations using Guid(88d2ed1657dfc3041942d4a7e4abe7c8) Importer(2089858483,b0f066a214c2f5e87bad3c948f4d605d) (ScriptedImporter) -> (artifact id: '87bd9bc10952f13f6e4a86bd7f541fc1') in 0.0077916 seconds
Number of updated asset objects reloaded before import = 0Number of asset objects unloaded after import = 1

========================================================================
Received Import Request.
  Time since last request: 0.000025 seconds.
  path: Assets/Flooded_Grounds/Content/Textures/PROP_FlyingSaucer1_MS.tif
  artifactKey: Guid(f9b7e74c1f1e3a54f953c5f710d8cdfa) Importer(2089858483,b0f066a214c2f5e87bad3c948f4d605d)
Start importing Assets/Flooded_Grounds/Content/Textures/PROP_FlyingSaucer1_MS.tif using Guid(f9b7e74c1f1e3a54f953c5f710d8cdfa) Importer(2089858483,b0f066a214c2f5e87bad3c948f4d605d) (ScriptedImporter) -> (artifact id: '0d399d22d9374d33ccb327271a881dbd') in 0.0138277 seconds
Number of updated asset objects reloaded before import = 0Number of asset objects unloaded after import = 1

========================================================================
Received Import Request.
  Time since last request: 0.000017 seconds.
  path: Assets/Flooded_Grounds/Content/Trees/SrcMeshes/Branch2.fbx
  artifactKey: Guid(c45db3df3d0554e48af5b3c8a011cd75) Importer(2089858483,b0f066a214c2f5e87bad3c948f4d605d)
Start importing Assets/Flooded_Grounds/Content/Trees/SrcMeshes/Branch2.fbx using Guid(c45db3df3d0554e48af5b3c8a011cd75) Importer(2089858483,b0f066a214c2f5e87bad3c948f4d605d) (ScriptedImporter) -> (artifact id: 'bdfc3ff4f9e1233d8d798c212be07f68') in 0.0119408 seconds
Number of updated asset objects reloaded before import = 0Number of asset objects unloaded after import = 7

========================================================================
Received Import Request.
  Time since last request: 0.000019 seconds.
  path: Assets/Flooded_Grounds/Content/Meshes/mBuildings/mVilla1/Villa1_Floor_Mid_A.fbx
  artifactKey: Guid(2d0a5922ec5df8744a7ee8432238ba3a) Importer(2089858483,b0f066a214c2f5e87bad3c948f4d605d)
Start importing Assets/Flooded_Grounds/Content/Meshes/mBuildings/mVilla1/Villa1_Floor_Mid_A.fbx using Guid(2d0a5922ec5df8744a7ee8432238ba3a) Importer(2089858483,b0f066a214c2f5e87bad3c948f4d605d) (ScriptedImporter) -> (artifact id: '19e10a625ed768759500f559a03337f7') in 0.0170367 seconds
Number of updated asset objects reloaded before import = 0Number of asset objects unloaded after import = 7

========================================================================
Received Import Request.
  Time since last request: 0.000018 seconds.
  path: Assets/Flooded_Grounds/Content/Meshes/mBuildings/mVilla2/Villa2_Wall_Int_A.fbx
  artifactKey: Guid(a79322822d34c9a439a2fbb5dc1d7ec5) Importer(2089858483,b0f066a214c2f5e87bad3c948f4d605d)
Start importing Assets/Flooded_Grounds/Content/Meshes/mBuildings/mVilla2/Villa2_Wall_Int_A.fbx using Guid(a79322822d34c9a439a2fbb5dc1d7ec5) Importer(2089858483,b0f066a214c2f5e87bad3c948f4d605d) (ScriptedImporter) -> (artifact id: '80b5f2487957a9f98627bf8832ae97b0') in 0.0128674 seconds
Number of updated asset objects reloaded before import = 0Number of asset objects unloaded after import = 7

========================================================================
Received Import Request.
  Time since last request: 0.000019 seconds.
  path: Assets/Flooded_Grounds/Content/Textures/PROP_FlyingSaucer1_N.tif
  artifactKey: Guid(6c546f90bdb2f3d478d9ec25c127d540) Importer(2089858483,b0f066a214c2f5e87bad3c948f4d605d)
Start importing Assets/Flooded_Grounds/Content/Textures/PROP_FlyingSaucer1_N.tif using Guid(6c546f90bdb2f3d478d9ec25c127d540) Importer(2089858483,b0f066a214c2f5e87bad3c948f4d605d) (ScriptedImporter) -> (artifact id: '0daa18b1b7e7a62e409b0849680c0a33') in 0.0210914 seconds
Number of updated asset objects reloaded before import = 0Number of asset objects unloaded after import = 1

========================================================================
Received Import Request.
  Time since last request: 0.000025 seconds.
  path: Assets/Flooded_Grounds/PostProcessing/Resources/Shaders/EyeAdaptation.shader
  artifactKey: Guid(81899cddfbc72494497a6db0ae045f2c) Importer(2089858483,b0f066a214c2f5e87bad3c948f4d605d)
Start importing Assets/Flooded_Grounds/PostProcessing/Resources/Shaders/EyeAdaptation.shader using Guid(81899cddfbc72494497a6db0ae045f2c) Importer(2089858483,b0f066a214c2f5e87bad3c948f4d605d) (ScriptedImporter) -> (artifact id: 'a1f0bc57a19e5dc2b7cc4d243355369d') in 0.0160532 seconds
Number of updated asset objects reloaded before import = 0Number of asset objects unloaded after import = 1

========================================================================
Received Import Request.
  Time since last request: 0.000016 seconds.
  path: Assets/Flooded_Grounds/Content/Meshes/mProps/Prop_Painting_D.fbx
  artifactKey: Guid(db075b91a6fa7874a88bacb72348afd8) Importer(2089858483,b0f066a214c2f5e87bad3c948f4d605d)
Start importing Assets/Flooded_Grounds/Content/Meshes/mProps/Prop_Painting_D.fbx using Guid(db075b91a6fa7874a88bacb72348afd8) Importer(2089858483,b0f066a214c2f5e87bad3c948f4d605d) (ScriptedImporter) -> (artifact id: '54ba6ad1b2c18fd0245b2a17d8b3bb92') in 0.0212499 seconds
Number of updated asset objects reloaded before import = 0Number of asset objects unloaded after import = 7

========================================================================
Received Import Request.
  Time since last request: 0.000017 seconds.
  path: Assets/Flooded_Grounds/Prefabs/Buildings/GreenHouse
  artifactKey: Guid(d31c89195a4ec9e428e68799a5e3a525) Importer(2089858483,b0f066a214c2f5e87bad3c948f4d605d)
Start importing Assets/Flooded_Grounds/Prefabs/Buildings/GreenHouse using Guid(d31c89195a4ec9e428e68799a5e3a525) Importer(2089858483,b0f066a214c2f5e87bad3c948f4d605d) (ScriptedImporter) -> (artifact id: '481bd6a6f4d82089ae9205c614b67376') in 0.0094738 seconds
Number of updated asset objects reloaded before import = 0Number of asset objects unloaded after import = 1

========================================================================
Received Import Request.
  Time since last request: 0.000015 seconds.
  path: Assets/Flooded_Grounds/Resources/TreeCreator/TreeCreatorBarkOptimized.shader
  artifactKey: Guid(db6aa165e16df4c468e10d58b72a89b0) Importer(2089858483,b0f066a214c2f5e87bad3c948f4d605d)
Start importing Assets/Flooded_Grounds/Resources/TreeCreator/TreeCreatorBarkOptimized.shader using Guid(db6aa165e16df4c468e10d58b72a89b0) Importer(2089858483,b0f066a214c2f5e87bad3c948f4d605d) (ScriptedImporter) -> (artifact id: 'd538baa760d6b29a08276d8e50edcb64') in 0.0117706 seconds
Number of updated asset objects reloaded before import = 0Number of asset objects unloaded after import = 1

========================================================================
Received Import Request.
  Time since last request: 0.000022 seconds.
  path: Assets/Flooded_Grounds/Content/Materials/PROP_Beds1.mat
  artifactKey: Guid(048551a7027c3774882e78dd53e504c7) Importer(2089858483,b0f066a214c2f5e87bad3c948f4d605d)
Start importing Assets/Flooded_Grounds/Content/Materials/PROP_Beds1.mat using Guid(048551a7027c3774882e78dd53e504c7) Importer(2089858483,b0f066a214c2f5e87bad3c948f4d605d) (ScriptedImporter) -> (artifact id: '4a79e99c735d8a8a61debcca14f58e94') in 0.0187041 seconds
Number of updated asset objects reloaded before import = 0Number of asset objects unloaded after import = 6

========================================================================
Received Import Request.
  Time since last request: 0.000032 seconds.
  path: Assets/Flooded_Grounds/Content/Meshes/mBuildings/mVilla2/Villa2_Top_Cor_C.fbx
  artifactKey: Guid(8c56f6f982a971643a69658635f23313) Importer(2089858483,b0f066a214c2f5e87bad3c948f4d605d)
Start importing Assets/Flooded_Grounds/Content/Meshes/mBuildings/mVilla2/Villa2_Top_Cor_C.fbx using Guid(8c56f6f982a971643a69658635f23313) Importer(2089858483,b0f066a214c2f5e87bad3c948f4d605d) (ScriptedImporter) -> (artifact id: '6bd9f69d3e0d7dda8a761628ab465cbb') in 0.0157677 seconds
Number of updated asset objects reloaded before import = 0Number of asset objects unloaded after import = 7

========================================================================
Received Import Request.
  Time since last request: 0.000018 seconds.
  path: Assets/Flooded_Grounds/Prefabs/Buildings/Villa1/Villa1_Floor_Mid_B.prefab
  artifactKey: Guid(6a62bff5fa244c447b5f2c5eea538a98) Importer(2089858483,b0f066a214c2f5e87bad3c948f4d605d)
Start importing Assets/Flooded_Grounds/Prefabs/Buildings/Villa1/Villa1_Floor_Mid_B.prefab using Guid(6a62bff5fa244c447b5f2c5eea538a98) Importer(2089858483,b0f066a214c2f5e87bad3c948f4d605d) (ScriptedImporter) -> (artifact id: '3d2e66c1a657e664579cf5b4b8f0c2de') in 0.0162056 seconds
Number of updated asset objects reloaded before import = 0Number of asset objects unloaded after import = 9

========================================================================
Received Import Request.
  Time since last request: 0.000024 seconds.
  path: Assets/Flooded_Grounds/Prefabs/Backgrounds/BGR_Factory_A.prefab
  artifactKey: Guid(e5a349e90b7eb7a4a8bb302d1f815dd7) Importer(2089858483,b0f066a214c2f5e87bad3c948f4d605d)
Start importing Assets/Flooded_Grounds/Prefabs/Backgrounds/BGR_Factory_A.prefab using Guid(e5a349e90b7eb7a4a8bb302d1f815dd7) Importer(2089858483,b0f066a214c2f5e87bad3c948f4d605d) (ScriptedImporter) -> (artifact id: 'a6cfa69c2ed963ee8a5698ce87b12421') in 0.0126683 seconds
Number of updated asset objects reloaded before import = 0Number of asset objects unloaded after import = 8

========================================================================
Received Import Request.
  Time since last request: 0.000013 seconds.
  path: Assets/Flooded_Grounds/Content/Textures/BLD_Church1_MS.tif
  artifactKey: Guid(c3a0fe73b1e00a747b8c28bcf0af0e55) Importer(2089858483,b0f066a214c2f5e87bad3c948f4d605d)
Start importing Assets/Flooded_Grounds/Content/Textures/BLD_Church1_MS.tif using Guid(c3a0fe73b1e00a747b8c28bcf0af0e55) Importer(2089858483,b0f066a214c2f5e87bad3c948f4d605d) (ScriptedImporter) -> (artifact id: '039cfabafb65ba5b5529b38358d8cd7b') in 0.0148598 seconds
Number of updated asset objects reloaded before import = 0Number of asset objects unloaded after import = 1

========================================================================
Received Import Request.
  Time since last request: 0.000018 seconds.
  path: Assets/Flooded_Grounds/Content/Meshes
  artifactKey: Guid(b0c2362a8da0821488cf6e1395a8d047) Importer(2089858483,b0f066a214c2f5e87bad3c948f4d605d)
Start importing Assets/Flooded_Grounds/Content/Meshes using Guid(b0c2362a8da0821488cf6e1395a8d047) Importer(2089858483,b0f066a214c2f5e87bad3c948f4d605d) (ScriptedImporter) -> (artifact id: '7ab3a4cc9589226610e10caafa210514') in 0.0079711 seconds
Number of updated asset objects reloaded before import = 0Number of asset objects unloaded after import = 1

========================================================================
Received Import Request.
  Time since last request: 0.000025 seconds.
  path: Assets/Flooded_Grounds/Content/Meshes/mBuildings/mVilla2/Villa2_IntStairs_B_COL.fbx
  artifactKey: Guid(ff5b3bb432adde946bb798fed576dfa6) Importer(2089858483,b0f066a214c2f5e87bad3c948f4d605d)
Start importing Assets/Flooded_Grounds/Content/Meshes/mBuildings/mVilla2/Villa2_IntStairs_B_COL.fbx using Guid(ff5b3bb432adde946bb798fed576dfa6) Importer(2089858483,b0f066a214c2f5e87bad3c948f4d605d) (ScriptedImporter) -> (artifact id: '7c98eb4619150bebdb59948d09afd62d') in 0.0131072 seconds
Number of updated asset objects reloaded before import = 0Number of asset objects unloaded after import = 7

========================================================================
Received Import Request.
  Time since last request: 0.000019 seconds.
  path: Assets/Flooded_Grounds/PostProcessing/Editor Resources/UI
  artifactKey: Guid(df37d60cc69b7b04d9705a74938179e7) Importer(2089858483,b0f066a214c2f5e87bad3c948f4d605d)
Start importing Assets/Flooded_Grounds/PostProcessing/Editor Resources/UI using Guid(df37d60cc69b7b04d9705a74938179e7) Importer(2089858483,b0f066a214c2f5e87bad3c948f4d605d) (ScriptedImporter) -> (artifact id: 'cb1a4020293c0805ec4d18fbe81747d5') in 0.0107862 seconds
Number of updated asset objects reloaded before import = 0Number of asset objects unloaded after import = 1

========================================================================
Received Import Request.
  Time since last request: 0.000014 seconds.
  path: Assets/Flooded_Grounds/Prefabs/Buildings/Villa1/Villa1_Deco_WindowGlass_C.prefab
  artifactKey: Guid(058d6c4dd4db88e4f8b9dbe1b34054ac) Importer(2089858483,b0f066a214c2f5e87bad3c948f4d605d)
Start importing Assets/Flooded_Grounds/Prefabs/Buildings/Villa1/Villa1_Deco_WindowGlass_C.prefab using Guid(058d6c4dd4db88e4f8b9dbe1b34054ac) Importer(2089858483,b0f066a214c2f5e87bad3c948f4d605d) (ScriptedImporter) -> (artifact id: 'a24090d0d1836efa6c8d4ba14d501387') in 0.0134324 seconds
Number of updated asset objects reloaded before import = 0Number of asset objects unloaded after import = 8

========================================================================
Received Import Request.
  Time since last request: 0.000014 seconds.
  path: Assets/Flooded_Grounds/PostProcessing/Resources/Bluenoise64/LDR_LLL1_7.png
  artifactKey: Guid(3ac02e7e783571c468f9c086d2384ba7) Importer(2089858483,b0f066a214c2f5e87bad3c948f4d605d)
Start importing Assets/Flooded_Grounds/PostProcessing/Resources/Bluenoise64/LDR_LLL1_7.png using Guid(3ac02e7e783571c468f9c086d2384ba7) Importer(2089858483,b0f066a214c2f5e87bad3c948f4d605d) (ScriptedImporter) -> (artifact id: 'c4c071c8547b900b89ff564c4f0c73f6') in 0.0122536 seconds
Number of updated asset objects reloaded before import = 0Number of asset objects unloaded after import = 1

========================================================================
Received Import Request.
  Time since last request: 0.000021 seconds.
  path: Assets/Flooded_Grounds/Content/Meshes/mBuildings/mVilla1
  artifactKey: Guid(67b7d11740af83840882b83ae782badc) Importer(2089858483,b0f066a214c2f5e87bad3c948f4d605d)
Start importing Assets/Flooded_Grounds/Content/Meshes/mBuildings/mVilla1 using Guid(67b7d11740af83840882b83ae782badc) Importer(2089858483,b0f066a214c2f5e87bad3c948f4d605d) (ScriptedImporter) -> (artifact id: '159cda316fac8ea69a223dee1573701e') in 0.009159 seconds
Number of updated asset objects reloaded before import = 0Number of asset objects unloaded after import = 1

========================================================================
Received Import Request.
  Time since last request: 0.000028 seconds.
  path: Assets/Flooded_Grounds/Prefabs/Buildings/Structures1/Struct_Pavilion_B.prefab
  artifactKey: Guid(d2c499d59bc20854b8bd6d43bbfb4ca5) Importer(2089858483,b0f066a214c2f5e87bad3c948f4d605d)
Start importing Assets/Flooded_Grounds/Prefabs/Buildings/Structures1/Struct_Pavilion_B.prefab using Guid(d2c499d59bc20854b8bd6d43bbfb4ca5) Importer(2089858483,b0f066a214c2f5e87bad3c948f4d605d) (ScriptedImporter) -> (artifact id: '5e034bbec09b238b3ce1edd88478a085') in 0.0142646 seconds
Number of updated asset objects reloaded before import = 0Number of asset objects unloaded after import = 10

========================================================================
Received Import Request.
  Time since last request: 0.000017 seconds.
  path: Assets/Flooded_Grounds/Content/Meshes/mBuildings/mIndBuilding1/IndBuilding1_Deco_Column_Base.fbx
  artifactKey: Guid(769de98d64e118c41bd1d3a37b0c995c) Importer(2089858483,b0f066a214c2f5e87bad3c948f4d605d)
Start importing Assets/Flooded_Grounds/Content/Meshes/mBuildings/mIndBuilding1/IndBuilding1_Deco_Column_Base.fbx using Guid(769de98d64e118c41bd1d3a37b0c995c) Importer(2089858483,b0f066a214c2f5e87bad3c948f4d605d) (ScriptedImporter) -> (artifact id: 'a963261068777dc06816463160b4ebf0') in 0.0195415 seconds
Number of updated asset objects reloaded before import = 0Number of asset objects unloaded after import = 7

========================================================================
Received Import Request.
  Time since last request: 0.000016 seconds.
  path: Assets/Flooded_Grounds/PostProcessing/Resources/Bluenoise64/LDR_LLL1_54.png
  artifactKey: Guid(936dea238abb0864ab3985a995e16a29) Importer(2089858483,b0f066a214c2f5e87bad3c948f4d605d)
Start importing Assets/Flooded_Grounds/PostProcessing/Resources/Bluenoise64/LDR_LLL1_54.png using Guid(936dea238abb0864ab3985a995e16a29) Importer(2089858483,b0f066a214c2f5e87bad3c948f4d605d) (ScriptedImporter) -> (artifact id: 'cd7c6d6a2d76daed7feaa2fac2eded58') in 0.0143169 seconds
Number of updated asset objects reloaded before import = 0Number of asset objects unloaded after import = 1

========================================================================
Received Import Request.
  Time since last request: 0.000013 seconds.
  path: Assets/Flooded_Grounds/Scripts/FPSDisplay.cs
  artifactKey: Guid(54ad3e86c03a17243aeb93461e5fd054) Importer(2089858483,b0f066a214c2f5e87bad3c948f4d605d)
Start importing Assets/Flooded_Grounds/Scripts/FPSDisplay.cs using Guid(54ad3e86c03a17243aeb93461e5fd054) Importer(2089858483,b0f066a214c2f5e87bad3c948f4d605d) (ScriptedImporter) -> (artifact id: '27058aa7afa7c2fd795d63861e33e79f') in 0.0093864 seconds
Number of updated asset objects reloaded before import = 0Number of asset objects unloaded after import = 0

========================================================================
Received Import Request.
  Time since last request: 0.000023 seconds.
  path: Assets/Flooded_Grounds/PostProcessing/Resources/Shaders
  artifactKey: Guid(e039bcc30d13c9341aa224f4e89f21b3) Importer(2089858483,b0f066a214c2f5e87bad3c948f4d605d)
Start importing Assets/Flooded_Grounds/PostProcessing/Resources/Shaders using Guid(e039bcc30d13c9341aa224f4e89f21b3) Importer(2089858483,b0f066a214c2f5e87bad3c948f4d605d) (ScriptedImporter) -> (artifact id: 'fdf5024d67fb89a4c9f9c9f27e9646e4') in 0.008771 seconds
Number of updated asset objects reloaded before import = 0Number of asset objects unloaded after import = 1

========================================================================
Received Import Request.
  Time since last request: 0.000023 seconds.
  path: Assets/Flooded_Grounds/Prefabs/Buildings/Villa1/Villa1_Roof_Mid_A.prefab
  artifactKey: Guid(6c1222a5c1b101d4b8780debc7845431) Importer(2089858483,b0f066a214c2f5e87bad3c948f4d605d)
Start importing Assets/Flooded_Grounds/Prefabs/Buildings/Villa1/Villa1_Roof_Mid_A.prefab using Guid(6c1222a5c1b101d4b8780debc7845431) Importer(2089858483,b0f066a214c2f5e87bad3c948f4d605d) (ScriptedImporter) -> (artifact id: '17f5d94938faaf4e125235140d216ed0') in 0.0140081 seconds
Number of updated asset objects reloaded before import = 0Number of asset objects unloaded after import = 9

========================================================================
Received Import Request.
  Time since last request: 0.000022 seconds.
  path: Assets/Flooded_Grounds/Prefabs/Buildings/Structures1/Struct_Fence1_Gate_B.prefab
  artifactKey: Guid(4b8bfd825ef8db444b6bb8add0914c2c) Importer(2089858483,b0f066a214c2f5e87bad3c948f4d605d)
Start importing Assets/Flooded_Grounds/Prefabs/Buildings/Structures1/Struct_Fence1_Gate_B.prefab using Guid(4b8bfd825ef8db444b6bb8add0914c2c) Importer(2089858483,b0f066a214c2f5e87bad3c948f4d605d) (ScriptedImporter) -> (artifact id: 'c1eda251c8cd5d5c087e39660e413a7a') in 0.0115445 seconds
Number of updated asset objects reloaded before import = 0Number of asset objects unloaded after import = 23

========================================================================
Received Import Request.
  Time since last request: 0.000016 seconds.
  path: Assets/Flooded_Grounds/Content/Meshes/mBuildings/mIndBuilding1/IndBuilding1_Roof_Mid_A_4x.fbx
  artifactKey: Guid(9a89e08d03f8cae4b9892be5973cd34c) Importer(2089858483,b0f066a214c2f5e87bad3c948f4d605d)
Start importing Assets/Flooded_Grounds/Content/Meshes/mBuildings/mIndBuilding1/IndBuilding1_Roof_Mid_A_4x.fbx using Guid(9a89e08d03f8cae4b9892be5973cd34c) Importer(2089858483,b0f066a214c2f5e87bad3c948f4d605d) (ScriptedImporter) -> (artifact id: 'f29a63f69314e826d5ab2ef2e64b2e15') in 0.0150348 seconds
Number of updated asset objects reloaded before import = 0Number of asset objects unloaded after import = 7

========================================================================
Received Import Request.
  Time since last request: 0.000032 seconds.
  path: Assets/Flooded_Grounds/Content/Meshes/mBuildings/mIndBuilding1/IndBuilding1_Deco_Column_Top.fbx
  artifactKey: Guid(bd3e2badff96c274abd9c594596fd1f0) Importer(2089858483,b0f066a214c2f5e87bad3c948f4d605d)
Start importing Assets/Flooded_Grounds/Content/Meshes/mBuildings/mIndBuilding1/IndBuilding1_Deco_Column_Top.fbx using Guid(bd3e2badff96c274abd9c594596fd1f0) Importer(2089858483,b0f066a214c2f5e87bad3c948f4d605d) (ScriptedImporter) -> (artifact id: 'd56c3b3a56c163b3884acc3016950908') in 0.0134699 seconds
Number of updated asset objects reloaded before import = 0Number of asset objects unloaded after import = 7

========================================================================
Received Import Request.
  Time since last request: 0.000019 seconds.
  path: Assets/Flooded_Grounds/Content/Meshes/mBuildings/mBrickHouse
  artifactKey: Guid(cde2a85576273a749b7469b0e912e009) Importer(2089858483,b0f066a214c2f5e87bad3c948f4d605d)
Start importing Assets/Flooded_Grounds/Content/Meshes/mBuildings/mBrickHouse using Guid(cde2a85576273a749b7469b0e912e009) Importer(2089858483,b0f066a214c2f5e87bad3c948f4d605d) (ScriptedImporter) -> (artifact id: 'be871881ac733df1c8a78d4450aa067b') in 0.0091684 seconds
Number of updated asset objects reloaded before import = 0Number of asset objects unloaded after import = 1

========================================================================
Received Import Request.
  Time since last request: 0.000020 seconds.
  path: Assets/Flooded_Grounds/Content/Meshes/mBuildings/mVilla2/Villa2_Wall_Mid_E.fbx
  artifactKey: Guid(f541faddef363a44bb98ab27fb36668b) Importer(2089858483,b0f066a214c2f5e87bad3c948f4d605d)
Start importing Assets/Flooded_Grounds/Content/Meshes/mBuildings/mVilla2/Villa2_Wall_Mid_E.fbx using Guid(f541faddef363a44bb98ab27fb36668b) Importer(2089858483,b0f066a214c2f5e87bad3c948f4d605d) (ScriptedImporter) -> (artifact id: 'cf612a725d3d365e7c684c671262ed77') in 0.0153562 seconds
Number of updated asset objects reloaded before import = 0Number of asset objects unloaded after import = 7

========================================================================
Received Import Request.
  Time since last request: 0.000018 seconds.
  path: Assets/Flooded_Grounds/Prefabs/Buildings/Structures1/Struct_Fence1_Column_A.prefab
  artifactKey: Guid(74e94f0416ca474418749ee6c97439b2) Importer(2089858483,b0f066a214c2f5e87bad3c948f4d605d)
Start importing Assets/Flooded_Grounds/Prefabs/Buildings/Structures1/Struct_Fence1_Column_A.prefab using Guid(74e94f0416ca474418749ee6c97439b2) Importer(2089858483,b0f066a214c2f5e87bad3c948f4d605d) (ScriptedImporter) -> (artifact id: 'e11c23bee3741e6cb870b29a2d11b86e') in 0.0115005 seconds
Number of updated asset objects reloaded before import = 0Number of asset objects unloaded after import = 9

========================================================================
Received Import Request.
  Time since last request: 0.000016 seconds.
  path: Assets/Flooded_Grounds/Scenes/Scene_A/LightingData.asset
  artifactKey: Guid(b2096a5c2235a0a48a9af9a3a42f4b87) Importer(2089858483,b0f066a214c2f5e87bad3c948f4d605d)
Start importing Assets/Flooded_Grounds/Scenes/Scene_A/LightingData.asset using Guid(b2096a5c2235a0a48a9af9a3a42f4b87) Importer(2089858483,b0f066a214c2f5e87bad3c948f4d605d) (ScriptedImporter) -> (artifact id: 'db7bd88ddc0e25d9c25f7d42937ebf6c') in 0.0106366 seconds
Number of updated asset objects reloaded before import = 0Number of asset objects unloaded after import = 2

========================================================================
Received Import Request.
  Time since last request: 0.000014 seconds.
  path: Assets/Flooded_Grounds/Content/Materials/PROP_Boat1.mat
  artifactKey: Guid(e84fb6d56e433824fad1b71e95adaa05) Importer(2089858483,b0f066a214c2f5e87bad3c948f4d605d)
Start importing Assets/Flooded_Grounds/Content/Materials/PROP_Boat1.mat using Guid(e84fb6d56e433824fad1b71e95adaa05) Importer(2089858483,b0f066a214c2f5e87bad3c948f4d605d) (ScriptedImporter) -> (artifact id: '9f46dd3696968a4b736abd55c7681148') in 0.0295731 seconds
Number of updated asset objects reloaded before import = 0Number of asset objects unloaded after import = 7

========================================================================
Received Import Request.
  Time since last request: 0.000020 seconds.
  path: Assets/Flooded_Grounds/Content/Meshes/mProps/lo_Prop_Boat_A.fbm
  artifactKey: Guid(a8f6b4fe798ac6046815d0bc3f7eeb7b) Importer(2089858483,b0f066a214c2f5e87bad3c948f4d605d)
Start importing Assets/Flooded_Grounds/Content/Meshes/mProps/lo_Prop_Boat_A.fbm using Guid(a8f6b4fe798ac6046815d0bc3f7eeb7b) Importer(2089858483,b0f066a214c2f5e87bad3c948f4d605d) (ScriptedImporter) -> (artifact id: '34f7c31dc4fec0fc58bd9ac85bd60037') in 0.0083837 seconds
Number of updated asset objects reloaded before import = 0Number of asset objects unloaded after import = 1

========================================================================
Received Import Request.
  Time since last request: 0.000025 seconds.
  path: Assets/Flooded_Grounds/Content/Materials/BLD_Villa1.mat
  artifactKey: Guid(cabe3fb983aee104ea795ed6af48204a) Importer(2089858483,b0f066a214c2f5e87bad3c948f4d605d)
Start importing Assets/Flooded_Grounds/Content/Materials/BLD_Villa1.mat using Guid(cabe3fb983aee104ea795ed6af48204a) Importer(2089858483,b0f066a214c2f5e87bad3c948f4d605d) (ScriptedImporter) -> (artifact id: '2202d5e9a48a93188aea8a1d1ab460ff') in 0.027462 seconds
Number of updated asset objects reloaded before import = 0Number of asset objects unloaded after import = 7

========================================================================
Received Import Request.
  Time since last request: 0.000021 seconds.
  path: Assets/Flooded_Grounds/Content/Textures/NAT_Rocks1_AO.tif
  artifactKey: Guid(9122d63617accac4cb8caf6e99dfc67f) Importer(2089858483,b0f066a214c2f5e87bad3c948f4d605d)
Start importing Assets/Flooded_Grounds/Content/Textures/NAT_Rocks1_AO.tif using Guid(9122d63617accac4cb8caf6e99dfc67f) Importer(2089858483,b0f066a214c2f5e87bad3c948f4d605d) (ScriptedImporter) -> (artifact id: '0aa8cc16bdce36928409566b5a04281d') in 0.0112967 seconds
Number of updated asset objects reloaded before import = 0Number of asset objects unloaded after import = 1

========================================================================
Received Import Request.
  Time since last request: 0.000028 seconds.
  path: Assets/Flooded_Grounds/Content/Meshes/mBuildings/mIndBuilding1/IndBuilding1_Deco_IntColumn_Top.fbx
  artifactKey: Guid(4beb4b1a8e2cc064390764cd8024915b) Importer(2089858483,b0f066a214c2f5e87bad3c948f4d605d)
Start importing Assets/Flooded_Grounds/Content/Meshes/mBuildings/mIndBuilding1/IndBuilding1_Deco_IntColumn_Top.fbx using Guid(4beb4b1a8e2cc064390764cd8024915b) Importer(2089858483,b0f066a214c2f5e87bad3c948f4d605d) (ScriptedImporter) -> (artifact id: 'e5a85fe64da52a738a81fba6fea2bab0') in 0.0185827 seconds
Number of updated asset objects reloaded before import = 0Number of asset objects unloaded after import = 7

========================================================================
Received Import Request.
  Time since last request: 0.000016 seconds.
  path: Assets/Flooded_Grounds/Content/Sounds/DeepRattle.mp3
  artifactKey: Guid(da24e095fcd8c4a40816d0c04528c263) Importer(2089858483,b0f066a214c2f5e87bad3c948f4d605d)
Start importing Assets/Flooded_Grounds/Content/Sounds/DeepRattle.mp3 using Guid(da24e095fcd8c4a40816d0c04528c263) Importer(2089858483,b0f066a214c2f5e87bad3c948f4d605d) (ScriptedImporter) -> (artifact id: '4a9e60aca229dbefb20a38ab86072e96') in 0.0476766 seconds
Number of updated asset objects reloaded before import = 0Number of asset objects unloaded after import = 1

========================================================================
Received Import Request.
  Time since last request: 0.000020 seconds.
  path: Assets/Flooded_Grounds/Prefabs/Buildings/Structures1/Struct_Pole_B.prefab
  artifactKey: Guid(b202f9933e5d7394689b70295c34e096) Importer(2089858483,b0f066a214c2f5e87bad3c948f4d605d)
Start importing Assets/Flooded_Grounds/Prefabs/Buildings/Structures1/Struct_Pole_B.prefab using Guid(b202f9933e5d7394689b70295c34e096) Importer(2089858483,b0f066a214c2f5e87bad3c948f4d605d) (ScriptedImporter) -> (artifact id: 'acd07e297b77199b9b8b8fc166a25c6d') in 0.0116805 seconds
Number of updated asset objects reloaded before import = 0Number of asset objects unloaded after import = 17

========================================================================
Received Import Request.
  Time since last request: 0.000032 seconds.
  path: Assets/Flooded_Grounds/Prefabs/Nature/Trees/TreeCreator_Tall_A_Textures/normal_specular.png
  artifactKey: Guid(684e252d1e1a11048a4c59d993f79a7f) Importer(2089858483,b0f066a214c2f5e87bad3c948f4d605d)
Start importing Assets/Flooded_Grounds/Prefabs/Nature/Trees/TreeCreator_Tall_A_Textures/normal_specular.png using Guid(684e252d1e1a11048a4c59d993f79a7f) Importer(2089858483,b0f066a214c2f5e87bad3c948f4d605d) (ScriptedImporter) -> (artifact id: '3d4dab58b912c490152245978b0d8f5f') in 0.014566 seconds
Number of updated asset objects reloaded before import = 0Number of asset objects unloaded after import = 1

========================================================================
Received Import Request.
  Time since last request: 0.000019 seconds.
  path: Assets/Flooded_Grounds/Content/Meshes/mBuildings/mBrickHouse/BrickHouse_Floor_Mid_B.fbx
  artifactKey: Guid(6944c949f8d183d43bc3b8ef552b99c2) Importer(2089858483,b0f066a214c2f5e87bad3c948f4d605d)
Start importing Assets/Flooded_Grounds/Content/Meshes/mBuildings/mBrickHouse/BrickHouse_Floor_Mid_B.fbx using Guid(6944c949f8d183d43bc3b8ef552b99c2) Importer(2089858483,b0f066a214c2f5e87bad3c948f4d605d) (ScriptedImporter) -> (artifact id: 'bbf53b9e1769580338d159380c78d627') in 0.0126052 seconds
Number of updated asset objects reloaded before import = 0Number of asset objects unloaded after import = 7

========================================================================
Received Import Request.
  Time since last request: 0.000016 seconds.
  path: Assets/Flooded_Grounds/Prefabs/Nature/Rocks/CobbleRock_D.prefab
  artifactKey: Guid(601b7f10102e66b41b534b7b077bd9a0) Importer(2089858483,b0f066a214c2f5e87bad3c948f4d605d)
Start importing Assets/Flooded_Grounds/Prefabs/Nature/Rocks/CobbleRock_D.prefab using Guid(601b7f10102e66b41b534b7b077bd9a0) Importer(2089858483,b0f066a214c2f5e87bad3c948f4d605d) (ScriptedImporter) -> (artifact id: '664d1dab5e9e43ae866fe0c3793aee16') in 0.0094754 seconds
Number of updated asset objects reloaded before import = 0Number of asset objects unloaded after import = 20

========================================================================
Received Import Request.
  Time since last request: 0.000014 seconds.
  path: Assets/Flooded_Grounds/Content/Textures/BLD_BrickHouse1_AO.tif
  artifactKey: Guid(c77c5dd6079ae7749baa9f1611b6e412) Importer(2089858483,b0f066a214c2f5e87bad3c948f4d605d)
Start importing Assets/Flooded_Grounds/Content/Textures/BLD_BrickHouse1_AO.tif using Guid(c77c5dd6079ae7749baa9f1611b6e412) Importer(2089858483,b0f066a214c2f5e87bad3c948f4d605d) (ScriptedImporter) -> (artifact id: '7544c9681d84235049fed68c4eeeab95') in 0.0142877 seconds
Number of updated asset objects reloaded before import = 0Number of asset objects unloaded after import = 1

========================================================================
Received Import Request.
  Time since last request: 0.000019 seconds.
  path: Assets/Flooded_Grounds/Content/Meshes/mBackgrounds/BGR_LargePipe_A.fbx
  artifactKey: Guid(40477e487f4bf334cbc3a784a139828b) Importer(2089858483,b0f066a214c2f5e87bad3c948f4d605d)
Start importing Assets/Flooded_Grounds/Content/Meshes/mBackgrounds/BGR_LargePipe_A.fbx using Guid(40477e487f4bf334cbc3a784a139828b) Importer(2089858483,b0f066a214c2f5e87bad3c948f4d605d) (ScriptedImporter) -> (artifact id: '34f6f48652d1a8bc0377dd85f25835b1') in 0.0142242 seconds
Number of updated asset objects reloaded before import = 0Number of asset objects unloaded after import = 7

========================================================================
Received Import Request.
  Time since last request: 0.000023 seconds.
  path: Assets/Flooded_Grounds/Content/Meshes/mProps/lo_Prop_Vase_B.fbx
  artifactKey: Guid(6be9ebbcf714925409f0be3e8b8d01fb) Importer(2089858483,b0f066a214c2f5e87bad3c948f4d605d)
Start importing Assets/Flooded_Grounds/Content/Meshes/mProps/lo_Prop_Vase_B.fbx using Guid(6be9ebbcf714925409f0be3e8b8d01fb) Importer(2089858483,b0f066a214c2f5e87bad3c948f4d605d) (ScriptedImporter) -> (artifact id: '92d779bef584f3d1de9a09bb4e2a3237') in 0.0164732 seconds
Number of updated asset objects reloaded before import = 0Number of asset objects unloaded after import = 15

========================================================================
Received Import Request.
  Time since last request: 0.000017 seconds.
  path: Assets/Flooded_Grounds/Content/Meshes/mBuildings/mStructures/Struct_Fence1_Gate_A.fbx
  artifactKey: Guid(4d6f4544c5e853f46a65866bb41a68b3) Importer(2089858483,b0f066a214c2f5e87bad3c948f4d605d)
Start importing Assets/Flooded_Grounds/Content/Meshes/mBuildings/mStructures/Struct_Fence1_Gate_A.fbx using Guid(4d6f4544c5e853f46a65866bb41a68b3) Importer(2089858483,b0f066a214c2f5e87bad3c948f4d605d) (ScriptedImporter) -> (artifact id: '6a47c83f725fa00c55b88877137f8432') in 0.0174753 seconds
Number of updated asset objects reloaded before import = 0Number of asset objects unloaded after import = 20

========================================================================
Received Import Request.
  Time since last request: 0.000021 seconds.
  path: Assets/Flooded_Grounds/Prefabs/Buildings/BrickHouse/BrickHouse_IntWall_A.prefab
  artifactKey: Guid(32d75b8d1b966c6489dd7b9cea692094) Importer(2089858483,b0f066a214c2f5e87bad3c948f4d605d)
Start importing Assets/Flooded_Grounds/Prefabs/Buildings/BrickHouse/BrickHouse_IntWall_A.prefab using Guid(32d75b8d1b966c6489dd7b9cea692094) Importer(2089858483,b0f066a214c2f5e87bad3c948f4d605d) (ScriptedImporter) -> (artifact id: '617357be04e72049ed66122bf3af21fb') in 0.0125661 seconds
Number of updated asset objects reloaded before import = 0Number of asset objects unloaded after import = 9

========================================================================
Received Import Request.
  Time since last request: 0.000020 seconds.
  path: Assets/Flooded_Grounds/Prefabs/Buildings/BrickHouse/BrickHouse_Floor_Mid_A_DM_A.prefab
  artifactKey: Guid(929978fd58ecd9f4a8dfb230290db510) Importer(2089858483,b0f066a214c2f5e87bad3c948f4d605d)
Start importing Assets/Flooded_Grounds/Prefabs/Buildings/BrickHouse/BrickHouse_Floor_Mid_A_DM_A.prefab using Guid(929978fd58ecd9f4a8dfb230290db510) Importer(2089858483,b0f066a214c2f5e87bad3c948f4d605d) (ScriptedImporter) -> (artifact id: '0e6fe12bf322d80b836f25e535887372') in 0.0137052 seconds
Number of updated asset objects reloaded before import = 0Number of asset objects unloaded after import = 9

========================================================================
Received Import Request.
  Time since last request: 0.000020 seconds.
  path: Assets/Flooded_Grounds/Prefabs/Buildings/IndBuilding1/IndBuilding1_Deco_Handrail_Mid_A.prefab
  artifactKey: Guid(7579c08e8ad921f4aac1f2ae2dac25cb) Importer(2089858483,b0f066a214c2f5e87bad3c948f4d605d)
Start importing Assets/Flooded_Grounds/Prefabs/Buildings/IndBuilding1/IndBuilding1_Deco_Handrail_Mid_A.prefab using Guid(7579c08e8ad921f4aac1f2ae2dac25cb) Importer(2089858483,b0f066a214c2f5e87bad3c948f4d605d) (ScriptedImporter) -> (artifact id: '8f15c22bd1a8726771239848a18a8f82') in 0.0121907 seconds
Number of updated asset objects reloaded before import = 0Number of asset objects unloaded after import = 9

========================================================================
Received Import Request.
  Time since last request: 0.000031 seconds.
  path: Assets/Flooded_Grounds/Scripts
  artifactKey: Guid(236776a4fe168de408d852a32dc02f04) Importer(2089858483,b0f066a214c2f5e87bad3c948f4d605d)
Start importing Assets/Flooded_Grounds/Scripts using Guid(236776a4fe168de408d852a32dc02f04) Importer(2089858483,b0f066a214c2f5e87bad3c948f4d605d) (ScriptedImporter) -> (artifact id: '508ea5b491c946ac81277069db57f853') in 0.0084279 seconds
Number of updated asset objects reloaded before import = 0Number of asset objects unloaded after import = 1

========================================================================
Received Import Request.
  Time since last request: 0.000017 seconds.
  path: Assets/Flooded_Grounds/Prefabs/Buildings/BrickHouse/BrickHouse_Deco_Handrail_A.prefab
  artifactKey: Guid(6a8ddc2ca1fe3f642beafd6fdd154d77) Importer(2089858483,b0f066a214c2f5e87bad3c948f4d605d)
Start importing Assets/Flooded_Grounds/Prefabs/Buildings/BrickHouse/BrickHouse_Deco_Handrail_A.prefab using Guid(6a8ddc2ca1fe3f642beafd6fdd154d77) Importer(2089858483,b0f066a214c2f5e87bad3c948f4d605d) (ScriptedImporter) -> (artifact id: '0919c107fa5e02e0b69001c20ba4fc6c') in 0.0135779 seconds
Number of updated asset objects reloaded before import = 0Number of asset objects unloaded after import = 9

========================================================================
Received Import Request.
  Time since last request: 0.000014 seconds.
  path: Assets/Flooded_Grounds/Content/Materials/BGR_Water.mat
  artifactKey: Guid(a56782aef2f1bd34285fe34f78a0b957) Importer(2089858483,b0f066a214c2f5e87bad3c948f4d605d)
Start importing Assets/Flooded_Grounds/Content/Materials/BGR_Water.mat using Guid(a56782aef2f1bd34285fe34f78a0b957) Importer(2089858483,b0f066a214c2f5e87bad3c948f4d605d) (ScriptedImporter) -> (artifact id: '602a877cb02fbde915c58fd640e63bb7') in 0.0174515 seconds
Number of updated asset objects reloaded before import = 0Number of asset objects unloaded after import = 6

========================================================================
Received Import Request.
  Time since last request: 0.000014 seconds.
  path: Assets/Flooded_Grounds/Content/Meshes/mBuildings/mChurches/Church1_Door_B.fbx
  artifactKey: Guid(ce9e4b8d53bcef14eb13c1ff56120243) Importer(2089858483,b0f066a214c2f5e87bad3c948f4d605d)
Start importing Assets/Flooded_Grounds/Content/Meshes/mBuildings/mChurches/Church1_Door_B.fbx using Guid(ce9e4b8d53bcef14eb13c1ff56120243) Importer(2089858483,b0f066a214c2f5e87bad3c948f4d605d) (ScriptedImporter) -> (artifact id: '52090096956427ccdbde6ea314fd4032') in 0.0148426 seconds
Number of updated asset objects reloaded before import = 0Number of asset objects unloaded after import = 7

========================================================================
Received Import Request.
  Time since last request: 0.000019 seconds.
  path: Assets/Flooded_Grounds/Prefabs/Props/Prop_Bed_B.prefab
  artifactKey: Guid(91365c327d21a0343b4fa73a722f938d) Importer(2089858483,b0f066a214c2f5e87bad3c948f4d605d)
Start importing Assets/Flooded_Grounds/Prefabs/Props/Prop_Bed_B.prefab using Guid(91365c327d21a0343b4fa73a722f938d) Importer(2089858483,b0f066a214c2f5e87bad3c948f4d605d) (ScriptedImporter) -> (artifact id: '71a73347227e3e254d6fe891aa2a934c') in 0.0126026 seconds
Number of updated asset objects reloaded before import = 0Number of asset objects unloaded after import = 17

========================================================================
Received Import Request.
  Time since last request: 0.000025 seconds.
  path: Assets/Flooded_Grounds/Content/Meshes/mBuildings/mStructures/Struct_Fence3_Mid_A.fbx
  artifactKey: Guid(4b2d5766f1d611846bbd3093cf0709b4) Importer(2089858483,b0f066a214c2f5e87bad3c948f4d605d)
Start importing Assets/Flooded_Grounds/Content/Meshes/mBuildings/mStructures/Struct_Fence3_Mid_A.fbx using Guid(4b2d5766f1d611846bbd3093cf0709b4) Importer(2089858483,b0f066a214c2f5e87bad3c948f4d605d) (ScriptedImporter) -> (artifact id: '2bb244e704c2b74d59e4276299aa3555') in 0.016292 seconds
Number of updated asset objects reloaded before import = 0Number of asset objects unloaded after import = 20

========================================================================
Received Import Request.
  Time since last request: 0.000020 seconds.
  path: Assets/Flooded_Grounds/Prefabs/Props/Prop_Car_A.prefab
  artifactKey: Guid(ec1ebb41f4c94ab41a06eafbf11736e9) Importer(2089858483,b0f066a214c2f5e87bad3c948f4d605d)
Start importing Assets/Flooded_Grounds/Prefabs/Props/Prop_Car_A.prefab using Guid(ec1ebb41f4c94ab41a06eafbf11736e9) Importer(2089858483,b0f066a214c2f5e87bad3c948f4d605d) (ScriptedImporter) -> (artifact id: '9f618b831396318e2bd4e1735a77f6dc') in 0.0166226 seconds
Number of updated asset objects reloaded before import = 0Number of asset objects unloaded after import = 23

========================================================================
Received Import Request.
  Time since last request: 0.000016 seconds.
  path: Assets/Flooded_Grounds/PostProcessing/Editor Resources/Monitors/ParadeRender.shader
  artifactKey: Guid(5ae1bfc1dd20ac04e8b74aa0f2f12eea) Importer(2089858483,b0f066a214c2f5e87bad3c948f4d605d)
Start importing Assets/Flooded_Grounds/PostProcessing/Editor Resources/Monitors/ParadeRender.shader using Guid(5ae1bfc1dd20ac04e8b74aa0f2f12eea) Importer(2089858483,b0f066a214c2f5e87bad3c948f4d605d) (ScriptedImporter) -> (artifact id: '7ca39b143e2865cda86decd9338c9340') in 0.0094721 seconds
Number of updated asset objects reloaded before import = 0Number of asset objects unloaded after import = 1

========================================================================
Received Import Request.
  Time since last request: 0.000019 seconds.
  path: Assets/Flooded_Grounds/PostProcessing/Utilities/CustomMotionTexture/Textures/DebugMotionVectors.png
  artifactKey: Guid(3aac3087967ea4fae858ec0494fd24d9) Importer(2089858483,b0f066a214c2f5e87bad3c948f4d605d)
Start importing Assets/Flooded_Grounds/PostProcessing/Utilities/CustomMotionTexture/Textures/DebugMotionVectors.png using Guid(3aac3087967ea4fae858ec0494fd24d9) Importer(2089858483,b0f066a214c2f5e87bad3c948f4d605d) (ScriptedImporter) -> (artifact id: '30ea129eb9f41d67ab3602a34c1dc453') in 0.0128902 seconds
Number of updated asset objects reloaded before import = 0Number of asset objects unloaded after import = 1

========================================================================
Received Import Request.
  Time since last request: 0.000018 seconds.
  path: Assets/Flooded_Grounds/Content/Meshes/mBuildings/mVilla2/Villa2_Wall_Mid_C.fbx
  artifactKey: Guid(f474bed2579e4d24f93d4a697f07baf4) Importer(2089858483,b0f066a214c2f5e87bad3c948f4d605d)
Start importing Assets/Flooded_Grounds/Content/Meshes/mBuildings/mVilla2/Villa2_Wall_Mid_C.fbx using Guid(f474bed2579e4d24f93d4a697f07baf4) Importer(2089858483,b0f066a214c2f5e87bad3c948f4d605d) (ScriptedImporter) -> (artifact id: '0c2ed553854ff2916b3f18c13d2ccc24') in 0.0147826 seconds
Number of updated asset objects reloaded before import = 0Number of asset objects unloaded after import = 7

========================================================================
Received Import Request.
  Time since last request: 0.000024 seconds.
  path: Assets/Flooded_Grounds/Prefabs/Buildings/IndBuilding1/IndBuilding1_Deco_WindowGlass_A.prefab
  artifactKey: Guid(b3c3cc4c79dabea40bbd7b0767d13f5d) Importer(2089858483,b0f066a214c2f5e87bad3c948f4d605d)
Start importing Assets/Flooded_Grounds/Prefabs/Buildings/IndBuilding1/IndBuilding1_Deco_WindowGlass_A.prefab using Guid(b3c3cc4c79dabea40bbd7b0767d13f5d) Importer(2089858483,b0f066a214c2f5e87bad3c948f4d605d) (ScriptedImporter) -> (artifact id: '50ded42c594055663b3afa9d5b233588') in 0.0131523 seconds
Number of updated asset objects reloaded before import = 0Number of asset objects unloaded after import = 8

========================================================================
Received Import Request.
  Time since last request: 0.000020 seconds.
  path: Assets/Flooded_Grounds/Content/Meshes/mBuildings/mVilla2/Villa2_Deco_RoofPiece_A.fbx
  artifactKey: Guid(2e5465d56d7eba14f994250cf91117bc) Importer(2089858483,b0f066a214c2f5e87bad3c948f4d605d)
Start importing Assets/Flooded_Grounds/Content/Meshes/mBuildings/mVilla2/Villa2_Deco_RoofPiece_A.fbx using Guid(2e5465d56d7eba14f994250cf91117bc) Importer(2089858483,b0f066a214c2f5e87bad3c948f4d605d) (ScriptedImporter) -> (artifact id: 'a672e5a1ffd36413320836361fa59d8c') in 0.0116534 seconds
Number of updated asset objects reloaded before import = 0Number of asset objects unloaded after import = 7

========================================================================
Received Import Request.
  Time since last request: 0.000017 seconds.
  path: Assets/Flooded_Grounds/Content/Meshes/mBuildings/mVilla2/Villa2_IntStairs_A_COL.fbx
  artifactKey: Guid(f3acf8c6d2709d747bec015a6281a927) Importer(2089858483,b0f066a214c2f5e87bad3c948f4d605d)
Start importing Assets/Flooded_Grounds/Content/Meshes/mBuildings/mVilla2/Villa2_IntStairs_A_COL.fbx using Guid(f3acf8c6d2709d747bec015a6281a927) Importer(2089858483,b0f066a214c2f5e87bad3c948f4d605d) (ScriptedImporter) -> (artifact id: '76a0d49c540cfa7070cfd200a04104d1') in 0.0116544 seconds
Number of updated asset objects reloaded before import = 0Number of asset objects unloaded after import = 7

========================================================================
Received Import Request.
  Time since last request: 0.000014 seconds.
  path: Assets/Flooded_Grounds/PostProcessing/Runtime/Models/GrainModel.cs
  artifactKey: Guid(f4fbcdb7f7a3c76489f32ffea74e6bb3) Importer(2089858483,b0f066a214c2f5e87bad3c948f4d605d)
Start importing Assets/Flooded_Grounds/PostProcessing/Runtime/Models/GrainModel.cs using Guid(f4fbcdb7f7a3c76489f32ffea74e6bb3) Importer(2089858483,b0f066a214c2f5e87bad3c948f4d605d) (ScriptedImporter) -> (artifact id: 'e431f4b70a090c4018f97d4a8554b44c') in 0.0099292 seconds
Number of updated asset objects reloaded before import = 0Number of asset objects unloaded after import = 0

========================================================================
Received Import Request.
  Time since last request: 0.000023 seconds.
  path: Assets/Flooded_Grounds/Content/Meshes/mBuildings/mStructures/Struct_Billboard_B.fbx
  artifactKey: Guid(e994d209d1c05c048956bc32faa58aa5) Importer(2089858483,b0f066a214c2f5e87bad3c948f4d605d)
Start importing Assets/Flooded_Grounds/Content/Meshes/mBuildings/mStructures/Struct_Billboard_B.fbx using Guid(e994d209d1c05c048956bc32faa58aa5) Importer(2089858483,b0f066a214c2f5e87bad3c948f4d605d) (ScriptedImporter) -> (artifact id: '287e451edbdaea595cb2d881d42fbe29') in 0.0182481 seconds
Number of updated asset objects reloaded before import = 0Number of asset objects unloaded after import = 20

========================================================================
Received Import Request.
  Time since last request: 0.000037 seconds.
  path: Assets/Flooded_Grounds/Content/Meshes/mBuildings/mBrickHouse/BrickHouse_Deco_WindowGlass_B.fbx
  artifactKey: Guid(831ac8c49e7f5e640b96ac39a4795e1e) Importer(2089858483,b0f066a214c2f5e87bad3c948f4d605d)
Start importing Assets/Flooded_Grounds/Content/Meshes/mBuildings/mBrickHouse/BrickHouse_Deco_WindowGlass_B.fbx using Guid(831ac8c49e7f5e640b96ac39a4795e1e) Importer(2089858483,b0f066a214c2f5e87bad3c948f4d605d) (ScriptedImporter) -> (artifact id: '9fcb4342a81b585543b8a23342ffc722') in 0.0176522 seconds
Number of updated asset objects reloaded before import = 0Number of asset objects unloaded after import = 7

========================================================================
Received Import Request.
  Time since last request: 0.000025 seconds.
  path: Assets/Flooded_Grounds/Content/Meshes/mBuildings/mIndBuilding1/IndBuilding1_Deco_Handrail_Cor_A.fbx
  artifactKey: Guid(69eaa02892a5e4540a925cc496b688b6) Importer(2089858483,b0f066a214c2f5e87bad3c948f4d605d)
Start importing Assets/Flooded_Grounds/Content/Meshes/mBuildings/mIndBuilding1/IndBuilding1_Deco_Handrail_Cor_A.fbx using Guid(69eaa02892a5e4540a925cc496b688b6) Importer(2089858483,b0f066a214c2f5e87bad3c948f4d605d) (ScriptedImporter) -> (artifact id: '97dacc3694991820d275120ca8c09868') in 0.0139657 seconds
Number of updated asset objects reloaded before import = 0Number of asset objects unloaded after import = 7

Editor requested this worker to shutdown with reason: Scaling down because of idle timeout
AssetImportWorker is now disconnected from the server
Process exiting
Exiting without the bug reporter. Application will terminate with return code 0