[Licensing::Module] Trying to connect to existing licensing client channel...
Built from '6000.3/staging' branch; Version is '6000.3.4f1 (fdd3b8998ec4) revision 16634808'; Using compiler version '194234433'; Build Type 'Release'
[Licensing::IpcConnector] Successfully connected to: "LicenseClient-ajffj" at "2026-04-20T05:54:52.6485473Z"
OS: 'Windows 11  (10.0.26200) Professional' Language: 'ko' Physical Memory: 64659 MB
BatchMode: 1, IsHumanControllingUs: 0, StartBugReporterOnCrash: 0, Is64bit: 1
System  architecture: x64
Process architecture: x64
Date: 2026-04-20T05:54:52Z
[Licensing::Client] Code 10 while verifying Licensing Client signature (process Id: 20808, path: "E:/Unity/Unity Hub/UnityLicensingClient_V1/Unity.Licensing.Client.exe")
[Licensing::Module] LicensingClient has failed validation; ignoring
[Licensing::Client] Error: HandshakeResponse reported an error:
	ResponseCode: 505
	ResponseStatus: Unsupported protocol version '1.17.4'.
[Licensing::Module] Error: Failed to handshake to channel: "LicenseClient-ajffj"
[Licensing::IpcConnector] LicenseClient-ajffj channel disconnected successfully.
[Licensing::IpcConnector] Successfully connected to: "LicenseClient-ajffj-6000.3.4" at "2026-04-20T05:54:52.6901883Z"

COMMAND LINE ARGUMENTS:
C:\Program Files\Unity\Hub\Editor\6000.3.4f1\Editor\Unity.exe
-adb2
-batchMode
-noUpm
-name
AssetImportWorker2
-projectPath
E:/Unity/TPS_Project/TpsProject
-logFile
Logs/AssetImportWorker2.log
-srvPort
6187
-licensingIpc
LicenseClient-ajffj
-job-worker-count
11
-background-job-worker-count
8
-gc-helper-count
1
-name
AssetImport
Successfully changed project path to: E:/Unity/TPS_Project/TpsProject
E:/Unity/TPS_Project/TpsProject
[UnityMemory] Configuration Parameters - Can be set up in boot.config
    "memorysetup-temp-allocator-size-nav-mesh-worker=65536"
    "memorysetup-temp-allocator-size-audio-worker=65536"
    "memorysetup-temp-allocator-size-gfx=262144"
    "memorysetup-allocator-temp-initial-block-size-main=262144"
    "memorysetup-allocator-temp-initial-block-size-worker=262144"
    "memorysetup-temp-allocator-size-background-worker=32768"
    "memorysetup-temp-allocator-size-job-worker=262144"
    "memorysetup-temp-allocator-size-preload-manager=33554432"
    "memorysetup-temp-allocator-size-gi-baking-worker=262144"
    "memorysetup-temp-allocator-size-gi-baking-worker=262144"
    "memorysetup-temp-allocator-size-gi-baking-worker=262144"
    "memorysetup-temp-allocator-size-gi-baking-worker=262144"
    "memorysetup-temp-allocator-size-gi-baking-worker=262144"
    "memorysetup-bucket-allocator-granularity=16"
    "memorysetup-bucket-allocator-bucket-count=8"
    "memorysetup-bucket-allocator-block-size=33554432"
    "memorysetup-bucket-allocator-block-count=8"
    "memorysetup-main-allocator-block-size=16777216"
    "memorysetup-thread-allocator-block-size=16777216"
    "memorysetup-gfx-main-allocator-block-size=16777216"
    "memorysetup-gfx-thread-allocator-block-size=16777216"
    "memorysetup-cache-allocator-block-size=4194304"
    "memorysetup-typetree-allocator-block-size=2097152"
    "memorysetup-profiler-bucket-allocator-granularity=16"
    "memorysetup-profiler-bucket-allocator-bucket-count=8"
    "memorysetup-profiler-bucket-allocator-block-size=33554432"
    "memorysetup-profiler-bucket-allocator-block-count=8"
    "memorysetup-profiler-allocator-block-size=16777216"
    "memorysetup-profiler-editor-allocator-block-size=1048576"
    "memorysetup-temp-allocator-size-main=16777216"
    "memorysetup-job-temp-allocator-block-size=2097152"
    "memorysetup-job-temp-allocator-block-size-background=1048576"
    "memorysetup-job-temp-allocator-reduction-small-platforms=262144"
    "memorysetup-temp-allocator-size-cloud-worker=32768"
Player connection [9788]  Target information:

Player connection [9788]  * "[IP] 192.168.0.3 [Port] 0 [Flags] 2 [Guid] 1406962150 [EditorId] 1406962150 [Version] 1048832 [Id] WindowsEditor(7,DESKTOP-3QPCFMO) [Debug] 1 [PackageName] WindowsEditor [ProjectName] Editor" 

Player connection [9788] Host joined multi-casting on [225.0.0.222:54997]...
Player connection [9788] Host joined alternative multi-casting on [225.0.0.222:34997]...
JobSystem: Creating JobQueue using job-worker-count value 11
Input System module state changed to: Initialized.
[Physics::Module] Initialized fallback backend.
[Physics::Module] Id: 0xdecafbad
Library Redirect Path: Library/
[Physics::Module] Selected backend.
[Physics::Module] Name: PhysX
[Physics::Module] Id: 0xf2b8ea05
[Physics::Module] SDK Version: 4.1.2
[Physics::Module] Integration Version: 1.0.0
[Physics::Module] Threading Mode: Multi-Threaded
Refreshing native plugins compatible for Editor in 2.53 ms, found 3 plugins.
Preloading 0 native plugins for Editor in 0.00 ms.
Initialize engine version: 6000.3.4f1 (fdd3b8998ec4)
[Subsystems] Discovering subsystems at path C:/Program Files/Unity/Hub/Editor/6000.3.4f1/Editor/Data/Resources/UnitySubsystems
[Subsystems] Discovering subsystems at path E:/Unity/TPS_Project/TpsProject/Assets
GfxDevice: creating device client; kGfxThreadingModeNonThreaded
Direct3D:
    Version:  Direct3D 11.0 [level 11.1]
    Renderer: NVIDIA GeForce RTX 3070 (ID=0x2484)
    Vendor:   NVIDIA
    VRAM:     8018 MB
    Driver:   32.0.15.9186
Initialize mono
Mono path[0] = 'C:/Program Files/Unity/Hub/Editor/6000.3.4f1/Editor/Data/Managed'
Mono path[1] = 'C:/Program Files/Unity/Hub/Editor/6000.3.4f1/Editor/Data/MonoBleedingEdge/lib/mono/unityjit-win32'
Mono config path = 'C:/Program Files/Unity/Hub/Editor/6000.3.4f1/Editor/Data/MonoBleedingEdge/etc'
Using monoOptions --debugger-agent=transport=dt_socket,embedding=1,server=y,suspend=n,address=127.0.0.1:56600
Begin MonoManager ReloadAssembly
Registering precompiled unity dll's ...
Register platform support module: C:/Program Files/Unity/Hub/Editor/6000.3.4f1/Editor/Data/PlaybackEngines/WindowsStandaloneSupport/UnityEditor.WindowsStandalone.Extensions.dll
Registered in 0.002016 seconds.
- Loaded All Assemblies, in  0.324 seconds
Native extension for WindowsStandalone target not found
[Licensing::Client] Handshaking with LicensingClient:
  Version:                 1.17.4+4293ba1
  Session Id:              7ea6be9288b5408092f1bce7cdd51ab9
  Correlation Id:          37df60d828c7be8c3c8e2435d570d8df
  External correlation Id: 8404440139486073020
  Machine Id:              quNDNEHvSPhWQgiArlte8FV3K/U=
[Licensing::Module] Successfully connected to LicensingClient on channel: "LicenseClient-ajffj-6000.3.4" (connect: 0.00s, validation: 0.00s, handshake: 0.94s)
[Licensing::IpcConnector] Successfully connected to: "LicenseClient-ajffj-6000.3.4-notifications" at "2026-04-20T05:54:53.635857Z"
[Licensing::Module] Licensing Background thread has ended after 0.99s
ScheduleIndexationOnStartup MainProcess:False IndexOnStartup:True
Mono: successfully reloaded assembly
- Finished resetting the current domain, in  0.294 seconds
Domain Reload Profiling: 612ms
	BeginReloadAssembly (115ms)
		ExecutionOrderSort (0ms)
		DisableScriptedObjects (0ms)
		BackupInstance (0ms)
		ReleaseScriptingObjects (0ms)
		CreateAndSetChildDomain (0ms)
	RebuildCommonClasses (27ms)
	RebuildNativeTypeToScriptingClass (9ms)
	initialDomainReloadingComplete (41ms)
	LoadAllAssembliesAndSetupDomain (125ms)
		LoadAssemblies (110ms)
		RebuildTransferFunctionScriptingTraits (0ms)
		AnalyzeDomain (123ms)
			TypeCache.Refresh (121ms)
				TypeCache.ScanAssembly (111ms)
			BuildScriptInfoCaches (0ms)
			ResolveRequiredComponents (0ms)
	FinalizeReload (295ms)
		ReleaseScriptCaches (0ms)
		RebuildScriptCaches (0ms)
		SetupLoadedEditorAssemblies (269ms)
			LogAssemblyErrors (0ms)
			InitializePlatformSupportModulesInManaged (37ms)
			SetLoadedEditorAssemblies (3ms)
			BeforeProcessingInitializeOnLoad (64ms)
			ProcessInitializeOnLoadAttributes (113ms)
			ProcessInitializeOnLoadMethodAttributes (52ms)
			AfterProcessingInitializeOnLoad (0ms)
			EditorAssembliesLoaded (0ms)
		ExecutionOrderSort2 (0ms)
		AwakeInstancesAfterBackupRestoration (0ms)
========================================================================
Worker process is ready to serve import requests
Import Worker Mode flag is 0x00
Begin MonoManager ReloadAssembly
[Licensing::Client] Successfully resolved entitlement details
[Licensing::Module] License group:
  Id: 14568646326981-UnityPersXXXX
  Product: Unity Personal
  Type: Assigned
  Expiration: Unlimited
- Loaded All Assemblies, in  0.588 seconds
Refreshing native plugins compatible for Editor in 0.71 ms, found 3 plugins.
Native extension for WindowsStandalone target not found
Package Manager log level set to [2]
[Package Manager] Failed to launch server process. Reason: Unity was launched with the -noUpm command-line argument
[Package Manager] Unable to send message (not connected to server process).
[Package Manager] Cannot connect to Unity Package Manager local server
ScheduleIndexationOnStartup MainProcess:False IndexOnStartup:True
Mono: successfully reloaded assembly
- Finished resetting the current domain, in  0.530 seconds
Domain Reload Profiling: 1111ms
	BeginReloadAssembly (151ms)
		ExecutionOrderSort (0ms)
		DisableScriptedObjects (4ms)
		BackupInstance (0ms)
		ReleaseScriptingObjects (0ms)
		CreateAndSetChildDomain (28ms)
	RebuildCommonClasses (31ms)
	RebuildNativeTypeToScriptingClass (10ms)
	initialDomainReloadingComplete (36ms)
	LoadAllAssembliesAndSetupDomain (354ms)
		LoadAssemblies (281ms)
		RebuildTransferFunctionScriptingTraits (0ms)
		AnalyzeDomain (159ms)
			TypeCache.Refresh (121ms)
				TypeCache.ScanAssembly (110ms)
			BuildScriptInfoCaches (29ms)
			ResolveRequiredComponents (6ms)
	FinalizeReload (530ms)
		ReleaseScriptCaches (0ms)
		RebuildScriptCaches (0ms)
		SetupLoadedEditorAssemblies (398ms)
			LogAssemblyErrors (0ms)
			InitializePlatformSupportModulesInManaged (1ms)
			SetLoadedEditorAssemblies (3ms)
			BeforeProcessingInitializeOnLoad (111ms)
			ProcessInitializeOnLoadAttributes (231ms)
			ProcessInitializeOnLoadMethodAttributes (42ms)
			AfterProcessingInitializeOnLoad (8ms)
			EditorAssembliesLoaded (0ms)
		ExecutionOrderSort2 (0ms)
		AwakeInstancesAfterBackupRestoration (5ms)
Launched and connected shader compiler UnityShaderCompiler.exe after 0.01 seconds
Refreshing native plugins compatible for Editor in 1.08 ms, found 3 plugins.
Preloading 0 native plugins for Editor in 0.00 ms.
Unloading 16 Unused Serialized files (Serialized files now loaded: 0)
Unloading 6275 unused Assets / (4.1 MB). Loaded Objects now: 7094.
Memory consumption went from 154.9 MB to 150.8 MB.
Total: 10.159700 ms (FindLiveObjects: 1.094400 ms CreateObjectMapping: 0.413600 ms MarkObjects: 6.241300 ms  DeleteObjects: 2.409400 ms)

========================================================================
Received Import Request.
  Time since last request: 168.708707 seconds.
  path: Assets/Scripts/PlayerHUD.cs
  artifactKey: Guid(fbbc6385792325140af237197687ba7f) Importer(2089858483,b0f066a214c2f5e87bad3c948f4d605d)
Start importing Assets/Scripts/PlayerHUD.cs using Guid(fbbc6385792325140af237197687ba7f) Importer(2089858483,b0f066a214c2f5e87bad3c948f4d605d) (ScriptedImporter) -> (artifact id: '63b18213dd08f4c3f8cbed90ee7a9a47') in 0.0804796 seconds
Number of updated asset objects reloaded before import = 0Number of asset objects unloaded after import = 0

========================================================================
Received Import Request.
  Time since last request: 0.000015 seconds.
  path: Assets/Scripts/EnemyAI.cs
  artifactKey: Guid(d49ff9f118b019240bfad8f1311e7343) Importer(2089858483,b0f066a214c2f5e87bad3c948f4d605d)
Start importing Assets/Scripts/EnemyAI.cs using Guid(d49ff9f118b019240bfad8f1311e7343) Importer(2089858483,b0f066a214c2f5e87bad3c948f4d605d) (ScriptedImporter) -> (artifact id: '7d87a6c75e82bf7fb60ec47d2230bb84') in 0.0076247 seconds
Number of updated asset objects reloaded before import = 0Number of asset objects unloaded after import = 0

========================================================================
Received Prepare
Refreshing native plugins compatible for Editor in 0.98 ms, found 3 plugins.
Preloading 0 native plugins for Editor in 0.00 ms.
Unloading 51 Unused Serialized files (Serialized files now loaded: 0)
Unloading 6388 unused Assets / (15.6 MB). Loaded Objects now: 7179.
Memory consumption went from 168.5 MB to 152.8 MB.
Total: 14.774100 ms (FindLiveObjects: 0.741000 ms CreateObjectMapping: 0.214700 ms MarkObjects: 6.667000 ms  DeleteObjects: 7.150400 ms)

Prepare: number of updated asset objects reloaded= 0
========================================================================
Received Import Request.
  Time since last request: 7966.643229 seconds.
  path: Assets/Flooded_Grounds/Content/Meshes/mBuildings/mVilla2/Villa2_Roof_Mid_A.fbx
  artifactKey: Guid(9e52b13d1b472ec4d90d7bc47e19842d) Importer(2089858483,b0f066a214c2f5e87bad3c948f4d605d)
Start importing Assets/Flooded_Grounds/Content/Meshes/mBuildings/mVilla2/Villa2_Roof_Mid_A.fbx using Guid(9e52b13d1b472ec4d90d7bc47e19842d) Importer(2089858483,b0f066a214c2f5e87bad3c948f4d605d) (ScriptedImporter) -> (artifact id: 'a33baca9d86e3ec52ca4983b020037ee') in 0.0709488 seconds
Number of updated asset objects reloaded before import = 0Number of asset objects unloaded after import = 7

========================================================================
Received Import Request.
  Time since last request: 0.000016 seconds.
  path: Assets/Flooded_Grounds/Prefabs/Props/Prop_Painting_A.prefab
  artifactKey: Guid(041b5985f303614469cc18a9f5eca9d3) Importer(2089858483,b0f066a214c2f5e87bad3c948f4d605d)
Start importing Assets/Flooded_Grounds/Prefabs/Props/Prop_Painting_A.prefab using Guid(041b5985f303614469cc18a9f5eca9d3) Importer(2089858483,b0f066a214c2f5e87bad3c948f4d605d) (ScriptedImporter) -> (artifact id: 'd57a6d23dad6a5723663c08dc537fff9') in 0.0141148 seconds
Number of updated asset objects reloaded before import = 0Number of asset objects unloaded after import = 8

========================================================================
Received Import Request.
  Time since last request: 0.000032 seconds.
  path: Assets/Flooded_Grounds/Content/Textures/BLD_Structures1_A.tif
  artifactKey: Guid(20827a6cec0daea4a8c8059f9cbf0b6a) Importer(2089858483,b0f066a214c2f5e87bad3c948f4d605d)
Start importing Assets/Flooded_Grounds/Content/Textures/BLD_Structures1_A.tif using Guid(20827a6cec0daea4a8c8059f9cbf0b6a) Importer(2089858483,b0f066a214c2f5e87bad3c948f4d605d) (ScriptedImporter) -> (artifact id: '1f1c844eae0af25b51289edf46422ee0') in 0.0443914 seconds
Number of updated asset objects reloaded before import = 0Number of asset objects unloaded after import = 1

========================================================================
Received Import Request.
  Time since last request: 0.000016 seconds.
  path: Assets/Flooded_Grounds/Prefabs/Nature/Rocks/CobbleRock_B.prefab
  artifactKey: Guid(149f31fa3c070bf44a66da3a784cdc43) Importer(2089858483,b0f066a214c2f5e87bad3c948f4d605d)
Start importing Assets/Flooded_Grounds/Prefabs/Nature/Rocks/CobbleRock_B.prefab using Guid(149f31fa3c070bf44a66da3a784cdc43) Importer(2089858483,b0f066a214c2f5e87bad3c948f4d605d) (ScriptedImporter) -> (artifact id: 'f8a04a0283589e8bd8e3fa5d217ec912') in 0.0112251 seconds
Number of updated asset objects reloaded before import = 0Number of asset objects unloaded after import = 20

========================================================================
Received Import Request.
  Time since last request: 0.000016 seconds.
  path: Assets/Flooded_Grounds/Content/Meshes/mBuildings/mVilla2/Villa2_Deco_RoofPiece_C.fbx
  artifactKey: Guid(ccfe8b4c6e87c6146981e97b7a1f8123) Importer(2089858483,b0f066a214c2f5e87bad3c948f4d605d)
Start importing Assets/Flooded_Grounds/Content/Meshes/mBuildings/mVilla2/Villa2_Deco_RoofPiece_C.fbx using Guid(ccfe8b4c6e87c6146981e97b7a1f8123) Importer(2089858483,b0f066a214c2f5e87bad3c948f4d605d) (ScriptedImporter) -> (artifact id: 'a1452c1e1478e66e56aa22c57a1422f8') in 0.0181917 seconds
Number of updated asset objects reloaded before import = 0Number of asset objects unloaded after import = 7

========================================================================
Received Import Request.
  Time since last request: 0.000022 seconds.
  path: Assets/Flooded_Grounds/Prefabs/Buildings/Villa2/Villa2_Top_Cor_A.prefab
  artifactKey: Guid(25575cc1628c55f43a78405469c60df8) Importer(2089858483,b0f066a214c2f5e87bad3c948f4d605d)
Start importing Assets/Flooded_Grounds/Prefabs/Buildings/Villa2/Villa2_Top_Cor_A.prefab using Guid(25575cc1628c55f43a78405469c60df8) Importer(2089858483,b0f066a214c2f5e87bad3c948f4d605d) (ScriptedImporter) -> (artifact id: '7fcd863a35226dfe1d6b46eab241b82e') in 0.0164313 seconds
Number of updated asset objects reloaded before import = 0Number of asset objects unloaded after import = 9

========================================================================
Received Import Request.
  Time since last request: 0.000023 seconds.
  path: Assets/Flooded_Grounds/Content/Meshes/mProps/Prop_Rug_C.fbx
  artifactKey: Guid(513499f9d76de634cbcfe89284395a4a) Importer(2089858483,b0f066a214c2f5e87bad3c948f4d605d)
Start importing Assets/Flooded_Grounds/Content/Meshes/mProps/Prop_Rug_C.fbx using Guid(513499f9d76de634cbcfe89284395a4a) Importer(2089858483,b0f066a214c2f5e87bad3c948f4d605d) (ScriptedImporter) -> (artifact id: '1dd2f4e8914954163e98d254f30e800f') in 0.0129568 seconds
Number of updated asset objects reloaded before import = 0Number of asset objects unloaded after import = 7

========================================================================
Received Import Request.
  Time since last request: 0.000029 seconds.
  path: Assets/Flooded_Grounds/Content/Meshes/mBuildings/mBrickHouse/BrickHouse_Floor_Mid_A_DM_A.fbx
  artifactKey: Guid(621a5d6ef705a1d4d81313f8cffeed53) Importer(2089858483,b0f066a214c2f5e87bad3c948f4d605d)
Start importing Assets/Flooded_Grounds/Content/Meshes/mBuildings/mBrickHouse/BrickHouse_Floor_Mid_A_DM_A.fbx using Guid(621a5d6ef705a1d4d81313f8cffeed53) Importer(2089858483,b0f066a214c2f5e87bad3c948f4d605d) (ScriptedImporter) -> (artifact id: 'f88f2c367fbf318d133ae3e819696a74') in 0.0124083 seconds
Number of updated asset objects reloaded before import = 0Number of asset objects unloaded after import = 7

========================================================================
Received Import Request.
  Time since last request: 0.000016 seconds.
  path: Assets/Flooded_Grounds/Content/Meshes/mBuildings/mStructures
  artifactKey: Guid(a3438276b2edb3b46b3d811a5f303934) Importer(2089858483,b0f066a214c2f5e87bad3c948f4d605d)
Start importing Assets/Flooded_Grounds/Content/Meshes/mBuildings/mStructures using Guid(a3438276b2edb3b46b3d811a5f303934) Importer(2089858483,b0f066a214c2f5e87bad3c948f4d605d) (ScriptedImporter) -> (artifact id: '8d4f3ecf4f97db7e0c886d2ab5157c4b') in 0.0092535 seconds
Number of updated asset objects reloaded before import = 0Number of asset objects unloaded after import = 1

========================================================================
Received Import Request.
  Time since last request: 0.000018 seconds.
  path: Assets/Flooded_Grounds/Content/Textures/PROP_Beds1_MS.tif
  artifactKey: Guid(54ac0cf84c7922749a27b7b455266147) Importer(2089858483,b0f066a214c2f5e87bad3c948f4d605d)
Start importing Assets/Flooded_Grounds/Content/Textures/PROP_Beds1_MS.tif using Guid(54ac0cf84c7922749a27b7b455266147) Importer(2089858483,b0f066a214c2f5e87bad3c948f4d605d) (ScriptedImporter) -> (artifact id: 'e245f9a2d570287d43f336e4aebcca09') in 0.0119994 seconds
Number of updated asset objects reloaded before import = 0Number of asset objects unloaded after import = 1

========================================================================
Received Import Request.
  Time since last request: 0.000014 seconds.
  path: Assets/Flooded_Grounds/Content/Trees/SrcTextures/FOL_BushBranch1_D.tif
  artifactKey: Guid(91c87f223cdd2384582ee577eb01c946) Importer(2089858483,b0f066a214c2f5e87bad3c948f4d605d)
Start importing Assets/Flooded_Grounds/Content/Trees/SrcTextures/FOL_BushBranch1_D.tif using Guid(91c87f223cdd2384582ee577eb01c946) Importer(2089858483,b0f066a214c2f5e87bad3c948f4d605d) (ScriptedImporter) -> (artifact id: '1e1a1b771213240328c86a9b4b3f295d') in 0.0132142 seconds
Number of updated asset objects reloaded before import = 0Number of asset objects unloaded after import = 1

========================================================================
Received Import Request.
  Time since last request: 0.000014 seconds.
  path: Assets/Flooded_Grounds/Content/Meshes/mBuildings/mVilla2/Villa2_Floor_Mid_A.fbx
  artifactKey: Guid(b8aad3ed58473334d9381ade6fb19780) Importer(2089858483,b0f066a214c2f5e87bad3c948f4d605d)
Start importing Assets/Flooded_Grounds/Content/Meshes/mBuildings/mVilla2/Villa2_Floor_Mid_A.fbx using Guid(b8aad3ed58473334d9381ade6fb19780) Importer(2089858483,b0f066a214c2f5e87bad3c948f4d605d) (ScriptedImporter) -> (artifact id: 'e9387592c3912ee2ad3ba135e28a5e29') in 0.0138477 seconds
Number of updated asset objects reloaded before import = 0Number of asset objects unloaded after import = 7

========================================================================
Received Import Request.
  Time since last request: 0.000026 seconds.
  path: Assets/Flooded_Grounds/Prefabs/Buildings/Villa2/Villa2_Deco_RoofPiece_C.prefab
  artifactKey: Guid(3d04a236527d27045b4b6ce3b2a7b0aa) Importer(2089858483,b0f066a214c2f5e87bad3c948f4d605d)
Start importing Assets/Flooded_Grounds/Prefabs/Buildings/Villa2/Villa2_Deco_RoofPiece_C.prefab using Guid(3d04a236527d27045b4b6ce3b2a7b0aa) Importer(2089858483,b0f066a214c2f5e87bad3c948f4d605d) (ScriptedImporter) -> (artifact id: 'e809d01c4c9be4994654c8a6ab461db2') in 0.0131075 seconds
Number of updated asset objects reloaded before import = 0Number of asset objects unloaded after import = 9

========================================================================
Received Import Request.
  Time since last request: 0.000025 seconds.
  path: Assets/Flooded_Grounds/Content/Meshes/mBuildings/mBarns/Barn2_Mid_A_COL.fbx
  artifactKey: Guid(058f562e193661448b5f60c4b1c8046e) Importer(2089858483,b0f066a214c2f5e87bad3c948f4d605d)
Start importing Assets/Flooded_Grounds/Content/Meshes/mBuildings/mBarns/Barn2_Mid_A_COL.fbx using Guid(058f562e193661448b5f60c4b1c8046e) Importer(2089858483,b0f066a214c2f5e87bad3c948f4d605d) (ScriptedImporter) -> (artifact id: 'd1bfa568bc55fb10ef7aacadceda4400') in 0.0130113 seconds
Number of updated asset objects reloaded before import = 0Number of asset objects unloaded after import = 7

========================================================================
Received Import Request.
  Time since last request: 0.000016 seconds.
  path: Assets/Flooded_Grounds/Prefabs/Buildings/Structures1/Struct_FlowerBox_B.prefab
  artifactKey: Guid(c8bc0302c0ec56c4c9b94683f171d4be) Importer(2089858483,b0f066a214c2f5e87bad3c948f4d605d)
Start importing Assets/Flooded_Grounds/Prefabs/Buildings/Structures1/Struct_FlowerBox_B.prefab using Guid(c8bc0302c0ec56c4c9b94683f171d4be) Importer(2089858483,b0f066a214c2f5e87bad3c948f4d605d) (ScriptedImporter) -> (artifact id: 'ddd2454b984dcc4f320217fb6089aac6') in 0.0127995 seconds
Number of updated asset objects reloaded before import = 0Number of asset objects unloaded after import = 10

========================================================================
Received Import Request.
  Time since last request: 0.000015 seconds.
  path: Assets/Flooded_Grounds/Content/Materials/BLD_Structures1.mat
  artifactKey: Guid(bece166f1833f674d9c16ea5184455ca) Importer(2089858483,b0f066a214c2f5e87bad3c948f4d605d)
Start importing Assets/Flooded_Grounds/Content/Materials/BLD_Structures1.mat using Guid(bece166f1833f674d9c16ea5184455ca) Importer(2089858483,b0f066a214c2f5e87bad3c948f4d605d) (ScriptedImporter) -> (artifact id: '1ee1968381144b6b51e35630a95b989f') in 0.0383426 seconds
Number of updated asset objects reloaded before import = 0Number of asset objects unloaded after import = 7

========================================================================
Received Import Request.
  Time since last request: 0.000014 seconds.
  path: Assets/Flooded_Grounds/Scripts/FPSController/CharController_Motor.cs
  artifactKey: Guid(1ec920c63e1d8ad4198465d60ada67b5) Importer(2089858483,b0f066a214c2f5e87bad3c948f4d605d)
Start importing Assets/Flooded_Grounds/Scripts/FPSController/CharController_Motor.cs using Guid(1ec920c63e1d8ad4198465d60ada67b5) Importer(2089858483,b0f066a214c2f5e87bad3c948f4d605d) (ScriptedImporter) -> (artifact id: '592a879f200103dade4244e1cd1d8706') in 0.0072382 seconds
Number of updated asset objects reloaded before import = 0Number of asset objects unloaded after import = 0

========================================================================
Received Import Request.
  Time since last request: 0.000016 seconds.
  path: Assets/Flooded_Grounds/Content/Meshes/mBuildings/mVilla2/Villa2_Deco_Column_Mid_B.fbx
  artifactKey: Guid(1cc770c065d8ef34fa49da4e6d1386e1) Importer(2089858483,b0f066a214c2f5e87bad3c948f4d605d)
Start importing Assets/Flooded_Grounds/Content/Meshes/mBuildings/mVilla2/Villa2_Deco_Column_Mid_B.fbx using Guid(1cc770c065d8ef34fa49da4e6d1386e1) Importer(2089858483,b0f066a214c2f5e87bad3c948f4d605d) (ScriptedImporter) -> (artifact id: '836949e2d4584d746338c6b8d9ef8ed6') in 0.0117592 seconds
Number of updated asset objects reloaded before import = 0Number of asset objects unloaded after import = 7

========================================================================
Received Import Request.
  Time since last request: 0.000020 seconds.
  path: Assets/Flooded_Grounds/Prefabs/Props/Prop_Gravestone_D.prefab
  artifactKey: Guid(7e6af4e8360e4b342840a974109fcaed) Importer(2089858483,b0f066a214c2f5e87bad3c948f4d605d)
Start importing Assets/Flooded_Grounds/Prefabs/Props/Prop_Gravestone_D.prefab using Guid(7e6af4e8360e4b342840a974109fcaed) Importer(2089858483,b0f066a214c2f5e87bad3c948f4d605d) (ScriptedImporter) -> (artifact id: '2597d747841688aa72abb7e2ab349978') in 0.013233 seconds
Number of updated asset objects reloaded before import = 0Number of asset objects unloaded after import = 9

========================================================================
Received Import Request.
  Time since last request: 0.000027 seconds.
  path: Assets/Flooded_Grounds/Content/Meshes/mBuildings/mCabins/Cabin2_Mid2.fbx
  artifactKey: Guid(08d225ce47b54c942a29c4403ca7172e) Importer(2089858483,b0f066a214c2f5e87bad3c948f4d605d)
Start importing Assets/Flooded_Grounds/Content/Meshes/mBuildings/mCabins/Cabin2_Mid2.fbx using Guid(08d225ce47b54c942a29c4403ca7172e) Importer(2089858483,b0f066a214c2f5e87bad3c948f4d605d) (ScriptedImporter) -> (artifact id: '6772c65f06d098a4827410d9b44d25a8') in 0.0137666 seconds
Number of updated asset objects reloaded before import = 0Number of asset objects unloaded after import = 7

========================================================================
Received Import Request.
  Time since last request: 0.000016 seconds.
  path: Assets/Flooded_Grounds/Prefabs/Buildings/Villa2
  artifactKey: Guid(be807a4e037b8934fb03c4cb60413688) Importer(2089858483,b0f066a214c2f5e87bad3c948f4d605d)
Start importing Assets/Flooded_Grounds/Prefabs/Buildings/Villa2 using Guid(be807a4e037b8934fb03c4cb60413688) Importer(2089858483,b0f066a214c2f5e87bad3c948f4d605d) (ScriptedImporter) -> (artifact id: '10a801493804da8918fd68b6913f4ee0') in 0.0072209 seconds
Number of updated asset objects reloaded before import = 0Number of asset objects unloaded after import = 1

========================================================================
Received Import Request.
  Time since last request: 0.000018 seconds.
  path: Assets/Flooded_Grounds/Prefabs/Nature/Trees/TreeCreator_Tall_B_Textures/shadow.png
  artifactKey: Guid(9c04d19f5b819314b9a6dfb2cda62177) Importer(2089858483,b0f066a214c2f5e87bad3c948f4d605d)
Start importing Assets/Flooded_Grounds/Prefabs/Nature/Trees/TreeCreator_Tall_B_Textures/shadow.png using Guid(9c04d19f5b819314b9a6dfb2cda62177) Importer(2089858483,b0f066a214c2f5e87bad3c948f4d605d) (ScriptedImporter) -> (artifact id: 'a4ed31a578b780bd68953f6da1150dae') in 0.0090024 seconds
Number of updated asset objects reloaded before import = 0Number of asset objects unloaded after import = 1

========================================================================
Received Import Request.
  Time since last request: 0.000017 seconds.
  path: Assets/Flooded_Grounds/Content/Meshes/mBuildings/mVilla1/Villa1_Wall_Int_A.fbx
  artifactKey: Guid(4a65d2e0aced6644b932e1e256d14148) Importer(2089858483,b0f066a214c2f5e87bad3c948f4d605d)
Start importing Assets/Flooded_Grounds/Content/Meshes/mBuildings/mVilla1/Villa1_Wall_Int_A.fbx using Guid(4a65d2e0aced6644b932e1e256d14148) Importer(2089858483,b0f066a214c2f5e87bad3c948f4d605d) (ScriptedImporter) -> (artifact id: '7712f5d1a4d66a8aec9cd49eed7713ef') in 0.0110054 seconds
Number of updated asset objects reloaded before import = 0Number of asset objects unloaded after import = 7

========================================================================
Received Import Request.
  Time since last request: 0.000013 seconds.
  path: Assets/Flooded_Grounds/Prefabs/Buildings/Villa1/Villa1_Deco_Beam_A.prefab
  artifactKey: Guid(909999d1c675e9141bd20febde2629f0) Importer(2089858483,b0f066a214c2f5e87bad3c948f4d605d)
Start importing Assets/Flooded_Grounds/Prefabs/Buildings/Villa1/Villa1_Deco_Beam_A.prefab using Guid(909999d1c675e9141bd20febde2629f0) Importer(2089858483,b0f066a214c2f5e87bad3c948f4d605d) (ScriptedImporter) -> (artifact id: 'c52c6a5bef021de86a19258e7521ffa9') in 0.0111434 seconds
Number of updated asset objects reloaded before import = 0Number of asset objects unloaded after import = 9

========================================================================
Received Import Request.
  Time since last request: 0.000019 seconds.
  path: Assets/Flooded_Grounds/Content/Textures/BLD_Villa1_N.tif
  artifactKey: Guid(4a2dca3a6b2272349b0c4239f2a4060a) Importer(2089858483,b0f066a214c2f5e87bad3c948f4d605d)
Start importing Assets/Flooded_Grounds/Content/Textures/BLD_Villa1_N.tif using Guid(4a2dca3a6b2272349b0c4239f2a4060a) Importer(2089858483,b0f066a214c2f5e87bad3c948f4d605d) (ScriptedImporter) -> (artifact id: 'a0046a383842c74ea23ece86cef0ed8b') in 0.0162059 seconds
Number of updated asset objects reloaded before import = 0Number of asset objects unloaded after import = 1

========================================================================
Received Import Request.
  Time since last request: 0.000029 seconds.
  path: Assets/Flooded_Grounds/Content/Textures/BLD_Church1_A.tif
  artifactKey: Guid(2e4ccbbb3c4ba6b4d906856d15de31d8) Importer(2089858483,b0f066a214c2f5e87bad3c948f4d605d)
Start importing Assets/Flooded_Grounds/Content/Textures/BLD_Church1_A.tif using Guid(2e4ccbbb3c4ba6b4d906856d15de31d8) Importer(2089858483,b0f066a214c2f5e87bad3c948f4d605d) (ScriptedImporter) -> (artifact id: 'a8f8dd919a068f72309ab815536e567c') in 0.0128551 seconds
Number of updated asset objects reloaded before import = 0Number of asset objects unloaded after import = 1

========================================================================
Received Import Request.
  Time since last request: 0.000014 seconds.
  path: Assets/Flooded_Grounds/Content/Meshes/mProps/lo_Prop_Gravestone_B.fbx
  artifactKey: Guid(77f6b03b6e453ae479b40116e9371dba) Importer(2089858483,b0f066a214c2f5e87bad3c948f4d605d)
Start importing Assets/Flooded_Grounds/Content/Meshes/mProps/lo_Prop_Gravestone_B.fbx using Guid(77f6b03b6e453ae479b40116e9371dba) Importer(2089858483,b0f066a214c2f5e87bad3c948f4d605d) (ScriptedImporter) -> (artifact id: '9c3404588393315597755ccf6efec185') in 0.0119541 seconds
Number of updated asset objects reloaded before import = 0Number of asset objects unloaded after import = 7

========================================================================
Received Import Request.
  Time since last request: 0.000016 seconds.
  path: Assets/Flooded_Grounds/Content/Trees/SrcTextures/FOL_Trunk1_A.tif
  artifactKey: Guid(36d142a4a8dda2746bfa4cfa29630d71) Importer(2089858483,b0f066a214c2f5e87bad3c948f4d605d)
Start importing Assets/Flooded_Grounds/Content/Trees/SrcTextures/FOL_Trunk1_A.tif using Guid(36d142a4a8dda2746bfa4cfa29630d71) Importer(2089858483,b0f066a214c2f5e87bad3c948f4d605d) (ScriptedImporter) -> (artifact id: '43454fe21a1e37162f969d6266b96a8e') in 0.012624 seconds
Number of updated asset objects reloaded before import = 0Number of asset objects unloaded after import = 1

========================================================================
Received Import Request.
  Time since last request: 0.000013 seconds.
  path: Assets/Flooded_Grounds/Content/Textures/DET_BrushMetal_N.tif
  artifactKey: Guid(388b0d1a3a79bee4e88ecf3e75515867) Importer(2089858483,b0f066a214c2f5e87bad3c948f4d605d)
Start importing Assets/Flooded_Grounds/Content/Textures/DET_BrushMetal_N.tif using Guid(388b0d1a3a79bee4e88ecf3e75515867) Importer(2089858483,b0f066a214c2f5e87bad3c948f4d605d) (ScriptedImporter) -> (artifact id: '5ed858e94a685202123db0f6c00852b3') in 0.0111277 seconds
Number of updated asset objects reloaded before import = 0Number of asset objects unloaded after import = 1

========================================================================
Received Import Request.
  Time since last request: 0.000020 seconds.
  path: Assets/Flooded_Grounds/Prefabs/Nature/Trees/TreeCreator_Tall_C_Dead.prefab
  artifactKey: Guid(1175c4563a5b466479faa3985e452631) Importer(2089858483,b0f066a214c2f5e87bad3c948f4d605d)
Start importing Assets/Flooded_Grounds/Prefabs/Nature/Trees/TreeCreator_Tall_C_Dead.prefab using Guid(1175c4563a5b466479faa3985e452631) Importer(2089858483,b0f066a214c2f5e87bad3c948f4d605d) (ScriptedImporter) -> (artifact id: 'ed1437ddaf4e8180325a5b4761cc7729') in 0.14083 seconds
Number of updated asset objects reloaded before import = 0Number of asset objects unloaded after import = 19

========================================================================
Received Import Request.
  Time since last request: 0.000020 seconds.
  path: Assets/Flooded_Grounds/Content/Meshes/mBuildings
  artifactKey: Guid(934d99a8b748739449ac319435c037bb) Importer(2089858483,b0f066a214c2f5e87bad3c948f4d605d)
Start importing Assets/Flooded_Grounds/Content/Meshes/mBuildings using Guid(934d99a8b748739449ac319435c037bb) Importer(2089858483,b0f066a214c2f5e87bad3c948f4d605d) (ScriptedImporter) -> (artifact id: 'c1ceac56ffa8611af2c946979bf9dc2e') in 0.0088729 seconds
Number of updated asset objects reloaded before import = 0Number of asset objects unloaded after import = 1

========================================================================
Received Import Request.
  Time since last request: 0.000017 seconds.
  path: Assets/Flooded_Grounds/Content/Textures/PROP_RugsPaintigs1_MS.tif
  artifactKey: Guid(d74fcff7ac5febd41922d058389957c2) Importer(2089858483,b0f066a214c2f5e87bad3c948f4d605d)
Start importing Assets/Flooded_Grounds/Content/Textures/PROP_RugsPaintigs1_MS.tif using Guid(d74fcff7ac5febd41922d058389957c2) Importer(2089858483,b0f066a214c2f5e87bad3c948f4d605d) (ScriptedImporter) -> (artifact id: 'a41a0287a30eaae112951babb77cdd6c') in 0.0118808 seconds
Number of updated asset objects reloaded before import = 0Number of asset objects unloaded after import = 1

========================================================================
Received Import Request.
  Time since last request: 0.000018 seconds.
  path: Assets/Flooded_Grounds/PostProcessing/Resources/Bluenoise64/LDR_LLL1_10.png
  artifactKey: Guid(afe1e502240079342a0a980484b6da8b) Importer(2089858483,b0f066a214c2f5e87bad3c948f4d605d)
Start importing Assets/Flooded_Grounds/PostProcessing/Resources/Bluenoise64/LDR_LLL1_10.png using Guid(afe1e502240079342a0a980484b6da8b) Importer(2089858483,b0f066a214c2f5e87bad3c948f4d605d) (ScriptedImporter) -> (artifact id: 'f0b81e96cd102031c5d28ad83e13de26') in 0.0130719 seconds
Number of updated asset objects reloaded before import = 0Number of asset objects unloaded after import = 1

========================================================================
Received Import Request.
  Time since last request: 0.000019 seconds.
  path: Assets/Flooded_Grounds/Prefabs/Buildings/Bridge/BLD_Bridge_B.prefab
  artifactKey: Guid(6f60540659e8d0040aaae31620c1ac44) Importer(2089858483,b0f066a214c2f5e87bad3c948f4d605d)
Start importing Assets/Flooded_Grounds/Prefabs/Buildings/Bridge/BLD_Bridge_B.prefab using Guid(6f60540659e8d0040aaae31620c1ac44) Importer(2089858483,b0f066a214c2f5e87bad3c948f4d605d) (ScriptedImporter) -> (artifact id: 'a53c53676c3cdf39db32fc0ed21c8e96') in 0.0140232 seconds
Number of updated asset objects reloaded before import = 0Number of asset objects unloaded after import = 23

========================================================================
Received Import Request.
  Time since last request: 0.000017 seconds.
  path: Assets/Flooded_Grounds/Prefabs/Buildings/Villa1/Villa1_Ext_A.prefab
  artifactKey: Guid(287365a760f34774c89f2f14c93e3251) Importer(2089858483,b0f066a214c2f5e87bad3c948f4d605d)
Start importing Assets/Flooded_Grounds/Prefabs/Buildings/Villa1/Villa1_Ext_A.prefab using Guid(287365a760f34774c89f2f14c93e3251) Importer(2089858483,b0f066a214c2f5e87bad3c948f4d605d) (ScriptedImporter) -> (artifact id: 'd6616e1e22b613736d7a652932f1406b') in 0.0117408 seconds
Number of updated asset objects reloaded before import = 0Number of asset objects unloaded after import = 10

========================================================================
Received Import Request.
  Time since last request: 0.000016 seconds.
  path: Assets/Flooded_Grounds/Prefabs/Buildings/BrickHouse/BrickHouse_Door_A.prefab
  artifactKey: Guid(7c026980fc17fa642b7a22557ebb0007) Importer(2089858483,b0f066a214c2f5e87bad3c948f4d605d)
Start importing Assets/Flooded_Grounds/Prefabs/Buildings/BrickHouse/BrickHouse_Door_A.prefab using Guid(7c026980fc17fa642b7a22557ebb0007) Importer(2089858483,b0f066a214c2f5e87bad3c948f4d605d) (ScriptedImporter) -> (artifact id: '026e8712ed559c31aee2489565932b58') in 0.0123917 seconds
Number of updated asset objects reloaded before import = 0Number of asset objects unloaded after import = 9

========================================================================
Received Import Request.
  Time since last request: 0.000022 seconds.
  path: Assets/Flooded_Grounds/Content/Textures/BLD_IndBuilding1_MS.tif
  artifactKey: Guid(d1f0c0d13b28f7942b930d9dcd3307ab) Importer(2089858483,b0f066a214c2f5e87bad3c948f4d605d)
Start importing Assets/Flooded_Grounds/Content/Textures/BLD_IndBuilding1_MS.tif using Guid(d1f0c0d13b28f7942b930d9dcd3307ab) Importer(2089858483,b0f066a214c2f5e87bad3c948f4d605d) (ScriptedImporter) -> (artifact id: '0745cc9306b55a5bc2e5e2613a70c7de') in 0.0148365 seconds
Number of updated asset objects reloaded before import = 0Number of asset objects unloaded after import = 1

========================================================================
Received Import Request.
  Time since last request: 0.000029 seconds.
  path: Assets/Flooded_Grounds/Content/Meshes/mBuildings/mIndBuilding1/IndBuilding1_Base_Mid_A.fbx
  artifactKey: Guid(6abd91808b5cc3c4392a9391849a70b8) Importer(2089858483,b0f066a214c2f5e87bad3c948f4d605d)
Start importing Assets/Flooded_Grounds/Content/Meshes/mBuildings/mIndBuilding1/IndBuilding1_Base_Mid_A.fbx using Guid(6abd91808b5cc3c4392a9391849a70b8) Importer(2089858483,b0f066a214c2f5e87bad3c948f4d605d) (ScriptedImporter) -> (artifact id: '19c1f063ca4a7816710d794f131de9f0') in 0.0124146 seconds
Number of updated asset objects reloaded before import = 0Number of asset objects unloaded after import = 7

========================================================================
Received Import Request.
  Time since last request: 0.000020 seconds.
  path: Assets/Flooded_Grounds/PostProcessing/Editor/Models/DepthOfFieldModelEditor.cs
  artifactKey: Guid(dc2f388440e9f8b4f8fc7bb43c01cc7d) Importer(2089858483,b0f066a214c2f5e87bad3c948f4d605d)
Start importing Assets/Flooded_Grounds/PostProcessing/Editor/Models/DepthOfFieldModelEditor.cs using Guid(dc2f388440e9f8b4f8fc7bb43c01cc7d) Importer(2089858483,b0f066a214c2f5e87bad3c948f4d605d) (ScriptedImporter) -> (artifact id: '66f24a787c68e4681a46b3849eee563d') in 0.0085578 seconds
Number of updated asset objects reloaded before import = 0Number of asset objects unloaded after import = 0

========================================================================
Received Import Request.
  Time since last request: 0.000020 seconds.
  path: Assets/Flooded_Grounds/Prefabs/Backgrounds
  artifactKey: Guid(340d2c0eb993f774c8a414025182f933) Importer(2089858483,b0f066a214c2f5e87bad3c948f4d605d)
Start importing Assets/Flooded_Grounds/Prefabs/Backgrounds using Guid(340d2c0eb993f774c8a414025182f933) Importer(2089858483,b0f066a214c2f5e87bad3c948f4d605d) (ScriptedImporter) -> (artifact id: '5cddead114d93c58cba0e9f3f28456e0') in 0.0078485 seconds
Number of updated asset objects reloaded before import = 0Number of asset objects unloaded after import = 1

========================================================================
Received Import Request.
  Time since last request: 0.000025 seconds.
  path: Assets/Flooded_Grounds/Content/Meshes/mBuildings/mStructures/Struct_FloodWall_B.fbx
  artifactKey: Guid(6dfca11f97ce9914285493b25822dc12) Importer(2089858483,b0f066a214c2f5e87bad3c948f4d605d)
Start importing Assets/Flooded_Grounds/Content/Meshes/mBuildings/mStructures/Struct_FloodWall_B.fbx using Guid(6dfca11f97ce9914285493b25822dc12) Importer(2089858483,b0f066a214c2f5e87bad3c948f4d605d) (ScriptedImporter) -> (artifact id: 'a8baccf202040baa0d79dd04508d9c46') in 0.0239175 seconds
Number of updated asset objects reloaded before import = 0Number of asset objects unloaded after import = 20

========================================================================
Received Import Request.
  Time since last request: 0.000015 seconds.
  path: Assets/Flooded_Grounds/Content/Meshes/mBuildings/mLightHouse/LightHouse_A.fbm/1
  artifactKey: Guid(8e4c8322fcb47904c863e00b8d6c739f) Importer(2089858483,b0f066a214c2f5e87bad3c948f4d605d)
Start importing Assets/Flooded_Grounds/Content/Meshes/mBuildings/mLightHouse/LightHouse_A.fbm/1 using Guid(8e4c8322fcb47904c863e00b8d6c739f) Importer(2089858483,b0f066a214c2f5e87bad3c948f4d605d) (ScriptedImporter) -> (artifact id: '55552731af497f01a67d772676e339f4') in 0.0083795 seconds
Number of updated asset objects reloaded before import = 0Number of asset objects unloaded after import = 1

========================================================================
Received Import Request.
  Time since last request: 0.000019 seconds.
  path: Assets/Flooded_Grounds/Prefabs/Buildings/BrickHouse/BrickHouse_Deco_WindowGlass_B.prefab
  artifactKey: Guid(eaaa713946d21c349acbc0f8b739f316) Importer(2089858483,b0f066a214c2f5e87bad3c948f4d605d)
Start importing Assets/Flooded_Grounds/Prefabs/Buildings/BrickHouse/BrickHouse_Deco_WindowGlass_B.prefab using Guid(eaaa713946d21c349acbc0f8b739f316) Importer(2089858483,b0f066a214c2f5e87bad3c948f4d605d) (ScriptedImporter) -> (artifact id: '8bd4e3b2601a4bcb444af59ea91b1377') in 0.0094213 seconds
Number of updated asset objects reloaded before import = 0Number of asset objects unloaded after import = 8

========================================================================
Received Import Request.
  Time since last request: 0.000023 seconds.
  path: Assets/Flooded_Grounds/Content/Meshes/mProps/lo_Prop_Car_A.fbm
  artifactKey: Guid(d1b738fe9d79f104fb94798c6c8d6aed) Importer(2089858483,b0f066a214c2f5e87bad3c948f4d605d)
Start importing Assets/Flooded_Grounds/Content/Meshes/mProps/lo_Prop_Car_A.fbm using Guid(d1b738fe9d79f104fb94798c6c8d6aed) Importer(2089858483,b0f066a214c2f5e87bad3c948f4d605d) (ScriptedImporter) -> (artifact id: '04022988f742f8aba68c8f661454605b') in 0.0080382 seconds
Number of updated asset objects reloaded before import = 0Number of asset objects unloaded after import = 1

========================================================================
Received Import Request.
  Time since last request: 0.000017 seconds.
  path: Assets/Flooded_Grounds/Prefabs/Nature/Rocks/CobbleRock_C.prefab
  artifactKey: Guid(675dd002390c04947b66a330d6ce7727) Importer(2089858483,b0f066a214c2f5e87bad3c948f4d605d)
Start importing Assets/Flooded_Grounds/Prefabs/Nature/Rocks/CobbleRock_C.prefab using Guid(675dd002390c04947b66a330d6ce7727) Importer(2089858483,b0f066a214c2f5e87bad3c948f4d605d) (ScriptedImporter) -> (artifact id: '3b52a61335792863c3478f8313f204c5') in 0.0096329 seconds
Number of updated asset objects reloaded before import = 0Number of asset objects unloaded after import = 20

========================================================================
Received Import Request.
  Time since last request: 0.000014 seconds.
  path: Assets/Flooded_Grounds/Content/Meshes/mBuildings/mVilla1/Villa1_Top_Cor1.fbx
  artifactKey: Guid(a8348a8caf68b214e8b9aced3556e8bb) Importer(2089858483,b0f066a214c2f5e87bad3c948f4d605d)
Start importing Assets/Flooded_Grounds/Content/Meshes/mBuildings/mVilla1/Villa1_Top_Cor1.fbx using Guid(a8348a8caf68b214e8b9aced3556e8bb) Importer(2089858483,b0f066a214c2f5e87bad3c948f4d605d) (ScriptedImporter) -> (artifact id: '19c08fba0d710169ba63070c2fd89bf3') in 0.0148579 seconds
Number of updated asset objects reloaded before import = 0Number of asset objects unloaded after import = 7

========================================================================
Received Import Request.
  Time since last request: 0.000016 seconds.
  path: Assets/Flooded_Grounds/Scenes/Postprocess_FloodedGrounds.asset
  artifactKey: Guid(29ac70c6bc481c64fb76807cbc16dc82) Importer(2089858483,b0f066a214c2f5e87bad3c948f4d605d)
Start importing Assets/Flooded_Grounds/Scenes/Postprocess_FloodedGrounds.asset using Guid(29ac70c6bc481c64fb76807cbc16dc82) Importer(2089858483,b0f066a214c2f5e87bad3c948f4d605d) (ScriptedImporter) -> (artifact id: '1f6e44abdaf0564b5b958fafc412dce8') in 0.009295 seconds
Number of updated asset objects reloaded before import = 0Number of asset objects unloaded after import = 1

========================================================================
Received Import Request.
  Time since last request: 0.000017 seconds.
  path: Assets/Flooded_Grounds/PostProcessing/Utilities
  artifactKey: Guid(478d405e757b044f2bd9c4b777026b7e) Importer(2089858483,b0f066a214c2f5e87bad3c948f4d605d)
Start importing Assets/Flooded_Grounds/PostProcessing/Utilities using Guid(478d405e757b044f2bd9c4b777026b7e) Importer(2089858483,b0f066a214c2f5e87bad3c948f4d605d) (ScriptedImporter) -> (artifact id: 'e5ab7c4e0159a459a548339814b24d21') in 0.009099 seconds
Number of updated asset objects reloaded before import = 0Number of asset objects unloaded after import = 1

========================================================================
Received Import Request.
  Time since last request: 0.000022 seconds.
  path: Assets/Flooded_Grounds/Content/Trees/SrcPrefabs
  artifactKey: Guid(d3851c9e132f17a4a95414fca590c2b6) Importer(2089858483,b0f066a214c2f5e87bad3c948f4d605d)
Start importing Assets/Flooded_Grounds/Content/Trees/SrcPrefabs using Guid(d3851c9e132f17a4a95414fca590c2b6) Importer(2089858483,b0f066a214c2f5e87bad3c948f4d605d) (ScriptedImporter) -> (artifact id: '75502a00f2b1b461b8c37b97ea16b1a5') in 0.008543 seconds
Number of updated asset objects reloaded before import = 0Number of asset objects unloaded after import = 1

========================================================================
Received Import Request.
  Time since last request: 0.000031 seconds.
  path: Assets/Flooded_Grounds/Content/Textures/BGR_Ocean_D.tif
  artifactKey: Guid(08fee7c705165d84294fc4eb7c8a3a10) Importer(2089858483,b0f066a214c2f5e87bad3c948f4d605d)
Start importing Assets/Flooded_Grounds/Content/Textures/BGR_Ocean_D.tif using Guid(08fee7c705165d84294fc4eb7c8a3a10) Importer(2089858483,b0f066a214c2f5e87bad3c948f4d605d) (ScriptedImporter) -> (artifact id: 'e80ea53a75dd018f82eedcbd3dc71b15') in 0.0127002 seconds
Number of updated asset objects reloaded before import = 0Number of asset objects unloaded after import = 1

========================================================================
Received Import Request.
  Time since last request: 0.000016 seconds.
  path: Assets/Flooded_Grounds/PostProcessing/Resources/Bluenoise64/LDR_LLL1_52.png
  artifactKey: Guid(d2e8e90fac2e6a341a38e1c3963c218d) Importer(2089858483,b0f066a214c2f5e87bad3c948f4d605d)
Start importing Assets/Flooded_Grounds/PostProcessing/Resources/Bluenoise64/LDR_LLL1_52.png using Guid(d2e8e90fac2e6a341a38e1c3963c218d) Importer(2089858483,b0f066a214c2f5e87bad3c948f4d605d) (ScriptedImporter) -> (artifact id: 'd4df6fceb2fd64da96164e7d613f350c') in 0.0118238 seconds
Number of updated asset objects reloaded before import = 0Number of asset objects unloaded after import = 1

========================================================================
Received Import Request.
  Time since last request: 0.000017 seconds.
  path: Assets/Flooded_Grounds/Prefabs/Buildings/BrickHouse/BrickHouse_Floor_End_A.prefab
  artifactKey: Guid(7144982b2dbf65f4ab9f5f9ce98309e5) Importer(2089858483,b0f066a214c2f5e87bad3c948f4d605d)
Start importing Assets/Flooded_Grounds/Prefabs/Buildings/BrickHouse/BrickHouse_Floor_End_A.prefab using Guid(7144982b2dbf65f4ab9f5f9ce98309e5) Importer(2089858483,b0f066a214c2f5e87bad3c948f4d605d) (ScriptedImporter) -> (artifact id: '2e136de7279bd092cfca2b3e39af9fc1') in 0.0117318 seconds
Number of updated asset objects reloaded before import = 0Number of asset objects unloaded after import = 9

========================================================================
Received Import Request.
  Time since last request: 0.000016 seconds.
  path: Assets/Flooded_Grounds/Content/Trees/SrcMeshes/Branch3.fbx
  artifactKey: Guid(674166747f4cccc4e8fe1f7011630989) Importer(2089858483,b0f066a214c2f5e87bad3c948f4d605d)
Start importing Assets/Flooded_Grounds/Content/Trees/SrcMeshes/Branch3.fbx using Guid(674166747f4cccc4e8fe1f7011630989) Importer(2089858483,b0f066a214c2f5e87bad3c948f4d605d) (ScriptedImporter) -> (artifact id: 'c111523af275cb117668b7fe6c912726') in 0.0111552 seconds
Number of updated asset objects reloaded before import = 0Number of asset objects unloaded after import = 7

========================================================================
Received Import Request.
  Time since last request: 0.000018 seconds.
  path: Assets/Flooded_Grounds/Content/Meshes/mBuildings/mStructures/Struct_Fence1_Mid_B.fbx
  artifactKey: Guid(3ba2d426b1f399a4a9cfaa5e362e5b97) Importer(2089858483,b0f066a214c2f5e87bad3c948f4d605d)
Start importing Assets/Flooded_Grounds/Content/Meshes/mBuildings/mStructures/Struct_Fence1_Mid_B.fbx using Guid(3ba2d426b1f399a4a9cfaa5e362e5b97) Importer(2089858483,b0f066a214c2f5e87bad3c948f4d605d) (ScriptedImporter) -> (artifact id: '54e09f93d48f42c0828bfa220d7a0913') in 0.015819 seconds
Number of updated asset objects reloaded before import = 0Number of asset objects unloaded after import = 20

========================================================================
Received Import Request.
  Time since last request: 0.000020 seconds.
  path: Assets/Flooded_Grounds/Content/Meshes/mBuildings/mVilla2/Villa2_Deco_WindowGlass_A.fbx
  artifactKey: Guid(b4107ce16c2641447bb94ba8e62edb98) Importer(2089858483,b0f066a214c2f5e87bad3c948f4d605d)
Start importing Assets/Flooded_Grounds/Content/Meshes/mBuildings/mVilla2/Villa2_Deco_WindowGlass_A.fbx using Guid(b4107ce16c2641447bb94ba8e62edb98) Importer(2089858483,b0f066a214c2f5e87bad3c948f4d605d) (ScriptedImporter) -> (artifact id: 'c0b88c6b3c3770398beaefb9431708a6') in 0.0129939 seconds
Number of updated asset objects reloaded before import = 0Number of asset objects unloaded after import = 7

========================================================================
Received Import Request.
  Time since last request: 0.000027 seconds.
  path: Assets/Flooded_Grounds/Content/Meshes/mBuildings/mVilla1/Villa1_Wall_Mid_D.fbx
  artifactKey: Guid(25f99a0d3086b5c42ac46a2ab24bd6e8) Importer(2089858483,b0f066a214c2f5e87bad3c948f4d605d)
Start importing Assets/Flooded_Grounds/Content/Meshes/mBuildings/mVilla1/Villa1_Wall_Mid_D.fbx using Guid(25f99a0d3086b5c42ac46a2ab24bd6e8) Importer(2089858483,b0f066a214c2f5e87bad3c948f4d605d) (ScriptedImporter) -> (artifact id: '3e6b0804bb4f568f6bd46421c8d31c68') in 0.0130135 seconds
Number of updated asset objects reloaded before import = 0Number of asset objects unloaded after import = 7

========================================================================
Received Import Request.
  Time since last request: 0.000015 seconds.
  path: Assets/Flooded_Grounds/Content/Meshes/mBuildings/mIndBuilding1/Indbuilding1_Door_A.fbx
  artifactKey: Guid(8610ede41c464044a9665db06f599c65) Importer(2089858483,b0f066a214c2f5e87bad3c948f4d605d)
Start importing Assets/Flooded_Grounds/Content/Meshes/mBuildings/mIndBuilding1/Indbuilding1_Door_A.fbx using Guid(8610ede41c464044a9665db06f599c65) Importer(2089858483,b0f066a214c2f5e87bad3c948f4d605d) (ScriptedImporter) -> (artifact id: '71624e0df53b23999f7de75bd8cb218c') in 0.0112496 seconds
Number of updated asset objects reloaded before import = 0Number of asset objects unloaded after import = 7

========================================================================
Received Import Request.
  Time since last request: 0.000016 seconds.
  path: Assets/Flooded_Grounds/Prefabs/Nature/Trees/TreeCreator_Crinkly_A_Textures
  artifactKey: Guid(cb9c6d28c03cc0d48a16f909f8e48800) Importer(2089858483,b0f066a214c2f5e87bad3c948f4d605d)
Start importing Assets/Flooded_Grounds/Prefabs/Nature/Trees/TreeCreator_Crinkly_A_Textures using Guid(cb9c6d28c03cc0d48a16f909f8e48800) Importer(2089858483,b0f066a214c2f5e87bad3c948f4d605d) (ScriptedImporter) -> (artifact id: 'b0d4b0a947ddb6908a49b4b96f6c2188') in 0.0080654 seconds
Number of updated asset objects reloaded before import = 0Number of asset objects unloaded after import = 1

========================================================================
Received Import Request.
  Time since last request: 0.000016 seconds.
  path: Assets/Flooded_Grounds/PostProcessing/Editor Resources/Monitors
  artifactKey: Guid(e7358848dd8737c459f4636f1c075835) Importer(2089858483,b0f066a214c2f5e87bad3c948f4d605d)
Start importing Assets/Flooded_Grounds/PostProcessing/Editor Resources/Monitors using Guid(e7358848dd8737c459f4636f1c075835) Importer(2089858483,b0f066a214c2f5e87bad3c948f4d605d) (ScriptedImporter) -> (artifact id: '6650c59282a9dbeb3c5ffa99caeb2c36') in 0.0080165 seconds
Number of updated asset objects reloaded before import = 0Number of asset objects unloaded after import = 1

========================================================================
Received Import Request.
  Time since last request: 0.000015 seconds.
  path: Assets/Flooded_Grounds/Prefabs/Nature/Trees/TreeCreator_Crinkly_B_Textures/translucency_gloss.png
  artifactKey: Guid(9d2505cbd1b356a4f96848f4670d870b) Importer(2089858483,b0f066a214c2f5e87bad3c948f4d605d)
Start importing Assets/Flooded_Grounds/Prefabs/Nature/Trees/TreeCreator_Crinkly_B_Textures/translucency_gloss.png using Guid(9d2505cbd1b356a4f96848f4670d870b) Importer(2089858483,b0f066a214c2f5e87bad3c948f4d605d) (ScriptedImporter) -> (artifact id: '008e1ba93ae05624d6d5faf66ba36dd0') in 0.0112915 seconds
Number of updated asset objects reloaded before import = 0Number of asset objects unloaded after import = 1

========================================================================
Received Import Request.
  Time since last request: 0.000017 seconds.
  path: Assets/Flooded_Grounds/PostProcessing/Runtime/Components/UserLutComponent.cs
  artifactKey: Guid(63cb071fb8442a14f85c02e6ddba9b72) Importer(2089858483,b0f066a214c2f5e87bad3c948f4d605d)
Start importing Assets/Flooded_Grounds/PostProcessing/Runtime/Components/UserLutComponent.cs using Guid(63cb071fb8442a14f85c02e6ddba9b72) Importer(2089858483,b0f066a214c2f5e87bad3c948f4d605d) (ScriptedImporter) -> (artifact id: 'b9964316c208837b38a777fc9d249f84') in 0.0086606 seconds
Number of updated asset objects reloaded before import = 0Number of asset objects unloaded after import = 0

========================================================================
Received Import Request.
  Time since last request: 0.000028 seconds.
  path: Assets/Flooded_Grounds/Content/Meshes/mNature/mGrass/Grass_Med_A.fbx
  artifactKey: Guid(b9c33fe4c3da29b4793c68df4a835a79) Importer(2089858483,b0f066a214c2f5e87bad3c948f4d605d)
Start importing Assets/Flooded_Grounds/Content/Meshes/mNature/mGrass/Grass_Med_A.fbx using Guid(b9c33fe4c3da29b4793c68df4a835a79) Importer(2089858483,b0f066a214c2f5e87bad3c948f4d605d) (ScriptedImporter) -> (artifact id: 'b8fd57ef9622fa65935927f7b8679850') in 0.0110298 seconds
Number of updated asset objects reloaded before import = 0Number of asset objects unloaded after import = 7

========================================================================
Received Import Request.
  Time since last request: 0.000014 seconds.
  path: Assets/Flooded_Grounds/Content/Textures/NAT_Grass1_AS.tif
  artifactKey: Guid(91d2eb104975da745b684b83e3cb8553) Importer(2089858483,b0f066a214c2f5e87bad3c948f4d605d)
Start importing Assets/Flooded_Grounds/Content/Textures/NAT_Grass1_AS.tif using Guid(91d2eb104975da745b684b83e3cb8553) Importer(2089858483,b0f066a214c2f5e87bad3c948f4d605d) (ScriptedImporter) -> (artifact id: '0dfd10d68c3ae02a6ae3a1982b85d088') in 0.0110548 seconds
Number of updated asset objects reloaded before import = 0Number of asset objects unloaded after import = 1

========================================================================
Received Import Request.
  Time since last request: 0.000014 seconds.
  path: Assets/Flooded_Grounds/Content/Textures/PROP_Boat1_A.tif
  artifactKey: Guid(d6f27195030c7464cadb3d67e41abc58) Importer(2089858483,b0f066a214c2f5e87bad3c948f4d605d)
Start importing Assets/Flooded_Grounds/Content/Textures/PROP_Boat1_A.tif using Guid(d6f27195030c7464cadb3d67e41abc58) Importer(2089858483,b0f066a214c2f5e87bad3c948f4d605d) (ScriptedImporter) -> (artifact id: '5735fe819a15ffd6455294f0adf68053') in 0.0131694 seconds
Number of updated asset objects reloaded before import = 0Number of asset objects unloaded after import = 1

========================================================================
Received Import Request.
  Time since last request: 0.000019 seconds.
  path: Assets/Flooded_Grounds/Content/Meshes/mBuildings/mVilla1/Villa1_Floor_Mid_A_4x.fbx
  artifactKey: Guid(bc91e04fa85386041b9e5dc13c8f4f1a) Importer(2089858483,b0f066a214c2f5e87bad3c948f4d605d)
Start importing Assets/Flooded_Grounds/Content/Meshes/mBuildings/mVilla1/Villa1_Floor_Mid_A_4x.fbx using Guid(bc91e04fa85386041b9e5dc13c8f4f1a) Importer(2089858483,b0f066a214c2f5e87bad3c948f4d605d) (ScriptedImporter) -> (artifact id: '0f6cd97fd0d92d62e75b4232ffc7850d') in 0.0142277 seconds
Number of updated asset objects reloaded before import = 0Number of asset objects unloaded after import = 7

========================================================================
Received Import Request.
  Time since last request: 0.000015 seconds.
  path: Assets/Flooded_Grounds/Content/Meshes/mBuildings/mBarns/Barn1_Mid_A.fbx
  artifactKey: Guid(ffe6eb1e4bae4c940be1841bfb095721) Importer(2089858483,b0f066a214c2f5e87bad3c948f4d605d)
Start importing Assets/Flooded_Grounds/Content/Meshes/mBuildings/mBarns/Barn1_Mid_A.fbx using Guid(ffe6eb1e4bae4c940be1841bfb095721) Importer(2089858483,b0f066a214c2f5e87bad3c948f4d605d) (ScriptedImporter) -> (artifact id: 'cf6593f7cc1e53f33749c1375adc4c57') in 0.0118807 seconds
Number of updated asset objects reloaded before import = 0Number of asset objects unloaded after import = 7

========================================================================
Received Import Request.
  Time since last request: 0.000020 seconds.
  path: Assets/Flooded_Grounds/Content/Meshes/mBuildings/mVilla2/Villa2_Wall_Cor_A.fbx
  artifactKey: Guid(82342e89cae02884288aff5809271912) Importer(2089858483,b0f066a214c2f5e87bad3c948f4d605d)
Start importing Assets/Flooded_Grounds/Content/Meshes/mBuildings/mVilla2/Villa2_Wall_Cor_A.fbx using Guid(82342e89cae02884288aff5809271912) Importer(2089858483,b0f066a214c2f5e87bad3c948f4d605d) (ScriptedImporter) -> (artifact id: '3ed8bbfe680588e9a43d54efd5a1409e') in 0.0121845 seconds
Number of updated asset objects reloaded before import = 0Number of asset objects unloaded after import = 7

========================================================================
Received Import Request.
  Time since last request: 0.000024 seconds.
  path: Assets/Flooded_Grounds/Prefabs/Nature/Trees/TreeCreator_Tall_A_Textures/shadow.png
  artifactKey: Guid(329d9bce48f232f4a8383184a94e0f43) Importer(2089858483,b0f066a214c2f5e87bad3c948f4d605d)
Start importing Assets/Flooded_Grounds/Prefabs/Nature/Trees/TreeCreator_Tall_A_Textures/shadow.png using Guid(329d9bce48f232f4a8383184a94e0f43) Importer(2089858483,b0f066a214c2f5e87bad3c948f4d605d) (ScriptedImporter) -> (artifact id: '8642813db16f5bf911ec7cad13720ca3') in 0.0104889 seconds
Number of updated asset objects reloaded before import = 0Number of asset objects unloaded after import = 1

========================================================================
Received Import Request.
  Time since last request: 0.000016 seconds.
  path: Assets/Flooded_Grounds/Content/Textures/BLD_Villa1_A.tif
  artifactKey: Guid(556d3cdc57e19ff4182da5b6b8060d3d) Importer(2089858483,b0f066a214c2f5e87bad3c948f4d605d)
Start importing Assets/Flooded_Grounds/Content/Textures/BLD_Villa1_A.tif using Guid(556d3cdc57e19ff4182da5b6b8060d3d) Importer(2089858483,b0f066a214c2f5e87bad3c948f4d605d) (ScriptedImporter) -> (artifact id: '5edccc86aebadda1dd089ac8b5379774') in 0.0133827 seconds
Number of updated asset objects reloaded before import = 0Number of asset objects unloaded after import = 1

========================================================================
Received Import Request.
  Time since last request: 0.000014 seconds.
  path: Assets/Flooded_Grounds/Prefabs/Nature/Trees/TreeCreator_Small_B_Textures/diffuse.png
  artifactKey: Guid(ec221d1885c1d554dbc49b8434a733d0) Importer(2089858483,b0f066a214c2f5e87bad3c948f4d605d)
Start importing Assets/Flooded_Grounds/Prefabs/Nature/Trees/TreeCreator_Small_B_Textures/diffuse.png using Guid(ec221d1885c1d554dbc49b8434a733d0) Importer(2089858483,b0f066a214c2f5e87bad3c948f4d605d) (ScriptedImporter) -> (artifact id: '30fafa82f6ce1b17b05284fd721d7cf8') in 0.011103 seconds
Number of updated asset objects reloaded before import = 0Number of asset objects unloaded after import = 1

========================================================================
Received Import Request.
  Time since last request: 0.000012 seconds.
  path: Assets/Flooded_Grounds/Prefabs/Buildings/Structures1
  artifactKey: Guid(f94134f37fa37334c886174cfd96b05f) Importer(2089858483,b0f066a214c2f5e87bad3c948f4d605d)
Start importing Assets/Flooded_Grounds/Prefabs/Buildings/Structures1 using Guid(f94134f37fa37334c886174cfd96b05f) Importer(2089858483,b0f066a214c2f5e87bad3c948f4d605d) (ScriptedImporter) -> (artifact id: 'c89a6e0f88161e9fb1691bf20139eb10') in 0.007852 seconds
Number of updated asset objects reloaded before import = 0Number of asset objects unloaded after import = 1

========================================================================
Received Import Request.
  Time since last request: 0.000014 seconds.
  path: Assets/Flooded_Grounds/Content/Meshes/mBuildings/mStructures/Struct_Docking_A_COL.fbx
  artifactKey: Guid(143a664b353b0ac439702a294cfe4f2f) Importer(2089858483,b0f066a214c2f5e87bad3c948f4d605d)
Start importing Assets/Flooded_Grounds/Content/Meshes/mBuildings/mStructures/Struct_Docking_A_COL.fbx using Guid(143a664b353b0ac439702a294cfe4f2f) Importer(2089858483,b0f066a214c2f5e87bad3c948f4d605d) (ScriptedImporter) -> (artifact id: 'f3c33311450b6b1589b807281da239ff') in 0.0135479 seconds
Number of updated asset objects reloaded before import = 0Number of asset objects unloaded after import = 7

========================================================================
Received Import Request.
  Time since last request: 0.000031 seconds.
  path: Assets/Flooded_Grounds/Prefabs/Buildings/Structures1/Struct_Fence1_Mid_A.prefab
  artifactKey: Guid(b4bb1f5d4e31a07409ece01b4cf53b22) Importer(2089858483,b0f066a214c2f5e87bad3c948f4d605d)
Start importing Assets/Flooded_Grounds/Prefabs/Buildings/Structures1/Struct_Fence1_Mid_A.prefab using Guid(b4bb1f5d4e31a07409ece01b4cf53b22) Importer(2089858483,b0f066a214c2f5e87bad3c948f4d605d) (ScriptedImporter) -> (artifact id: '84bf2cc6b0ae42c9d03ddb3d25d69a08') in 0.0115774 seconds
Number of updated asset objects reloaded before import = 0Number of asset objects unloaded after import = 10

========================================================================
Received Import Request.
  Time since last request: 0.000028 seconds.
  path: Assets/Flooded_Grounds/Content/Materials/BLD_IndBuilding1_LOD.mat
  artifactKey: Guid(eb205ee712ebdad44846425da33e862d) Importer(2089858483,b0f066a214c2f5e87bad3c948f4d605d)
Start importing Assets/Flooded_Grounds/Content/Materials/BLD_IndBuilding1_LOD.mat using Guid(eb205ee712ebdad44846425da33e862d) Importer(2089858483,b0f066a214c2f5e87bad3c948f4d605d) (ScriptedImporter) -> (artifact id: '04e37a00271f77310be6bfbde9dc9c45') in 0.0145431 seconds
Number of updated asset objects reloaded before import = 0Number of asset objects unloaded after import = 3

========================================================================
Received Import Request.
  Time since last request: 0.000016 seconds.
  path: Assets/Flooded_Grounds/Prefabs/Buildings/IndBuilding1/IndBuilding1_Top_Mid_A.prefab
  artifactKey: Guid(4364c4769d122564abbf7277ef60854f) Importer(2089858483,b0f066a214c2f5e87bad3c948f4d605d)
Start importing Assets/Flooded_Grounds/Prefabs/Buildings/IndBuilding1/IndBuilding1_Top_Mid_A.prefab using Guid(4364c4769d122564abbf7277ef60854f) Importer(2089858483,b0f066a214c2f5e87bad3c948f4d605d) (ScriptedImporter) -> (artifact id: '8cd05976d38766dd95bf09add9f951c4') in 0.0110905 seconds
Number of updated asset objects reloaded before import = 0Number of asset objects unloaded after import = 9

========================================================================
Received Import Request.
  Time since last request: 0.000019 seconds.
  path: Assets/Flooded_Grounds/Content/Meshes/mProps/lo_Prop_ChurchBench_A.fbx
  artifactKey: Guid(1aa9665178251df4bb03fb86ea2eb860) Importer(2089858483,b0f066a214c2f5e87bad3c948f4d605d)
Start importing Assets/Flooded_Grounds/Content/Meshes/mProps/lo_Prop_ChurchBench_A.fbx using Guid(1aa9665178251df4bb03fb86ea2eb860) Importer(2089858483,b0f066a214c2f5e87bad3c948f4d605d) (ScriptedImporter) -> (artifact id: '30d6fd38a8b02b101d6e97f269fd6fa6') in 0.0135145 seconds
Number of updated asset objects reloaded before import = 0Number of asset objects unloaded after import = 15

========================================================================
Received Import Request.
  Time since last request: 0.000013 seconds.
  path: Assets/Flooded_Grounds/Content/Meshes/mBuildings/mVilla1/Villa1_IntStairs_A_COL.fbx
  artifactKey: Guid(866dc36537d3fbc4b85b2c6482d97135) Importer(2089858483,b0f066a214c2f5e87bad3c948f4d605d)
Start importing Assets/Flooded_Grounds/Content/Meshes/mBuildings/mVilla1/Villa1_IntStairs_A_COL.fbx using Guid(866dc36537d3fbc4b85b2c6482d97135) Importer(2089858483,b0f066a214c2f5e87bad3c948f4d605d) (ScriptedImporter) -> (artifact id: '99ed86bd95c5ebe4a37ab3cb0b39f463') in 0.0133931 seconds
Number of updated asset objects reloaded before import = 0Number of asset objects unloaded after import = 7

========================================================================
Received Import Request.
  Time since last request: 0.000020 seconds.
  path: Assets/Flooded_Grounds/Prefabs/Nature/Trees
  artifactKey: Guid(e80308fded577454a9e7e01acf12e00f) Importer(2089858483,b0f066a214c2f5e87bad3c948f4d605d)
Start importing Assets/Flooded_Grounds/Prefabs/Nature/Trees using Guid(e80308fded577454a9e7e01acf12e00f) Importer(2089858483,b0f066a214c2f5e87bad3c948f4d605d) (ScriptedImporter) -> (artifact id: '067f359998a1586ec62928afb9b1c951') in 0.0083021 seconds
Number of updated asset objects reloaded before import = 0Number of asset objects unloaded after import = 1

========================================================================
Received Import Request.
  Time since last request: 0.000038 seconds.
  path: Assets/Flooded_Grounds/Content/Meshes/mBuildings/mVilla1/Villa1_Roof_Mid_B.fbx
  artifactKey: Guid(cf10e39299852b544be470cecaf8e520) Importer(2089858483,b0f066a214c2f5e87bad3c948f4d605d)
Start importing Assets/Flooded_Grounds/Content/Meshes/mBuildings/mVilla1/Villa1_Roof_Mid_B.fbx using Guid(cf10e39299852b544be470cecaf8e520) Importer(2089858483,b0f066a214c2f5e87bad3c948f4d605d) (ScriptedImporter) -> (artifact id: 'eb966d9bd4e03029fccc61f45f7e7fd6') in 0.0143578 seconds
Number of updated asset objects reloaded before import = 0Number of asset objects unloaded after import = 7

========================================================================
Received Import Request.
  Time since last request: 0.000026 seconds.
  path: Assets/Flooded_Grounds/Content/Meshes/mBuildings/mGreenHouse/GreenHouse1_Mid_A.fbx
  artifactKey: Guid(71ffbe1ba923274439bb299010ef4f6c) Importer(2089858483,b0f066a214c2f5e87bad3c948f4d605d)
Start importing Assets/Flooded_Grounds/Content/Meshes/mBuildings/mGreenHouse/GreenHouse1_Mid_A.fbx using Guid(71ffbe1ba923274439bb299010ef4f6c) Importer(2089858483,b0f066a214c2f5e87bad3c948f4d605d) (ScriptedImporter) -> (artifact id: '2b86abdb6fb0c1a188f76470f7872a3f') in 0.0145566 seconds
Number of updated asset objects reloaded before import = 0Number of asset objects unloaded after import = 7

========================================================================
Received Import Request.
  Time since last request: 0.000016 seconds.
  path: Assets/Flooded_Grounds/Prefabs/Buildings/Structures1/Pavement1_Side_A.prefab
  artifactKey: Guid(e1e020ca14b039847905ba13f31b33be) Importer(2089858483,b0f066a214c2f5e87bad3c948f4d605d)
Start importing Assets/Flooded_Grounds/Prefabs/Buildings/Structures1/Pavement1_Side_A.prefab using Guid(e1e020ca14b039847905ba13f31b33be) Importer(2089858483,b0f066a214c2f5e87bad3c948f4d605d) (ScriptedImporter) -> (artifact id: '3179c4bd7b32757342b915c527182dae') in 0.0117401 seconds
Number of updated asset objects reloaded before import = 0Number of asset objects unloaded after import = 9

========================================================================
Received Import Request.
  Time since last request: 0.000015 seconds.
  path: Assets/Flooded_Grounds/PostProcessing/Editor/Models/AmbientOcclusionModelEditor.cs
  artifactKey: Guid(9fcb710e23a5a0546a3b8b0ca28c1720) Importer(2089858483,b0f066a214c2f5e87bad3c948f4d605d)
Start importing Assets/Flooded_Grounds/PostProcessing/Editor/Models/AmbientOcclusionModelEditor.cs using Guid(9fcb710e23a5a0546a3b8b0ca28c1720) Importer(2089858483,b0f066a214c2f5e87bad3c948f4d605d) (ScriptedImporter) -> (artifact id: '93fc48c3c03058b841826c04a1259c0e') in 0.0084525 seconds
Number of updated asset objects reloaded before import = 0Number of asset objects unloaded after import = 0

========================================================================
Received Import Request.
  Time since last request: 0.000014 seconds.
  path: Assets/Flooded_Grounds/Prefabs/Nature/Trees/TreeCreator_Small_B_Textures/translucency_gloss.png
  artifactKey: Guid(2b0837ffc0d52ed46ab019ae6c17aa0e) Importer(2089858483,b0f066a214c2f5e87bad3c948f4d605d)
Start importing Assets/Flooded_Grounds/Prefabs/Nature/Trees/TreeCreator_Small_B_Textures/translucency_gloss.png using Guid(2b0837ffc0d52ed46ab019ae6c17aa0e) Importer(2089858483,b0f066a214c2f5e87bad3c948f4d605d) (ScriptedImporter) -> (artifact id: '9d45184716a0235f29ecd60d2d316f1a') in 0.0126686 seconds
Number of updated asset objects reloaded before import = 0Number of asset objects unloaded after import = 1

========================================================================
Received Import Request.
  Time since last request: 0.000016 seconds.
  path: Assets/Flooded_Grounds/Content/Meshes/mProps/lo_FlyingSaucer.fbx
  artifactKey: Guid(9e0f549b4811e8d40b442f55a29bb169) Importer(2089858483,b0f066a214c2f5e87bad3c948f4d605d)
Start importing Assets/Flooded_Grounds/Content/Meshes/mProps/lo_FlyingSaucer.fbx using Guid(9e0f549b4811e8d40b442f55a29bb169) Importer(2089858483,b0f066a214c2f5e87bad3c948f4d605d) (ScriptedImporter) -> (artifact id: 'f6ffd837800d6399dc267808b592c546') in 0.0147664 seconds
Number of updated asset objects reloaded before import = 0Number of asset objects unloaded after import = 7

========================================================================
Received Import Request.
  Time since last request: 0.000020 seconds.
  path: Assets/Flooded_Grounds/Prefabs/Nature/Trees/TreeCreator_Small_A_Textures/diffuse.png
  artifactKey: Guid(c987d1c2e16f99941b95186a978b55be) Importer(2089858483,b0f066a214c2f5e87bad3c948f4d605d)
Start importing Assets/Flooded_Grounds/Prefabs/Nature/Trees/TreeCreator_Small_A_Textures/diffuse.png using Guid(c987d1c2e16f99941b95186a978b55be) Importer(2089858483,b0f066a214c2f5e87bad3c948f4d605d) (ScriptedImporter) -> (artifact id: '58b3a6a2cc4a1773fc764f03ea1e03fe') in 0.0108675 seconds
Number of updated asset objects reloaded before import = 0Number of asset objects unloaded after import = 1

========================================================================
Received Import Request.
  Time since last request: 0.000028 seconds.
  path: Assets/Flooded_Grounds/Prefabs/Props/Prop_Sofa_A.prefab
  artifactKey: Guid(d8740ed2b9dd7eb4f9b01ee19dcf0cd3) Importer(2089858483,b0f066a214c2f5e87bad3c948f4d605d)
Start importing Assets/Flooded_Grounds/Prefabs/Props/Prop_Sofa_A.prefab using Guid(d8740ed2b9dd7eb4f9b01ee19dcf0cd3) Importer(2089858483,b0f066a214c2f5e87bad3c948f4d605d) (ScriptedImporter) -> (artifact id: 'db5a662ddd274841992423829d180059') in 0.009522 seconds
Number of updated asset objects reloaded before import = 0Number of asset objects unloaded after import = 17

========================================================================
Received Import Request.
  Time since last request: 0.000016 seconds.
  path: Assets/Flooded_Grounds/PostProcessing/Resources/Shaders/Common.cginc
  artifactKey: Guid(eb88496804341c648b32a75843d92ccb) Importer(2089858483,b0f066a214c2f5e87bad3c948f4d605d)
Start importing Assets/Flooded_Grounds/PostProcessing/Resources/Shaders/Common.cginc using Guid(eb88496804341c648b32a75843d92ccb) Importer(2089858483,b0f066a214c2f5e87bad3c948f4d605d) (ScriptedImporter) -> (artifact id: 'e8652c8bbf3c28324f8719d5beded0cf') in 0.0125903 seconds
Number of updated asset objects reloaded before import = 0Number of asset objects unloaded after import = 1

========================================================================
Received Import Request.
  Time since last request: 0.000013 seconds.
  path: Assets/Flooded_Grounds/PostProcessing/Editor/PostProcessingFactory.cs
  artifactKey: Guid(0dfcadb180d67014cb0a6e18d6b11f90) Importer(2089858483,b0f066a214c2f5e87bad3c948f4d605d)
Start importing Assets/Flooded_Grounds/PostProcessing/Editor/PostProcessingFactory.cs using Guid(0dfcadb180d67014cb0a6e18d6b11f90) Importer(2089858483,b0f066a214c2f5e87bad3c948f4d605d) (ScriptedImporter) -> (artifact id: '9ea033a6a556b522302a529dc30413e2') in 0.0077871 seconds
Number of updated asset objects reloaded before import = 0Number of asset objects unloaded after import = 0

========================================================================
Received Import Request.
  Time since last request: 0.000015 seconds.
  path: Assets/Flooded_Grounds/PostProcessing/Editor Resources/Monitors/WaveformRender.shader
  artifactKey: Guid(8b3e43c50424ab2428a9c172843bc66d) Importer(2089858483,b0f066a214c2f5e87bad3c948f4d605d)
Start importing Assets/Flooded_Grounds/PostProcessing/Editor Resources/Monitors/WaveformRender.shader using Guid(8b3e43c50424ab2428a9c172843bc66d) Importer(2089858483,b0f066a214c2f5e87bad3c948f4d605d) (ScriptedImporter) -> (artifact id: '41cd9201655acdd6710420ed42f94881') in 0.0104854 seconds
Number of updated asset objects reloaded before import = 0Number of asset objects unloaded after import = 1

========================================================================
Received Import Request.
  Time since last request: 0.000014 seconds.
  path: Assets/Flooded_Grounds/Prefabs/Nature/Bushes/DecoBush_A.prefab
  artifactKey: Guid(ecce3badd4595de459b6f9fef0fee799) Importer(2089858483,b0f066a214c2f5e87bad3c948f4d605d)
Start importing Assets/Flooded_Grounds/Prefabs/Nature/Bushes/DecoBush_A.prefab using Guid(ecce3badd4595de459b6f9fef0fee799) Importer(2089858483,b0f066a214c2f5e87bad3c948f4d605d) (ScriptedImporter) -> (artifact id: 'a7fb891c4511a768f143f2912699e829') in 0.011879 seconds
Number of updated asset objects reloaded before import = 0Number of asset objects unloaded after import = 10

========================================================================
Received Import Request.
  Time since last request: 0.000016 seconds.
  path: Assets/Flooded_Grounds/Content/Meshes/mBuildings/mStructures/Struct_FloodWall_A.fbx
  artifactKey: Guid(b6f5f20f39618f3458845ad3b76ea872) Importer(2089858483,b0f066a214c2f5e87bad3c948f4d605d)
Start importing Assets/Flooded_Grounds/Content/Meshes/mBuildings/mStructures/Struct_FloodWall_A.fbx using Guid(b6f5f20f39618f3458845ad3b76ea872) Importer(2089858483,b0f066a214c2f5e87bad3c948f4d605d) (ScriptedImporter) -> (artifact id: 'a847a8e2d35f04b66a54a48e2dadb749') in 0.0138093 seconds
Number of updated asset objects reloaded before import = 0Number of asset objects unloaded after import = 20

========================================================================
Received Import Request.
  Time since last request: 0.000021 seconds.
  path: Assets/Flooded_Grounds/Prefabs/Buildings/Cabins/Cabin2_End2.prefab
  artifactKey: Guid(964f82ef1f120264f91e97059c36cc64) Importer(2089858483,b0f066a214c2f5e87bad3c948f4d605d)
Start importing Assets/Flooded_Grounds/Prefabs/Buildings/Cabins/Cabin2_End2.prefab using Guid(964f82ef1f120264f91e97059c36cc64) Importer(2089858483,b0f066a214c2f5e87bad3c948f4d605d) (ScriptedImporter) -> (artifact id: '7a7a208efd849f44c836df9e081c1e6f') in 0.0106605 seconds
Number of updated asset objects reloaded before import = 0Number of asset objects unloaded after import = 9

========================================================================
Received Import Request.
  Time since last request: 0.000029 seconds.
  path: Assets/Flooded_Grounds/PostProcessing/Textures
  artifactKey: Guid(e15c29a7abfa52743a8cb7714389c3c7) Importer(2089858483,b0f066a214c2f5e87bad3c948f4d605d)
Start importing Assets/Flooded_Grounds/PostProcessing/Textures using Guid(e15c29a7abfa52743a8cb7714389c3c7) Importer(2089858483,b0f066a214c2f5e87bad3c948f4d605d) (ScriptedImporter) -> (artifact id: '2784de106d86d2b891cbc0c0c2d463b8') in 0.0076985 seconds
Number of updated asset objects reloaded before import = 0Number of asset objects unloaded after import = 1

========================================================================
Received Import Request.
  Time since last request: 0.000016 seconds.
  path: Assets/Flooded_Grounds/Content/Meshes/mProps/lo_Prop_Car1_DM.fbm
  artifactKey: Guid(7eb2483dea7a6a04eaeab87eb294e390) Importer(2089858483,b0f066a214c2f5e87bad3c948f4d605d)
Start importing Assets/Flooded_Grounds/Content/Meshes/mProps/lo_Prop_Car1_DM.fbm using Guid(7eb2483dea7a6a04eaeab87eb294e390) Importer(2089858483,b0f066a214c2f5e87bad3c948f4d605d) (ScriptedImporter) -> (artifact id: '355ca4de32d661374149ba28142ae03d') in 0.0079327 seconds
Number of updated asset objects reloaded before import = 0Number of asset objects unloaded after import = 1

========================================================================
Received Import Request.
  Time since last request: 0.000017 seconds.
  path: Assets/Flooded_Grounds/Content/Meshes/mBuildings/mVilla1/Villa1_Base_Mid_A.fbx
  artifactKey: Guid(abb38988e3920b34b8694fa4e1f0193c) Importer(2089858483,b0f066a214c2f5e87bad3c948f4d605d)
Start importing Assets/Flooded_Grounds/Content/Meshes/mBuildings/mVilla1/Villa1_Base_Mid_A.fbx using Guid(abb38988e3920b34b8694fa4e1f0193c) Importer(2089858483,b0f066a214c2f5e87bad3c948f4d605d) (ScriptedImporter) -> (artifact id: '17374790b7c31efe2dc31b821135760e') in 0.0109119 seconds
Number of updated asset objects reloaded before import = 0Number of asset objects unloaded after import = 7

========================================================================
Received Import Request.
  Time since last request: 0.000014 seconds.
  path: Assets/Flooded_Grounds/Content/Textures/GR_Moss1_AS.tif
  artifactKey: Guid(ce793f2aef81aaa4a80a1d6ec615e92b) Importer(2089858483,b0f066a214c2f5e87bad3c948f4d605d)
Start importing Assets/Flooded_Grounds/Content/Textures/GR_Moss1_AS.tif using Guid(ce793f2aef81aaa4a80a1d6ec615e92b) Importer(2089858483,b0f066a214c2f5e87bad3c948f4d605d) (ScriptedImporter) -> (artifact id: '8ce5c0f86a7677bf6d9480989e94de8a') in 0.0111186 seconds
Number of updated asset objects reloaded before import = 0Number of asset objects unloaded after import = 1

========================================================================
Received Import Request.
  Time since last request: 0.000016 seconds.
  path: Assets/Flooded_Grounds/Content/Materials/PROP_Ship1.mat
  artifactKey: Guid(e2d702a05fd4a344bb9138058c882de9) Importer(2089858483,b0f066a214c2f5e87bad3c948f4d605d)
Start importing Assets/Flooded_Grounds/Content/Materials/PROP_Ship1.mat using Guid(e2d702a05fd4a344bb9138058c882de9) Importer(2089858483,b0f066a214c2f5e87bad3c948f4d605d) (ScriptedImporter) -> (artifact id: 'ae2bc5c864726ec54b259d4211f2cdf0') in 0.0503301 seconds
Number of updated asset objects reloaded before import = 0Number of asset objects unloaded after import = 9

========================================================================
Received Import Request.
  Time since last request: 0.000018 seconds.
  path: Assets/Flooded_Grounds/Content/Meshes/mBuildings/mVilla2/Villa2_Wall_Mid_A_COL.fbx
  artifactKey: Guid(877f5e325a857fb49b1f0c31a03a9c53) Importer(2089858483,b0f066a214c2f5e87bad3c948f4d605d)
Start importing Assets/Flooded_Grounds/Content/Meshes/mBuildings/mVilla2/Villa2_Wall_Mid_A_COL.fbx using Guid(877f5e325a857fb49b1f0c31a03a9c53) Importer(2089858483,b0f066a214c2f5e87bad3c948f4d605d) (ScriptedImporter) -> (artifact id: '3802d43ca766557f723cfe2a007ac9ad') in 0.0111857 seconds
Number of updated asset objects reloaded before import = 0Number of asset objects unloaded after import = 7

========================================================================
Received Import Request.
  Time since last request: 0.000027 seconds.
  path: Assets/Flooded_Grounds/PostProcessing/Editor/Models/ScreenSpaceReflectionModelEditor.cs
  artifactKey: Guid(57bbe1f20eec7bb4d9bc90fc65ef381b) Importer(2089858483,b0f066a214c2f5e87bad3c948f4d605d)
Start importing Assets/Flooded_Grounds/PostProcessing/Editor/Models/ScreenSpaceReflectionModelEditor.cs using Guid(57bbe1f20eec7bb4d9bc90fc65ef381b) Importer(2089858483,b0f066a214c2f5e87bad3c948f4d605d) (ScriptedImporter) -> (artifact id: 'f7506ea6a896947b328e4bfb974add75') in 0.0121292 seconds
Number of updated asset objects reloaded before import = 0Number of asset objects unloaded after import = 0

========================================================================
Received Import Request.
  Time since last request: 0.000016 seconds.
  path: Assets/Flooded_Grounds/Prefabs/Props/Prop_Clock_A.prefab
  artifactKey: Guid(1e627c2e1810cde4897b566ba90fd986) Importer(2089858483,b0f066a214c2f5e87bad3c948f4d605d)
Start importing Assets/Flooded_Grounds/Prefabs/Props/Prop_Clock_A.prefab using Guid(1e627c2e1810cde4897b566ba90fd986) Importer(2089858483,b0f066a214c2f5e87bad3c948f4d605d) (ScriptedImporter) -> (artifact id: 'b823531bf2049e10fbb7f53edcc334c5') in 0.0093263 seconds
Number of updated asset objects reloaded before import = 0Number of asset objects unloaded after import = 17

========================================================================
Received Import Request.
  Time since last request: 0.000019 seconds.
  path: Assets/Flooded_Grounds/Content/Meshes/mBuildings/mVilla2/Villa2_Deco_Beam_A_2x.fbx
  artifactKey: Guid(1602a3e46699b0d49a15a46f5014b01b) Importer(2089858483,b0f066a214c2f5e87bad3c948f4d605d)
Start importing Assets/Flooded_Grounds/Content/Meshes/mBuildings/mVilla2/Villa2_Deco_Beam_A_2x.fbx using Guid(1602a3e46699b0d49a15a46f5014b01b) Importer(2089858483,b0f066a214c2f5e87bad3c948f4d605d) (ScriptedImporter) -> (artifact id: 'f319e4d0590ecb286a07ad0beb4bae6d') in 0.0143035 seconds
Number of updated asset objects reloaded before import = 0Number of asset objects unloaded after import = 7

========================================================================
Received Import Request.
  Time since last request: 0.000015 seconds.
  path: Assets/Flooded_Grounds/Prefabs/Buildings/IndBuilding1/IndBuilding1_Top_Cor_A.prefab
  artifactKey: Guid(99595bd0d03112b4480b3101e8806de5) Importer(2089858483,b0f066a214c2f5e87bad3c948f4d605d)
Start importing Assets/Flooded_Grounds/Prefabs/Buildings/IndBuilding1/IndBuilding1_Top_Cor_A.prefab using Guid(99595bd0d03112b4480b3101e8806de5) Importer(2089858483,b0f066a214c2f5e87bad3c948f4d605d) (ScriptedImporter) -> (artifact id: 'e8914a0c52ab662dd84cfa6eed69e828') in 0.0114993 seconds
Number of updated asset objects reloaded before import = 0Number of asset objects unloaded after import = 9

========================================================================
Received Import Request.
  Time since last request: 0.000017 seconds.
  path: Assets/Flooded_Grounds/Content/Textures/PROP_Cabinets1_MS.tif
  artifactKey: Guid(d0317a7dbc9e55d4fba37ce367563793) Importer(2089858483,b0f066a214c2f5e87bad3c948f4d605d)
Start importing Assets/Flooded_Grounds/Content/Textures/PROP_Cabinets1_MS.tif using Guid(d0317a7dbc9e55d4fba37ce367563793) Importer(2089858483,b0f066a214c2f5e87bad3c948f4d605d) (ScriptedImporter) -> (artifact id: '7b01405932d175b51d7f149f5fdcd05f') in 0.0117072 seconds
Number of updated asset objects reloaded before import = 0Number of asset objects unloaded after import = 1

========================================================================
Received Import Request.
  Time since last request: 0.000018 seconds.
  path: Assets/Flooded_Grounds/Prefabs/Buildings/Churches/Church1_Base_Stairs_A.prefab
  artifactKey: Guid(2808d115c4ff0204e9ba7859b1ba3ec9) Importer(2089858483,b0f066a214c2f5e87bad3c948f4d605d)
Start importing Assets/Flooded_Grounds/Prefabs/Buildings/Churches/Church1_Base_Stairs_A.prefab using Guid(2808d115c4ff0204e9ba7859b1ba3ec9) Importer(2089858483,b0f066a214c2f5e87bad3c948f4d605d) (ScriptedImporter) -> (artifact id: '0eb7bd8598b7ccb1f3135de13b0ff7fd') in 0.0113616 seconds
Number of updated asset objects reloaded before import = 0Number of asset objects unloaded after import = 9

========================================================================
Received Import Request.
  Time since last request: 0.000028 seconds.
  path: Assets/Flooded_Grounds/Prefabs/Buildings/Villa2/Villa2_Deco_Chimney_A.prefab
  artifactKey: Guid(54baefad3b03c0e40bae826dce4c454e) Importer(2089858483,b0f066a214c2f5e87bad3c948f4d605d)
Start importing Assets/Flooded_Grounds/Prefabs/Buildings/Villa2/Villa2_Deco_Chimney_A.prefab using Guid(54baefad3b03c0e40bae826dce4c454e) Importer(2089858483,b0f066a214c2f5e87bad3c948f4d605d) (ScriptedImporter) -> (artifact id: '5817e6e982f5bff060d1ddb42f3c1b08') in 0.0112386 seconds
Number of updated asset objects reloaded before import = 0Number of asset objects unloaded after import = 9

========================================================================
Received Import Request.
  Time since last request: 0.000018 seconds.
  path: Assets/Flooded_Grounds/Content/Meshes/mBuildings/mVilla1/Villa1_Deco_WindowGlass_B.fbx
  artifactKey: Guid(2fb8692a37585c547af0e7d90026381d) Importer(2089858483,b0f066a214c2f5e87bad3c948f4d605d)
Start importing Assets/Flooded_Grounds/Content/Meshes/mBuildings/mVilla1/Villa1_Deco_WindowGlass_B.fbx using Guid(2fb8692a37585c547af0e7d90026381d) Importer(2089858483,b0f066a214c2f5e87bad3c948f4d605d) (ScriptedImporter) -> (artifact id: 'd857bb94dd4374ff24f9d5516afe6649') in 0.0121694 seconds
Number of updated asset objects reloaded before import = 0Number of asset objects unloaded after import = 7

========================================================================
Received Import Request.
  Time since last request: 0.000018 seconds.
  path: Assets/Flooded_Grounds/Content/Trees/SrcTextures/FOL_Trunk3_N.tif
  artifactKey: Guid(6659e5dd8c2f0864d8092080d9b47a3f) Importer(2089858483,b0f066a214c2f5e87bad3c948f4d605d)
Start importing Assets/Flooded_Grounds/Content/Trees/SrcTextures/FOL_Trunk3_N.tif using Guid(6659e5dd8c2f0864d8092080d9b47a3f) Importer(2089858483,b0f066a214c2f5e87bad3c948f4d605d) (ScriptedImporter) -> (artifact id: 'b51cd6c82f9875491022aed5cf772aec') in 0.0121438 seconds
Number of updated asset objects reloaded before import = 0Number of asset objects unloaded after import = 1

========================================================================
Received Import Request.
  Time since last request: 0.000016 seconds.
  path: Assets/Flooded_Grounds/Content/Materials/NAT_Grass.mat
  artifactKey: Guid(c6d8319ab8e4fb64494c4a9e3b97dc9d) Importer(2089858483,b0f066a214c2f5e87bad3c948f4d605d)
Start importing Assets/Flooded_Grounds/Content/Materials/NAT_Grass.mat using Guid(c6d8319ab8e4fb64494c4a9e3b97dc9d) Importer(2089858483,b0f066a214c2f5e87bad3c948f4d605d) (ScriptedImporter) -> (artifact id: '7eb95171c44bf35a44233bdd8f029ac6') in 0.0384013 seconds
Number of updated asset objects reloaded before import = 0Number of asset objects unloaded after import = 3

========================================================================
Received Import Request.
  Time since last request: 0.000015 seconds.
  path: Assets/Flooded_Grounds/Prefabs/Buildings/Villa2/Villa2_Wall_Mid_B.prefab
  artifactKey: Guid(2f706c57176f4c74b9f762c862b60847) Importer(2089858483,b0f066a214c2f5e87bad3c948f4d605d)
Start importing Assets/Flooded_Grounds/Prefabs/Buildings/Villa2/Villa2_Wall_Mid_B.prefab using Guid(2f706c57176f4c74b9f762c862b60847) Importer(2089858483,b0f066a214c2f5e87bad3c948f4d605d) (ScriptedImporter) -> (artifact id: '80906585ccb0b30ed037d0b03cf0957c') in 0.0107198 seconds
Number of updated asset objects reloaded before import = 0Number of asset objects unloaded after import = 9

========================================================================
Received Import Request.
  Time since last request: 0.000020 seconds.
  path: Assets/Flooded_Grounds/Prefabs/Buildings/Structures1/Struct_WoodBoard_A.prefab
  artifactKey: Guid(6d668391662efbf43ac29d9224a0b6d9) Importer(2089858483,b0f066a214c2f5e87bad3c948f4d605d)
Start importing Assets/Flooded_Grounds/Prefabs/Buildings/Structures1/Struct_WoodBoard_A.prefab using Guid(6d668391662efbf43ac29d9224a0b6d9) Importer(2089858483,b0f066a214c2f5e87bad3c948f4d605d) (ScriptedImporter) -> (artifact id: '81c526b19ab49c90d545b346483bf870') in 0.010968 seconds
Number of updated asset objects reloaded before import = 0Number of asset objects unloaded after import = 9

========================================================================
Received Import Request.
  Time since last request: 0.000029 seconds.
  path: Assets/Flooded_Grounds/Content/Meshes/mBuildings/mStructures/Struct_Billboard_A_DM.fbx
  artifactKey: Guid(5cbd44f6c3428b54995ae85ed4d72b25) Importer(2089858483,b0f066a214c2f5e87bad3c948f4d605d)
Start importing Assets/Flooded_Grounds/Content/Meshes/mBuildings/mStructures/Struct_Billboard_A_DM.fbx using Guid(5cbd44f6c3428b54995ae85ed4d72b25) Importer(2089858483,b0f066a214c2f5e87bad3c948f4d605d) (ScriptedImporter) -> (artifact id: 'd7ba853af7e68ed17a81164bc558bf5a') in 0.0135822 seconds
Number of updated asset objects reloaded before import = 0Number of asset objects unloaded after import = 7

========================================================================
Received Import Request.
  Time since last request: 0.000017 seconds.
  path: Assets/Flooded_Grounds/PostProcessing/Textures/Lens Dirt
  artifactKey: Guid(705e7922061713741885ae52a3e0bea4) Importer(2089858483,b0f066a214c2f5e87bad3c948f4d605d)
Start importing Assets/Flooded_Grounds/PostProcessing/Textures/Lens Dirt using Guid(705e7922061713741885ae52a3e0bea4) Importer(2089858483,b0f066a214c2f5e87bad3c948f4d605d) (ScriptedImporter) -> (artifact id: '356b78d8c881ce66e4a3d68466f11d6d') in 0.0090469 seconds
Number of updated asset objects reloaded before import = 0Number of asset objects unloaded after import = 1

========================================================================
Received Import Request.
  Time since last request: 0.000016 seconds.
  path: Assets/Flooded_Grounds/Content/Meshes/mNature/mRocks/lo_Rock_A.fbx
  artifactKey: Guid(9345f632db63d60489ffbd611651385e) Importer(2089858483,b0f066a214c2f5e87bad3c948f4d605d)
Start importing Assets/Flooded_Grounds/Content/Meshes/mNature/mRocks/lo_Rock_A.fbx using Guid(9345f632db63d60489ffbd611651385e) Importer(2089858483,b0f066a214c2f5e87bad3c948f4d605d) (ScriptedImporter) -> (artifact id: '8b81335cf342594ae3397c76a7044c1e') in 0.0109007 seconds
Number of updated asset objects reloaded before import = 0Number of asset objects unloaded after import = 20

========================================================================
Received Import Request.
  Time since last request: 0.000016 seconds.
  path: Assets/_TerrainAutoUpgrade/layer_GR_Moss1_ASGR_Moss1_N3d1cca0d6d0e9938.terrainlayer
  artifactKey: Guid(fa222df6d1bc7e74eaa1a5e53bf4f758) Importer(2089858483,b0f066a214c2f5e87bad3c948f4d605d)
Start importing Assets/_TerrainAutoUpgrade/layer_GR_Moss1_ASGR_Moss1_N3d1cca0d6d0e9938.terrainlayer using Guid(fa222df6d1bc7e74eaa1a5e53bf4f758) Importer(2089858483,b0f066a214c2f5e87bad3c948f4d605d) (ScriptedImporter) -> (artifact id: '6edc37285a62ccdae780fa489146b67b') in 0.0131489 seconds
Number of updated asset objects reloaded before import = 0Number of asset objects unloaded after import = 3

========================================================================
Received Import Request.
  Time since last request: 0.000017 seconds.
  path: Assets/Flooded_Grounds/Content/Meshes/mBuildings/mVilla2/Villa2_IntStairs_A.fbx
  artifactKey: Guid(1a04044349747144d81648d9a76f2d41) Importer(2089858483,b0f066a214c2f5e87bad3c948f4d605d)
Start importing Assets/Flooded_Grounds/Content/Meshes/mBuildings/mVilla2/Villa2_IntStairs_A.fbx using Guid(1a04044349747144d81648d9a76f2d41) Importer(2089858483,b0f066a214c2f5e87bad3c948f4d605d) (ScriptedImporter) -> (artifact id: 'f9dde64182f695e01801a20bcbd19819') in 0.0129772 seconds
Number of updated asset objects reloaded before import = 0Number of asset objects unloaded after import = 7

========================================================================
Received Import Request.
  Time since last request: 0.000018 seconds.
  path: Assets/Flooded_Grounds/Content/Meshes/mBuildings/mIndBuilding1/IndBuilding1_Deco_IntColumn_Mid.fbx
  artifactKey: Guid(92b4903c992f04e46b7c2be84d2126e8) Importer(2089858483,b0f066a214c2f5e87bad3c948f4d605d)
Start importing Assets/Flooded_Grounds/Content/Meshes/mBuildings/mIndBuilding1/IndBuilding1_Deco_IntColumn_Mid.fbx using Guid(92b4903c992f04e46b7c2be84d2126e8) Importer(2089858483,b0f066a214c2f5e87bad3c948f4d605d) (ScriptedImporter) -> (artifact id: 'b1f67943f630bd686bfebcfbf10af882') in 0.0111324 seconds
Number of updated asset objects reloaded before import = 0Number of asset objects unloaded after import = 7

========================================================================
Received Import Request.
  Time since last request: 0.000031 seconds.
  path: Assets/Flooded_Grounds/Prefabs/Buildings/Villa2/Villa2_Deco_Handrail1_Cap_A.prefab
  artifactKey: Guid(0b08d4e9832f0c04198e757fa9771186) Importer(2089858483,b0f066a214c2f5e87bad3c948f4d605d)
Start importing Assets/Flooded_Grounds/Prefabs/Buildings/Villa2/Villa2_Deco_Handrail1_Cap_A.prefab using Guid(0b08d4e9832f0c04198e757fa9771186) Importer(2089858483,b0f066a214c2f5e87bad3c948f4d605d) (ScriptedImporter) -> (artifact id: '85f2b2c156c26026e14e7fe7aff44061') in 0.0125857 seconds
Number of updated asset objects reloaded before import = 0Number of asset objects unloaded after import = 9

========================================================================
Received Import Request.
  Time since last request: 0.000017 seconds.
  path: Assets/Flooded_Grounds/Content/Meshes/mBuildings/mBarns/Barn2_End_B.fbx
  artifactKey: Guid(fe97fc86797780f4fb8b5a21d2e0ecac) Importer(2089858483,b0f066a214c2f5e87bad3c948f4d605d)
Start importing Assets/Flooded_Grounds/Content/Meshes/mBuildings/mBarns/Barn2_End_B.fbx using Guid(fe97fc86797780f4fb8b5a21d2e0ecac) Importer(2089858483,b0f066a214c2f5e87bad3c948f4d605d) (ScriptedImporter) -> (artifact id: 'a860e71212b85c725d93a36381e96fe9') in 0.0121793 seconds
Number of updated asset objects reloaded before import = 0Number of asset objects unloaded after import = 7

========================================================================
Received Import Request.
  Time since last request: 0.000018 seconds.
  path: Assets/Flooded_Grounds/Prefabs/Buildings/Villa2/Villa2_Wall_Cor_A.prefab
  artifactKey: Guid(3d6af86994b168f459350d61d340227e) Importer(2089858483,b0f066a214c2f5e87bad3c948f4d605d)
Start importing Assets/Flooded_Grounds/Prefabs/Buildings/Villa2/Villa2_Wall_Cor_A.prefab using Guid(3d6af86994b168f459350d61d340227e) Importer(2089858483,b0f066a214c2f5e87bad3c948f4d605d) (ScriptedImporter) -> (artifact id: 'efade2da5501d7fa6fb937656896767b') in 0.0113254 seconds
Number of updated asset objects reloaded before import = 0Number of asset objects unloaded after import = 10

========================================================================
Received Import Request.
  Time since last request: 0.000015 seconds.
  path: Assets/Flooded_Grounds/Content/Meshes/mNature/mGrass/Grass_Small_B.fbx
  artifactKey: Guid(96122d1ec72ef1440af0cf46c6a1220d) Importer(2089858483,b0f066a214c2f5e87bad3c948f4d605d)
Start importing Assets/Flooded_Grounds/Content/Meshes/mNature/mGrass/Grass_Small_B.fbx using Guid(96122d1ec72ef1440af0cf46c6a1220d) Importer(2089858483,b0f066a214c2f5e87bad3c948f4d605d) (ScriptedImporter) -> (artifact id: '74839da996ad76a09fdfcfdad681c358') in 0.0127452 seconds
Number of updated asset objects reloaded before import = 0Number of asset objects unloaded after import = 7

========================================================================
Received Import Request.
  Time since last request: 0.000017 seconds.
  path: Assets/Flooded_Grounds/Prefabs/Buildings/Villa2/Villa2_Deco_Column_Mid_B.prefab
  artifactKey: Guid(cd395b40de0957d4d9c85b8e623a07d1) Importer(2089858483,b0f066a214c2f5e87bad3c948f4d605d)
Start importing Assets/Flooded_Grounds/Prefabs/Buildings/Villa2/Villa2_Deco_Column_Mid_B.prefab using Guid(cd395b40de0957d4d9c85b8e623a07d1) Importer(2089858483,b0f066a214c2f5e87bad3c948f4d605d) (ScriptedImporter) -> (artifact id: '0dcdce5faf534aeb6e31956995284e98') in 0.010045 seconds
Number of updated asset objects reloaded before import = 0Number of asset objects unloaded after import = 9

========================================================================
Received Import Request.
  Time since last request: 0.000018 seconds.
  path: Assets/Flooded_Grounds/Content/Textures/BLD_Bridge1_MS.tif
  artifactKey: Guid(936f4cd27ea43ec44b6539ca8a1dadad) Importer(2089858483,b0f066a214c2f5e87bad3c948f4d605d)
Start importing Assets/Flooded_Grounds/Content/Textures/BLD_Bridge1_MS.tif using Guid(936f4cd27ea43ec44b6539ca8a1dadad) Importer(2089858483,b0f066a214c2f5e87bad3c948f4d605d) (ScriptedImporter) -> (artifact id: '47c7600e7c93cd215488012a091780dd') in 0.0136809 seconds
Number of updated asset objects reloaded before import = 0Number of asset objects unloaded after import = 1

========================================================================
Received Import Request.
  Time since last request: 0.000022 seconds.
  path: Assets/Flooded_Grounds/PostProcessing/Resources/Bluenoise64/LDR_LLL1_25.png
  artifactKey: Guid(f4b8ab78b57749d4e96d36f6d8a395d0) Importer(2089858483,b0f066a214c2f5e87bad3c948f4d605d)
Start importing Assets/Flooded_Grounds/PostProcessing/Resources/Bluenoise64/LDR_LLL1_25.png using Guid(f4b8ab78b57749d4e96d36f6d8a395d0) Importer(2089858483,b0f066a214c2f5e87bad3c948f4d605d) (ScriptedImporter) -> (artifact id: 'd2854cfb9d200cfaeb47368cacb6d2e0') in 0.0111285 seconds
Number of updated asset objects reloaded before import = 0Number of asset objects unloaded after import = 1

========================================================================
Received Import Request.
  Time since last request: 0.000013 seconds.
  path: Assets/Flooded_Grounds/Content/Meshes/mBackgrounds/BGR_Factory_B.fbx
  artifactKey: Guid(b6a7d46603b861549858925e3fbde8b9) Importer(2089858483,b0f066a214c2f5e87bad3c948f4d605d)
Start importing Assets/Flooded_Grounds/Content/Meshes/mBackgrounds/BGR_Factory_B.fbx using Guid(b6a7d46603b861549858925e3fbde8b9) Importer(2089858483,b0f066a214c2f5e87bad3c948f4d605d) (ScriptedImporter) -> (artifact id: 'aea25069c8f2debb3dbb88a6c7485f02') in 0.013227 seconds
Number of updated asset objects reloaded before import = 0Number of asset objects unloaded after import = 7

========================================================================
Received Import Request.
  Time since last request: 0.000018 seconds.
  path: Assets/Flooded_Grounds/Content/Meshes/mBuildings/mIndBuilding1/IndBuilding1_Deco_WindowGlass_A.fbx
  artifactKey: Guid(8793e85ed0a83fb4280277933d572675) Importer(2089858483,b0f066a214c2f5e87bad3c948f4d605d)
Start importing Assets/Flooded_Grounds/Content/Meshes/mBuildings/mIndBuilding1/IndBuilding1_Deco_WindowGlass_A.fbx using Guid(8793e85ed0a83fb4280277933d572675) Importer(2089858483,b0f066a214c2f5e87bad3c948f4d605d) (ScriptedImporter) -> (artifact id: 'a8a932f2d52a44f8b5dd738c277f66fa') in 0.0116005 seconds
Number of updated asset objects reloaded before import = 0Number of asset objects unloaded after import = 7

========================================================================
Received Import Request.
  Time since last request: 0.000014 seconds.
  path: Assets/Flooded_Grounds/Content/Meshes/mBuildings/mBrickHouse/BrickHouse_Ext_B.fbx
  artifactKey: Guid(bdc6f430b2481e34698d5d5e27eab2c7) Importer(2089858483,b0f066a214c2f5e87bad3c948f4d605d)
Start importing Assets/Flooded_Grounds/Content/Meshes/mBuildings/mBrickHouse/BrickHouse_Ext_B.fbx using Guid(bdc6f430b2481e34698d5d5e27eab2c7) Importer(2089858483,b0f066a214c2f5e87bad3c948f4d605d) (ScriptedImporter) -> (artifact id: 'f2e35a84752ec0182f257a2c084af700') in 0.0143276 seconds
Number of updated asset objects reloaded before import = 0Number of asset objects unloaded after import = 7

========================================================================
Received Import Request.
  Time since last request: 0.000016 seconds.
  path: Assets/Flooded_Grounds/Content/Meshes/mProps/lo_Prop_Gravestone_A.fbx
  artifactKey: Guid(b858623572c29c944a72c50c1dbde337) Importer(2089858483,b0f066a214c2f5e87bad3c948f4d605d)
Start importing Assets/Flooded_Grounds/Content/Meshes/mProps/lo_Prop_Gravestone_A.fbx using Guid(b858623572c29c944a72c50c1dbde337) Importer(2089858483,b0f066a214c2f5e87bad3c948f4d605d) (ScriptedImporter) -> (artifact id: 'f0af5e04e97d268c45d3a3c1843d6cda') in 0.0113757 seconds
Number of updated asset objects reloaded before import = 0Number of asset objects unloaded after import = 7

========================================================================
Received Import Request.
  Time since last request: 0.000017 seconds.
  path: Assets/Flooded_Grounds/PostProcessing/Resources/Bluenoise64/LDR_LLL1_59.png
  artifactKey: Guid(d96974690c77f50489eb60ec84bd8dac) Importer(2089858483,b0f066a214c2f5e87bad3c948f4d605d)
Start importing Assets/Flooded_Grounds/PostProcessing/Resources/Bluenoise64/LDR_LLL1_59.png using Guid(d96974690c77f50489eb60ec84bd8dac) Importer(2089858483,b0f066a214c2f5e87bad3c948f4d605d) (ScriptedImporter) -> (artifact id: 'ac41d5f891eff009df83cc6fb249b63c') in 0.0104935 seconds
Number of updated asset objects reloaded before import = 0Number of asset objects unloaded after import = 1

========================================================================
Received Import Request.
  Time since last request: 0.000022 seconds.
  path: Assets/Flooded_Grounds/Content/Meshes/mBuildings/mCabins/Cabin2_End1.fbx
  artifactKey: Guid(c0922aa6a800c5e4394e696a91c302b7) Importer(2089858483,b0f066a214c2f5e87bad3c948f4d605d)
Start importing Assets/Flooded_Grounds/Content/Meshes/mBuildings/mCabins/Cabin2_End1.fbx using Guid(c0922aa6a800c5e4394e696a91c302b7) Importer(2089858483,b0f066a214c2f5e87bad3c948f4d605d) (ScriptedImporter) -> (artifact id: '163881eafd35d85257892f9dce419bb7') in 0.0133879 seconds
Number of updated asset objects reloaded before import = 0Number of asset objects unloaded after import = 7

========================================================================
Received Import Request.
  Time since last request: 0.000021 seconds.
  path: Assets/Flooded_Grounds/PostProcessing/Runtime/Attributes/GetSetAttribute.cs
  artifactKey: Guid(f17e8602928ea02419dae051ec79c5a2) Importer(2089858483,b0f066a214c2f5e87bad3c948f4d605d)
Start importing Assets/Flooded_Grounds/PostProcessing/Runtime/Attributes/GetSetAttribute.cs using Guid(f17e8602928ea02419dae051ec79c5a2) Importer(2089858483,b0f066a214c2f5e87bad3c948f4d605d) (ScriptedImporter) -> (artifact id: '6858d7655ae1f826ec0ad39024f535e9') in 0.0081293 seconds
Number of updated asset objects reloaded before import = 0Number of asset objects unloaded after import = 0

========================================================================
Received Import Request.
  Time since last request: 0.000016 seconds.
  path: Assets/Flooded_Grounds/PostProcessing/Runtime
  artifactKey: Guid(4b79d54138d9d1a498085393504c7d02) Importer(2089858483,b0f066a214c2f5e87bad3c948f4d605d)
Start importing Assets/Flooded_Grounds/PostProcessing/Runtime using Guid(4b79d54138d9d1a498085393504c7d02) Importer(2089858483,b0f066a214c2f5e87bad3c948f4d605d) (ScriptedImporter) -> (artifact id: 'b48d3a877d55da5e59c3cac6df458e98') in 0.0080073 seconds
Number of updated asset objects reloaded before import = 0Number of asset objects unloaded after import = 1

========================================================================
Received Import Request.
  Time since last request: 0.000016 seconds.
  path: Assets/Flooded_Grounds/Content/Meshes/mBuildings/mLightHouse/LightHouse_A.fbx
  artifactKey: Guid(e154cc9f89215c041aeb5b47903c16dc) Importer(2089858483,b0f066a214c2f5e87bad3c948f4d605d)
Start importing Assets/Flooded_Grounds/Content/Meshes/mBuildings/mLightHouse/LightHouse_A.fbx using Guid(e154cc9f89215c041aeb5b47903c16dc) Importer(2089858483,b0f066a214c2f5e87bad3c948f4d605d) (ScriptedImporter) -> (artifact id: 'beb2e4de80e2b28b4ad1f41a8c616412') in 0.0174783 seconds
Number of updated asset objects reloaded before import = 0Number of asset objects unloaded after import = 20

========================================================================
Received Import Request.
  Time since last request: 0.000016 seconds.
  path: Assets/Flooded_Grounds/Content/Meshes/mBuildings/mBarns/Barn2_End_A_COL.fbx
  artifactKey: Guid(37eefb4b72cdb9a42a2541e65c605b2e) Importer(2089858483,b0f066a214c2f5e87bad3c948f4d605d)
Start importing Assets/Flooded_Grounds/Content/Meshes/mBuildings/mBarns/Barn2_End_A_COL.fbx using Guid(37eefb4b72cdb9a42a2541e65c605b2e) Importer(2089858483,b0f066a214c2f5e87bad3c948f4d605d) (ScriptedImporter) -> (artifact id: '5dc935240947b8fe8b0e9d9ba007a557') in 0.012076 seconds
Number of updated asset objects reloaded before import = 0Number of asset objects unloaded after import = 7

========================================================================
Received Import Request.
  Time since last request: 0.000017 seconds.
  path: Assets/Flooded_Grounds/Content/Meshes/mBuildings/mStructures/Pavement1_Side_A.fbx
  artifactKey: Guid(2d6cc40b7ed23c54aa74bc19352d7122) Importer(2089858483,b0f066a214c2f5e87bad3c948f4d605d)
Start importing Assets/Flooded_Grounds/Content/Meshes/mBuildings/mStructures/Pavement1_Side_A.fbx using Guid(2d6cc40b7ed23c54aa74bc19352d7122) Importer(2089858483,b0f066a214c2f5e87bad3c948f4d605d) (ScriptedImporter) -> (artifact id: 'ddc1ea21926ec91e2a28ebb1eb7490ed') in 0.0122289 seconds
Number of updated asset objects reloaded before import = 0Number of asset objects unloaded after import = 7

========================================================================
Received Import Request.
  Time since last request: 0.000026 seconds.
  path: Assets/Flooded_Grounds/Prefabs/Nature/Trees/TreeCreator_Tall_C_Textures/shadow.png
  artifactKey: Guid(3c7ea7f1ff0653244b1b615e5903328b) Importer(2089858483,b0f066a214c2f5e87bad3c948f4d605d)
Start importing Assets/Flooded_Grounds/Prefabs/Nature/Trees/TreeCreator_Tall_C_Textures/shadow.png using Guid(3c7ea7f1ff0653244b1b615e5903328b) Importer(2089858483,b0f066a214c2f5e87bad3c948f4d605d) (ScriptedImporter) -> (artifact id: '55d0d15820b8e9ba5b0500d44da502c7') in 0.0124426 seconds
Number of updated asset objects reloaded before import = 0Number of asset objects unloaded after import = 1

========================================================================
Received Import Request.
  Time since last request: 0.000016 seconds.
  path: Assets/_TerrainAutoUpgrade/layer_GR_Asphalt1_ASGR_Asphalt1_Nd261c09ae55ba1e3.terrainlayer
  artifactKey: Guid(99353e9dcd7ddac478ee5a77a9f9b14c) Importer(2089858483,b0f066a214c2f5e87bad3c948f4d605d)
Start importing Assets/_TerrainAutoUpgrade/layer_GR_Asphalt1_ASGR_Asphalt1_Nd261c09ae55ba1e3.terrainlayer using Guid(99353e9dcd7ddac478ee5a77a9f9b14c) Importer(2089858483,b0f066a214c2f5e87bad3c948f4d605d) (ScriptedImporter) -> (artifact id: '3370ce5a10d7261ae3c6364fd99c1cae') in 0.012543 seconds
Number of updated asset objects reloaded before import = 0Number of asset objects unloaded after import = 3

========================================================================
Received Import Request.
  Time since last request: 0.000019 seconds.
  path: Assets/Flooded_Grounds/PostProcessing/Resources/Bluenoise64/LDR_LLL1_19.png
  artifactKey: Guid(729a3ae164bcb3b4380459386adcf331) Importer(2089858483,b0f066a214c2f5e87bad3c948f4d605d)
Start importing Assets/Flooded_Grounds/PostProcessing/Resources/Bluenoise64/LDR_LLL1_19.png using Guid(729a3ae164bcb3b4380459386adcf331) Importer(2089858483,b0f066a214c2f5e87bad3c948f4d605d) (ScriptedImporter) -> (artifact id: '5b4fc8300f78142a5de1a9d785d24e15') in 0.0102395 seconds
Number of updated asset objects reloaded before import = 0Number of asset objects unloaded after import = 1

========================================================================
Received Import Request.
  Time since last request: 0.000018 seconds.
  path: Assets/Flooded_Grounds/Content/Meshes/mBuildings/mIndBuilding1/IndBuilding1_Floor_Mid_A_4x.fbx
  artifactKey: Guid(74f5de330ab795047a58eff61dc2d7a9) Importer(2089858483,b0f066a214c2f5e87bad3c948f4d605d)
Start importing Assets/Flooded_Grounds/Content/Meshes/mBuildings/mIndBuilding1/IndBuilding1_Floor_Mid_A_4x.fbx using Guid(74f5de330ab795047a58eff61dc2d7a9) Importer(2089858483,b0f066a214c2f5e87bad3c948f4d605d) (ScriptedImporter) -> (artifact id: '4cb2ce0f64ea2ce054dea75146ed2d5f') in 0.0132525 seconds
Number of updated asset objects reloaded before import = 0Number of asset objects unloaded after import = 7

========================================================================
Received Import Request.
  Time since last request: 0.000024 seconds.
  path: Assets/Flooded_Grounds/PostProcessing/Runtime/Components/BuiltinDebugViewsComponent.cs
  artifactKey: Guid(fd834b6165e82e64f9da2d4ed9f4e236) Importer(2089858483,b0f066a214c2f5e87bad3c948f4d605d)
Start importing Assets/Flooded_Grounds/PostProcessing/Runtime/Components/BuiltinDebugViewsComponent.cs using Guid(fd834b6165e82e64f9da2d4ed9f4e236) Importer(2089858483,b0f066a214c2f5e87bad3c948f4d605d) (ScriptedImporter) -> (artifact id: '4280b56a6d9079fd91c4b44f00caf59d') in 0.0086058 seconds
Number of updated asset objects reloaded before import = 0Number of asset objects unloaded after import = 0

========================================================================
Received Import Request.
  Time since last request: 0.000015 seconds.
  path: Assets/Flooded_Grounds/Content/Meshes/mBuildings/mStructures/Struct_Billboard_A_DM_COL.fbx
  artifactKey: Guid(dc4c81debce8b034d97777011e012798) Importer(2089858483,b0f066a214c2f5e87bad3c948f4d605d)
Start importing Assets/Flooded_Grounds/Content/Meshes/mBuildings/mStructures/Struct_Billboard_A_DM_COL.fbx using Guid(dc4c81debce8b034d97777011e012798) Importer(2089858483,b0f066a214c2f5e87bad3c948f4d605d) (ScriptedImporter) -> (artifact id: '5fdd1ccc9ca15ff10b23725402d34d3c') in 0.0125339 seconds
Number of updated asset objects reloaded before import = 0Number of asset objects unloaded after import = 7

========================================================================
Received Import Request.
  Time since last request: 0.000023 seconds.
  path: Assets/Flooded_Grounds/Prefabs/Buildings/Villa1/Villa1_Deco_IntDivider_A.prefab
  artifactKey: Guid(9141863ac11ac0e4d8288c88f8d38bc0) Importer(2089858483,b0f066a214c2f5e87bad3c948f4d605d)
Start importing Assets/Flooded_Grounds/Prefabs/Buildings/Villa1/Villa1_Deco_IntDivider_A.prefab using Guid(9141863ac11ac0e4d8288c88f8d38bc0) Importer(2089858483,b0f066a214c2f5e87bad3c948f4d605d) (ScriptedImporter) -> (artifact id: '0e78a48221e7635aa6aa7b428801751d') in 0.0125399 seconds
Number of updated asset objects reloaded before import = 0Number of asset objects unloaded after import = 10

========================================================================
Received Import Request.
  Time since last request: 0.000017 seconds.
  path: Assets/Flooded_Grounds/PostProcessing/Resources/Shaders/Bloom.shader
  artifactKey: Guid(4ceb73bc148699b469361531d6062548) Importer(2089858483,b0f066a214c2f5e87bad3c948f4d605d)
Start importing Assets/Flooded_Grounds/PostProcessing/Resources/Shaders/Bloom.shader using Guid(4ceb73bc148699b469361531d6062548) Importer(2089858483,b0f066a214c2f5e87bad3c948f4d605d) (ScriptedImporter) -> (artifact id: '5736774d426c252c936bd06223923ef9') in 0.0089758 seconds
Number of updated asset objects reloaded before import = 0Number of asset objects unloaded after import = 1

========================================================================
Received Import Request.
  Time since last request: 0.000017 seconds.
  path: Assets/Flooded_Grounds/Prefabs/Nature/Trees/TreeCreator_Small_B_Textures
  artifactKey: Guid(dd37cda4ca6ea754e8bacab16a555fcb) Importer(2089858483,b0f066a214c2f5e87bad3c948f4d605d)
Start importing Assets/Flooded_Grounds/Prefabs/Nature/Trees/TreeCreator_Small_B_Textures using Guid(dd37cda4ca6ea754e8bacab16a555fcb) Importer(2089858483,b0f066a214c2f5e87bad3c948f4d605d) (ScriptedImporter) -> (artifact id: 'e58c84bc63717ab3a8afe30a1f6e6d8d') in 0.0081792 seconds
Number of updated asset objects reloaded before import = 0Number of asset objects unloaded after import = 1

========================================================================
Received Import Request.
  Time since last request: 0.000017 seconds.
  path: Assets/Flooded_Grounds/Content/Animations/Prop_FlyingSaucer_Rotating.anim
  artifactKey: Guid(9e1cd8b2b1699384abe1d183f733b96a) Importer(2089858483,b0f066a214c2f5e87bad3c948f4d605d)
Start importing Assets/Flooded_Grounds/Content/Animations/Prop_FlyingSaucer_Rotating.anim using Guid(9e1cd8b2b1699384abe1d183f733b96a) Importer(2089858483,b0f066a214c2f5e87bad3c948f4d605d) (ScriptedImporter) -> (artifact id: 'cd303456526d3f873901d16a1d1d3129') in 0.0171929 seconds
Number of updated asset objects reloaded before import = 0Number of asset objects unloaded after import = 1

========================================================================
Received Import Request.
  Time since last request: 0.000016 seconds.
  path: Assets/Flooded_Grounds/Content/Meshes/mBuildings/mStructures/Struct_ExtStairs_A.fbx
  artifactKey: Guid(c0c8486998ea7fc489a69424202b8299) Importer(2089858483,b0f066a214c2f5e87bad3c948f4d605d)
Start importing Assets/Flooded_Grounds/Content/Meshes/mBuildings/mStructures/Struct_ExtStairs_A.fbx using Guid(c0c8486998ea7fc489a69424202b8299) Importer(2089858483,b0f066a214c2f5e87bad3c948f4d605d) (ScriptedImporter) -> (artifact id: 'ae78b87cbb3162afed9f761b98ce6425') in 0.0151913 seconds
Number of updated asset objects reloaded before import = 0Number of asset objects unloaded after import = 20

========================================================================
Received Import Request.
  Time since last request: 0.000020 seconds.
  path: Assets/Flooded_Grounds/Content/Meshes/mBackgrounds/BGR_Pipe_A.fbx
  artifactKey: Guid(fd9cd53bb7e310247bfef62bfd33b864) Importer(2089858483,b0f066a214c2f5e87bad3c948f4d605d)
Start importing Assets/Flooded_Grounds/Content/Meshes/mBackgrounds/BGR_Pipe_A.fbx using Guid(fd9cd53bb7e310247bfef62bfd33b864) Importer(2089858483,b0f066a214c2f5e87bad3c948f4d605d) (ScriptedImporter) -> (artifact id: '86f9f64aa3551d5460079c6738becfcb') in 0.0122641 seconds
Number of updated asset objects reloaded before import = 0Number of asset objects unloaded after import = 7

========================================================================
Received Import Request.
  Time since last request: 0.000017 seconds.
  path: Assets/Flooded_Grounds/PostProcessing/Resources/Bluenoise64/LDR_LLL1_28.png
  artifactKey: Guid(02c0a84bd64c6f044954d8bde9b46ec8) Importer(2089858483,b0f066a214c2f5e87bad3c948f4d605d)
Start importing Assets/Flooded_Grounds/PostProcessing/Resources/Bluenoise64/LDR_LLL1_28.png using Guid(02c0a84bd64c6f044954d8bde9b46ec8) Importer(2089858483,b0f066a214c2f5e87bad3c948f4d605d) (ScriptedImporter) -> (artifact id: '25de46373760021f3ee130e7d5ce9ae3') in 0.012527 seconds
Number of updated asset objects reloaded before import = 0Number of asset objects unloaded after import = 1

========================================================================
Received Import Request.
  Time since last request: 0.000013 seconds.
  path: Assets/Flooded_Grounds/Content/Textures/PROP_SmallProps2_AO.tif
  artifactKey: Guid(331829054f7fecd489e93220a51e9254) Importer(2089858483,b0f066a214c2f5e87bad3c948f4d605d)
Start importing Assets/Flooded_Grounds/Content/Textures/PROP_SmallProps2_AO.tif using Guid(331829054f7fecd489e93220a51e9254) Importer(2089858483,b0f066a214c2f5e87bad3c948f4d605d) (ScriptedImporter) -> (artifact id: 'e949002fef95589b57e027ada0266188') in 0.0112524 seconds
Number of updated asset objects reloaded before import = 0Number of asset objects unloaded after import = 1

========================================================================
Received Import Request.
  Time since last request: 0.000018 seconds.
  path: Assets/Flooded_Grounds/PostProcessing/Resources/Shaders/TAA.shader
  artifactKey: Guid(ec6c5af987867f54aa08fba81ee279bd) Importer(2089858483,b0f066a214c2f5e87bad3c948f4d605d)
Start importing Assets/Flooded_Grounds/PostProcessing/Resources/Shaders/TAA.shader using Guid(ec6c5af987867f54aa08fba81ee279bd) Importer(2089858483,b0f066a214c2f5e87bad3c948f4d605d) (ScriptedImporter) -> (artifact id: '48752bbcb653ff54138dff171264d7fc') in 0.0095029 seconds
Number of updated asset objects reloaded before import = 0Number of asset objects unloaded after import = 1

========================================================================
Received Import Request.
  Time since last request: 0.000017 seconds.
  path: Assets/Flooded_Grounds/Content/Meshes/mBuildings/mBrickHouse/BrickHouse_IntWall_B.fbx
  artifactKey: Guid(b4f5041707622124d8f5eebadc814c38) Importer(2089858483,b0f066a214c2f5e87bad3c948f4d605d)
Start importing Assets/Flooded_Grounds/Content/Meshes/mBuildings/mBrickHouse/BrickHouse_IntWall_B.fbx using Guid(b4f5041707622124d8f5eebadc814c38) Importer(2089858483,b0f066a214c2f5e87bad3c948f4d605d) (ScriptedImporter) -> (artifact id: '2d2aed9a8c490a2eb5ff63fe84b153d3') in 0.0120298 seconds
Number of updated asset objects reloaded before import = 0Number of asset objects unloaded after import = 7

========================================================================
Received Import Request.
  Time since last request: 0.000015 seconds.
  path: Assets/Flooded_Grounds/PostProcessing/Editor Resources/UI/MotionBlendingIcon.png
  artifactKey: Guid(c0fa58091049bd24394fa15b0b6d4c5a) Importer(2089858483,b0f066a214c2f5e87bad3c948f4d605d)
Start importing Assets/Flooded_Grounds/PostProcessing/Editor Resources/UI/MotionBlendingIcon.png using Guid(c0fa58091049bd24394fa15b0b6d4c5a) Importer(2089858483,b0f066a214c2f5e87bad3c948f4d605d) (ScriptedImporter) -> (artifact id: '69034bff73900bddd45780ed3c9ab62d') in 0.0109936 seconds
Number of updated asset objects reloaded before import = 0Number of asset objects unloaded after import = 1

========================================================================
Received Import Request.
  Time since last request: 0.000019 seconds.
  path: Assets/Flooded_Grounds/Content/Textures/PROP_FlyingSaucer1_AO.tif
  artifactKey: Guid(b0c724f0563e87b42b5f855fef070282) Importer(2089858483,b0f066a214c2f5e87bad3c948f4d605d)
Start importing Assets/Flooded_Grounds/Content/Textures/PROP_FlyingSaucer1_AO.tif using Guid(b0c724f0563e87b42b5f855fef070282) Importer(2089858483,b0f066a214c2f5e87bad3c948f4d605d) (ScriptedImporter) -> (artifact id: 'e4ac849dde77b81d42551921c9de6d48') in 0.0106342 seconds
Number of updated asset objects reloaded before import = 0Number of asset objects unloaded after import = 1

========================================================================
Received Import Request.
  Time since last request: 0.000023 seconds.
  path: Assets/Flooded_Grounds/Content/Meshes/mBuildings/mVilla1/Villa1_IntStairs_A.fbx
  artifactKey: Guid(70e5c6c9abcfa38428f7dec2ae1298ad) Importer(2089858483,b0f066a214c2f5e87bad3c948f4d605d)
Start importing Assets/Flooded_Grounds/Content/Meshes/mBuildings/mVilla1/Villa1_IntStairs_A.fbx using Guid(70e5c6c9abcfa38428f7dec2ae1298ad) Importer(2089858483,b0f066a214c2f5e87bad3c948f4d605d) (ScriptedImporter) -> (artifact id: 'becbcb7f2a008c26f3221b9b7c05a441') in 0.0140534 seconds
Number of updated asset objects reloaded before import = 0Number of asset objects unloaded after import = 7

========================================================================
Received Import Request.
  Time since last request: 0.000017 seconds.
  path: Assets/Flooded_Grounds/Prefabs/Buildings/IndBuilding1/IndBuilding1_Roof_Mid_A_4x.prefab
  artifactKey: Guid(a9dab6aa18391414e848ba3c6c0959b1) Importer(2089858483,b0f066a214c2f5e87bad3c948f4d605d)
Start importing Assets/Flooded_Grounds/Prefabs/Buildings/IndBuilding1/IndBuilding1_Roof_Mid_A_4x.prefab using Guid(a9dab6aa18391414e848ba3c6c0959b1) Importer(2089858483,b0f066a214c2f5e87bad3c948f4d605d) (ScriptedImporter) -> (artifact id: 'fae3f1cb59c8e0a16130130aeede424e') in 0.0100794 seconds
Number of updated asset objects reloaded before import = 0Number of asset objects unloaded after import = 9

========================================================================
Received Import Request.
  Time since last request: 0.000016 seconds.
  path: Assets/Flooded_Grounds/Prefabs/Nature/Trees/TreeCreator_Small_A_Textures/shadow.png
  artifactKey: Guid(b774524c308cdbb40be62e8b2806f0e7) Importer(2089858483,b0f066a214c2f5e87bad3c948f4d605d)
Start importing Assets/Flooded_Grounds/Prefabs/Nature/Trees/TreeCreator_Small_A_Textures/shadow.png using Guid(b774524c308cdbb40be62e8b2806f0e7) Importer(2089858483,b0f066a214c2f5e87bad3c948f4d605d) (ScriptedImporter) -> (artifact id: '6275de09f76358f420a17ca721399220') in 0.0110331 seconds
Number of updated asset objects reloaded before import = 0Number of asset objects unloaded after import = 1

========================================================================
Received Import Request.
  Time since last request: 0.000016 seconds.
  path: Assets/Flooded_Grounds/Prefabs/Nature/Trees/TreeCreator_Tall_C.prefab
  artifactKey: Guid(1833ba93709e80944b9f2627881f3f4c) Importer(2089858483,b0f066a214c2f5e87bad3c948f4d605d)
Start importing Assets/Flooded_Grounds/Prefabs/Nature/Trees/TreeCreator_Tall_C.prefab using Guid(1833ba93709e80944b9f2627881f3f4c) Importer(2089858483,b0f066a214c2f5e87bad3c948f4d605d) (ScriptedImporter) -> (artifact id: 'd960e1ac9485aba0af4214d443fb9483') in 0.0219991 seconds
Number of updated asset objects reloaded before import = 0Number of asset objects unloaded after import = 30

========================================================================
Received Import Request.
  Time since last request: 0.000012 seconds.
  path: Assets/Flooded_Grounds/Prefabs/Backgrounds/BGR_Pipe_B.prefab
  artifactKey: Guid(89d3804ae1d951b42a266ad900c34eaf) Importer(2089858483,b0f066a214c2f5e87bad3c948f4d605d)
Start importing Assets/Flooded_Grounds/Prefabs/Backgrounds/BGR_Pipe_B.prefab using Guid(89d3804ae1d951b42a266ad900c34eaf) Importer(2089858483,b0f066a214c2f5e87bad3c948f4d605d) (ScriptedImporter) -> (artifact id: '60673a18db4b7b5386c2c1fbbe95dbaa') in 0.0107598 seconds
Number of updated asset objects reloaded before import = 0Number of asset objects unloaded after import = 9

========================================================================
Received Import Request.
  Time since last request: 0.000021 seconds.
  path: Assets/Flooded_Grounds/Content/Meshes/mBuildings/mVilla2/Villa2_Deco_Beam_A.fbx
  artifactKey: Guid(a0fa73e6df51a784a9fc348c8822f879) Importer(2089858483,b0f066a214c2f5e87bad3c948f4d605d)
Start importing Assets/Flooded_Grounds/Content/Meshes/mBuildings/mVilla2/Villa2_Deco_Beam_A.fbx using Guid(a0fa73e6df51a784a9fc348c8822f879) Importer(2089858483,b0f066a214c2f5e87bad3c948f4d605d) (ScriptedImporter) -> (artifact id: '58b6ce7e2b1fd6d5887c7b802c136bb8') in 0.0095773 seconds
Number of updated asset objects reloaded before import = 0Number of asset objects unloaded after import = 7

========================================================================
Received Import Request.
  Time since last request: 0.000020 seconds.
  path: Assets/Flooded_Grounds/Content/Materials/PROP_SmallProps1.mat
  artifactKey: Guid(fa3b418599852594c8d15fb4d9ce097e) Importer(2089858483,b0f066a214c2f5e87bad3c948f4d605d)
Start importing Assets/Flooded_Grounds/Content/Materials/PROP_SmallProps1.mat using Guid(fa3b418599852594c8d15fb4d9ce097e) Importer(2089858483,b0f066a214c2f5e87bad3c948f4d605d) (ScriptedImporter) -> (artifact id: '709deab17752807116ab01f3fdf75c9e') in 0.0110965 seconds
Number of updated asset objects reloaded before import = 0Number of asset objects unloaded after import = 6

========================================================================
Received Import Request.
  Time since last request: 0.000014 seconds.
  path: Assets/Flooded_Grounds/Content/Meshes/mBuildings/mVilla1/Villa1_Deco_Column_Top_A.fbx
  artifactKey: Guid(b9a58136eccdcba49a7bb3b09b3036da) Importer(2089858483,b0f066a214c2f5e87bad3c948f4d605d)
Start importing Assets/Flooded_Grounds/Content/Meshes/mBuildings/mVilla1/Villa1_Deco_Column_Top_A.fbx using Guid(b9a58136eccdcba49a7bb3b09b3036da) Importer(2089858483,b0f066a214c2f5e87bad3c948f4d605d) (ScriptedImporter) -> (artifact id: 'b458660b2347f6c526af085964bb7b0d') in 0.0103147 seconds
Number of updated asset objects reloaded before import = 0Number of asset objects unloaded after import = 7

========================================================================
Received Import Request.
  Time since last request: 0.000010 seconds.
  path: Assets/Flooded_Grounds/PostProcessing/Runtime/Utils/ColorGradingCurve.cs
  artifactKey: Guid(1bb6f2275f7eff940b6f0d72681e7877) Importer(2089858483,b0f066a214c2f5e87bad3c948f4d605d)
Start importing Assets/Flooded_Grounds/PostProcessing/Runtime/Utils/ColorGradingCurve.cs using Guid(1bb6f2275f7eff940b6f0d72681e7877) Importer(2089858483,b0f066a214c2f5e87bad3c948f4d605d) (ScriptedImporter) -> (artifact id: '9d41719822a8ff629ad7062ce3941171') in 0.007147 seconds
Number of updated asset objects reloaded before import = 0Number of asset objects unloaded after import = 0

========================================================================
Received Import Request.
  Time since last request: 0.000016 seconds.
  path: Assets/Flooded_Grounds/Prefabs/Buildings/Villa1/Villa1_Door_B.prefab
  artifactKey: Guid(4ba8e211073bd4c4883585b581504113) Importer(2089858483,b0f066a214c2f5e87bad3c948f4d605d)
Start importing Assets/Flooded_Grounds/Prefabs/Buildings/Villa1/Villa1_Door_B.prefab using Guid(4ba8e211073bd4c4883585b581504113) Importer(2089858483,b0f066a214c2f5e87bad3c948f4d605d) (ScriptedImporter) -> (artifact id: '785a9691f2d05cba8235eea706aae70c') in 0.0096809 seconds
Number of updated asset objects reloaded before import = 0Number of asset objects unloaded after import = 9

========================================================================
Received Import Request.
  Time since last request: 0.000017 seconds.
  path: Assets/Flooded_Grounds/Content/Meshes/mBuildings/mStructures/Struct_Docking_A_DM_COL.fbx
  artifactKey: Guid(3691ff3cfacaebc4e854c04c6a841c59) Importer(2089858483,b0f066a214c2f5e87bad3c948f4d605d)
Start importing Assets/Flooded_Grounds/Content/Meshes/mBuildings/mStructures/Struct_Docking_A_DM_COL.fbx using Guid(3691ff3cfacaebc4e854c04c6a841c59) Importer(2089858483,b0f066a214c2f5e87bad3c948f4d605d) (ScriptedImporter) -> (artifact id: '9311a4df33fb987c72676c42593f9f8b') in 0.0117978 seconds
Number of updated asset objects reloaded before import = 0Number of asset objects unloaded after import = 7

========================================================================
Received Import Request.
  Time since last request: 0.000015 seconds.
  path: Assets/Flooded_Grounds/PostProcessing/Utilities/CustomMotionTexture/Textures/WheelMotionVectors.png
  artifactKey: Guid(d1cc06458fe724df8837423c0a2f8f93) Importer(2089858483,b0f066a214c2f5e87bad3c948f4d605d)
Start importing Assets/Flooded_Grounds/PostProcessing/Utilities/CustomMotionTexture/Textures/WheelMotionVectors.png using Guid(d1cc06458fe724df8837423c0a2f8f93) Importer(2089858483,b0f066a214c2f5e87bad3c948f4d605d) (ScriptedImporter) -> (artifact id: '7313752994fbfd948ed315d06aea5af0') in 0.0099578 seconds
Number of updated asset objects reloaded before import = 0Number of asset objects unloaded after import = 1

========================================================================
Received Import Request.
  Time since last request: 0.000016 seconds.
  path: Assets/Flooded_Grounds/Prefabs/Buildings/Barns/Barn1_End_A.prefab
  artifactKey: Guid(34479af8d2d94b4409152dbf18a964ea) Importer(2089858483,b0f066a214c2f5e87bad3c948f4d605d)
Start importing Assets/Flooded_Grounds/Prefabs/Buildings/Barns/Barn1_End_A.prefab using Guid(34479af8d2d94b4409152dbf18a964ea) Importer(2089858483,b0f066a214c2f5e87bad3c948f4d605d) (ScriptedImporter) -> (artifact id: '33ec540aca87fc55dcf251346e3de9a5') in 0.0107174 seconds
Number of updated asset objects reloaded before import = 0Number of asset objects unloaded after import = 10

========================================================================
Received Import Request.
  Time since last request: 0.000020 seconds.
  path: Assets/Flooded_Grounds/Content/Meshes/mBuildings/mVilla2/Villa2_Deco_Handrail1_Cor_A_COL.fbx
  artifactKey: Guid(6f527d60810a69240aeedcfa09da64bb) Importer(2089858483,b0f066a214c2f5e87bad3c948f4d605d)
Start importing Assets/Flooded_Grounds/Content/Meshes/mBuildings/mVilla2/Villa2_Deco_Handrail1_Cor_A_COL.fbx using Guid(6f527d60810a69240aeedcfa09da64bb) Importer(2089858483,b0f066a214c2f5e87bad3c948f4d605d) (ScriptedImporter) -> (artifact id: '6bf54e115a7d7fdc3d8c13c7dfb7b122') in 0.0100787 seconds
Number of updated asset objects reloaded before import = 0Number of asset objects unloaded after import = 7

========================================================================
Received Import Request.
  Time since last request: 0.000013 seconds.
  path: Assets/Flooded_Grounds/Content/Textures/BLD_Cabins1_N.tif
  artifactKey: Guid(6aca893bbdb380e40be322de5b27e134) Importer(2089858483,b0f066a214c2f5e87bad3c948f4d605d)
Start importing Assets/Flooded_Grounds/Content/Textures/BLD_Cabins1_N.tif using Guid(6aca893bbdb380e40be322de5b27e134) Importer(2089858483,b0f066a214c2f5e87bad3c948f4d605d) (ScriptedImporter) -> (artifact id: '421cb668ac64f38c08f978dc7280b7e4') in 0.0162578 seconds
Number of updated asset objects reloaded before import = 0Number of asset objects unloaded after import = 1

========================================================================
Received Import Request.
  Time since last request: 0.000012 seconds.
  path: Assets/Flooded_Grounds/Prefabs/Nature/Grass
  artifactKey: Guid(89d41932a81369741acdef05630ebfcd) Importer(2089858483,b0f066a214c2f5e87bad3c948f4d605d)
Start importing Assets/Flooded_Grounds/Prefabs/Nature/Grass using Guid(89d41932a81369741acdef05630ebfcd) Importer(2089858483,b0f066a214c2f5e87bad3c948f4d605d) (ScriptedImporter) -> (artifact id: '504eac702a1500ef2f7e94ec48e3f44b') in 0.0062335 seconds
Number of updated asset objects reloaded before import = 0Number of asset objects unloaded after import = 1

========================================================================
Received Import Request.
  Time since last request: 0.000013 seconds.
  path: Assets/Flooded_Grounds/PostProcessing/Editor/Utils/CurveEditor.cs
  artifactKey: Guid(afb349ef0bffd144db2bdd25630f648e) Importer(2089858483,b0f066a214c2f5e87bad3c948f4d605d)
Start importing Assets/Flooded_Grounds/PostProcessing/Editor/Utils/CurveEditor.cs using Guid(afb349ef0bffd144db2bdd25630f648e) Importer(2089858483,b0f066a214c2f5e87bad3c948f4d605d) (ScriptedImporter) -> (artifact id: '56bf09acba0168d7bca76deae09be504') in 0.0075516 seconds
Number of updated asset objects reloaded before import = 0Number of asset objects unloaded after import = 0

========================================================================
Received Import Request.
  Time since last request: 0.000015 seconds.
  path: Assets/Flooded_Grounds/Content/Textures/DET_Rust1_AS.tif
  artifactKey: Guid(1691a7bf317a173418aeb5e3a1f8f1f0) Importer(2089858483,b0f066a214c2f5e87bad3c948f4d605d)
Start importing Assets/Flooded_Grounds/Content/Textures/DET_Rust1_AS.tif using Guid(1691a7bf317a173418aeb5e3a1f8f1f0) Importer(2089858483,b0f066a214c2f5e87bad3c948f4d605d) (ScriptedImporter) -> (artifact id: '5c3a158d9e328e6b39340495f11b431e') in 0.0103825 seconds
Number of updated asset objects reloaded before import = 0Number of asset objects unloaded after import = 1

========================================================================
Received Import Request.
  Time since last request: 0.000012 seconds.
  path: Assets/Flooded_Grounds/PostProcessing/Resources/Bluenoise64/LDR_LLL1_41.png
  artifactKey: Guid(cd9006dc442cc244e89b3f492384d46a) Importer(2089858483,b0f066a214c2f5e87bad3c948f4d605d)
Start importing Assets/Flooded_Grounds/PostProcessing/Resources/Bluenoise64/LDR_LLL1_41.png using Guid(cd9006dc442cc244e89b3f492384d46a) Importer(2089858483,b0f066a214c2f5e87bad3c948f4d605d) (ScriptedImporter) -> (artifact id: '49e4b88341ee86e73c3170eaa1a3dfae') in 0.0101783 seconds
Number of updated asset objects reloaded before import = 0Number of asset objects unloaded after import = 1

========================================================================
Received Import Request.
  Time since last request: 0.000014 seconds.
  path: Assets/Flooded_Grounds/Content/Trees/SrcMaterials/Trunk1.mat
  artifactKey: Guid(9826fe7197425e945a006283954b7f91) Importer(2089858483,b0f066a214c2f5e87bad3c948f4d605d)
Start importing Assets/Flooded_Grounds/Content/Trees/SrcMaterials/Trunk1.mat using Guid(9826fe7197425e945a006283954b7f91) Importer(2089858483,b0f066a214c2f5e87bad3c948f4d605d) (ScriptedImporter) -> (artifact id: 'db377a0c791b447e000180af111ea94d') in 0.042286 seconds
Number of updated asset objects reloaded before import = 0Number of asset objects unloaded after import = 4

========================================================================
Received Import Request.
  Time since last request: 0.000025 seconds.
  path: Assets/Flooded_Grounds/Content/Textures/PROP_ParkBench1_A.tif
  artifactKey: Guid(893d8602ac61c274295a9b2be12d7f73) Importer(2089858483,b0f066a214c2f5e87bad3c948f4d605d)
Start importing Assets/Flooded_Grounds/Content/Textures/PROP_ParkBench1_A.tif using Guid(893d8602ac61c274295a9b2be12d7f73) Importer(2089858483,b0f066a214c2f5e87bad3c948f4d605d) (ScriptedImporter) -> (artifact id: '7b37c0b0a0d21a0adc82f198168eed3a') in 0.0096566 seconds
Number of updated asset objects reloaded before import = 0Number of asset objects unloaded after import = 1

========================================================================
Received Import Request.
  Time since last request: 0.000014 seconds.
  path: Assets/Flooded_Grounds/Content/Meshes/mBuildings/mVilla2/Villa2_Wall_Int_B.fbx
  artifactKey: Guid(c386420031e9c484182f7920f158c313) Importer(2089858483,b0f066a214c2f5e87bad3c948f4d605d)
Start importing Assets/Flooded_Grounds/Content/Meshes/mBuildings/mVilla2/Villa2_Wall_Int_B.fbx using Guid(c386420031e9c484182f7920f158c313) Importer(2089858483,b0f066a214c2f5e87bad3c948f4d605d) (ScriptedImporter) -> (artifact id: 'deb75a1d5486ba37b07292cfa7abec98') in 0.0108687 seconds
Number of updated asset objects reloaded before import = 0Number of asset objects unloaded after import = 7

========================================================================
Received Import Request.
  Time since last request: 0.000015 seconds.
  path: Assets/Flooded_Grounds/Content/Meshes/mBuildings/mBrickHouse/BrickHouse_Deco_IntColumn_A.fbx
  artifactKey: Guid(8b7800cf555d19448824e9fc71e7171a) Importer(2089858483,b0f066a214c2f5e87bad3c948f4d605d)
Start importing Assets/Flooded_Grounds/Content/Meshes/mBuildings/mBrickHouse/BrickHouse_Deco_IntColumn_A.fbx using Guid(8b7800cf555d19448824e9fc71e7171a) Importer(2089858483,b0f066a214c2f5e87bad3c948f4d605d) (ScriptedImporter) -> (artifact id: '1544ae6929b1e39516706a765bd21d8e') in 0.0097264 seconds
Number of updated asset objects reloaded before import = 0Number of asset objects unloaded after import = 7

========================================================================
Received Import Request.
  Time since last request: 0.000015 seconds.
  path: Assets/Flooded_Grounds/Content/Trees/SrcPrefabs/Branch1_Yellow.prefab
  artifactKey: Guid(fac7eeb4110541c41a9d4429e752f33c) Importer(2089858483,b0f066a214c2f5e87bad3c948f4d605d)
Start importing Assets/Flooded_Grounds/Content/Trees/SrcPrefabs/Branch1_Yellow.prefab using Guid(fac7eeb4110541c41a9d4429e752f33c) Importer(2089858483,b0f066a214c2f5e87bad3c948f4d605d) (ScriptedImporter) -> (artifact id: 'd74c084d0ff01de7205c695bb751c10c') in 0.0121547 seconds
Number of updated asset objects reloaded before import = 0Number of asset objects unloaded after import = 10

========================================================================
Received Import Request.
  Time since last request: 0.000015 seconds.
  path: Assets/Flooded_Grounds/Prefabs/Buildings/Cabins
  artifactKey: Guid(fa2640ff92a9ce54aae6474bc256d09f) Importer(2089858483,b0f066a214c2f5e87bad3c948f4d605d)
Start importing Assets/Flooded_Grounds/Prefabs/Buildings/Cabins using Guid(fa2640ff92a9ce54aae6474bc256d09f) Importer(2089858483,b0f066a214c2f5e87bad3c948f4d605d) (ScriptedImporter) -> (artifact id: '9ec8157cedd484e7262fb9c286a32cd3') in 0.0079416 seconds
Number of updated asset objects reloaded before import = 0Number of asset objects unloaded after import = 1

========================================================================
Received Import Request.
  Time since last request: 0.000014 seconds.
  path: Assets/Flooded_Grounds/Prefabs/Buildings/Villa2/Villa2_Door_B.prefab
  artifactKey: Guid(63af1593199c01a4189047182644f168) Importer(2089858483,b0f066a214c2f5e87bad3c948f4d605d)
Start importing Assets/Flooded_Grounds/Prefabs/Buildings/Villa2/Villa2_Door_B.prefab using Guid(63af1593199c01a4189047182644f168) Importer(2089858483,b0f066a214c2f5e87bad3c948f4d605d) (ScriptedImporter) -> (artifact id: '1de21890bc725228d9e2287d53aa0f35') in 0.0095393 seconds
Number of updated asset objects reloaded before import = 0Number of asset objects unloaded after import = 9

========================================================================
Received Import Request.
  Time since last request: 0.000023 seconds.
  path: Assets/Flooded_Grounds/PostProcessing/Resources/Bluenoise64/LDR_LLL1_17.png
  artifactKey: Guid(bf95b6fdc179b0e4f890c841406193fc) Importer(2089858483,b0f066a214c2f5e87bad3c948f4d605d)
Start importing Assets/Flooded_Grounds/PostProcessing/Resources/Bluenoise64/LDR_LLL1_17.png using Guid(bf95b6fdc179b0e4f890c841406193fc) Importer(2089858483,b0f066a214c2f5e87bad3c948f4d605d) (ScriptedImporter) -> (artifact id: 'acf44c02b9e57a359560b6fe6982fe11') in 0.0098535 seconds
Number of updated asset objects reloaded before import = 0Number of asset objects unloaded after import = 1

========================================================================
Received Import Request.
  Time since last request: 0.000026 seconds.
  path: Assets/Flooded_Grounds/Content/Trees/SrcTextures/FOL_Branch2_AS.tif
  artifactKey: Guid(1d659e72b3ec86e45956b9badeba6831) Importer(2089858483,b0f066a214c2f5e87bad3c948f4d605d)
Start importing Assets/Flooded_Grounds/Content/Trees/SrcTextures/FOL_Branch2_AS.tif using Guid(1d659e72b3ec86e45956b9badeba6831) Importer(2089858483,b0f066a214c2f5e87bad3c948f4d605d) (ScriptedImporter) -> (artifact id: '8ccca0bc13554b3828ae50677fd493fe') in 0.0117349 seconds
Number of updated asset objects reloaded before import = 0Number of asset objects unloaded after import = 1

========================================================================
Received Import Request.
  Time since last request: 0.000015 seconds.
  path: Assets/Flooded_Grounds/Prefabs/Props/Prop_Bed_A.prefab
  artifactKey: Guid(46aad46494938c844a7bfbbcb53b98e1) Importer(2089858483,b0f066a214c2f5e87bad3c948f4d605d)
Start importing Assets/Flooded_Grounds/Prefabs/Props/Prop_Bed_A.prefab using Guid(46aad46494938c844a7bfbbcb53b98e1) Importer(2089858483,b0f066a214c2f5e87bad3c948f4d605d) (ScriptedImporter) -> (artifact id: '13024e8b2a2038bb667fcf8cc2efba69') in 0.0084473 seconds
Number of updated asset objects reloaded before import = 0Number of asset objects unloaded after import = 17

========================================================================
Received Import Request.
  Time since last request: 0.000016 seconds.
  path: Assets/Flooded_Grounds/Content/Meshes/mBuildings/mBarns/Barn1_End_A_COL.fbx
  artifactKey: Guid(463070d5ce3e2304d93ca9efb2d7635a) Importer(2089858483,b0f066a214c2f5e87bad3c948f4d605d)
Start importing Assets/Flooded_Grounds/Content/Meshes/mBuildings/mBarns/Barn1_End_A_COL.fbx using Guid(463070d5ce3e2304d93ca9efb2d7635a) Importer(2089858483,b0f066a214c2f5e87bad3c948f4d605d) (ScriptedImporter) -> (artifact id: '018ff4d4b8c04be1da16d23ba5819b31') in 0.0103398 seconds
Number of updated asset objects reloaded before import = 0Number of asset objects unloaded after import = 7

========================================================================
Received Import Request.
  Time since last request: 0.000017 seconds.
  path: Assets/Flooded_Grounds/Prefabs/Buildings/Structures1/Pavement2_Mid_A.prefab
  artifactKey: Guid(688b081210a779845bda66a0015f75ab) Importer(2089858483,b0f066a214c2f5e87bad3c948f4d605d)
Start importing Assets/Flooded_Grounds/Prefabs/Buildings/Structures1/Pavement2_Mid_A.prefab using Guid(688b081210a779845bda66a0015f75ab) Importer(2089858483,b0f066a214c2f5e87bad3c948f4d605d) (ScriptedImporter) -> (artifact id: 'd36400a5f2264b5239e79e15aecca326') in 0.0098031 seconds
Number of updated asset objects reloaded before import = 0Number of asset objects unloaded after import = 9

========================================================================
Received Import Request.
  Time since last request: 0.000013 seconds.
  path: Assets/Flooded_Grounds/Content/Meshes/mBuildings/mVilla1/Villa1_Base_Stairs_A_COL.fbx
  artifactKey: Guid(e7c1a8b720a24e044b003bd80fa39ac0) Importer(2089858483,b0f066a214c2f5e87bad3c948f4d605d)
Start importing Assets/Flooded_Grounds/Content/Meshes/mBuildings/mVilla1/Villa1_Base_Stairs_A_COL.fbx using Guid(e7c1a8b720a24e044b003bd80fa39ac0) Importer(2089858483,b0f066a214c2f5e87bad3c948f4d605d) (ScriptedImporter) -> (artifact id: '2dadd8f9e03c918a339783ec2c5b01f8') in 0.0112741 seconds
Number of updated asset objects reloaded before import = 0Number of asset objects unloaded after import = 7

========================================================================
Received Import Request.
  Time since last request: 0.000014 seconds.
  path: Assets/Flooded_Grounds/Content/Materials/PROP_Boat1_LOD.mat
  artifactKey: Guid(1ace8c7ed9e38a342a68c011ae0945e4) Importer(2089858483,b0f066a214c2f5e87bad3c948f4d605d)
Start importing Assets/Flooded_Grounds/Content/Materials/PROP_Boat1_LOD.mat using Guid(1ace8c7ed9e38a342a68c011ae0945e4) Importer(2089858483,b0f066a214c2f5e87bad3c948f4d605d) (ScriptedImporter) -> (artifact id: '121180deac5301a9a7ee7495df641516') in 0.0114312 seconds
Number of updated asset objects reloaded before import = 0Number of asset objects unloaded after import = 3

========================================================================
Received Import Request.
  Time since last request: 0.000017 seconds.
  path: Assets/Flooded_Grounds/Prefabs/Props/Prop_Chair_B.prefab
  artifactKey: Guid(6343c751e9aa748478696f15afed9481) Importer(2089858483,b0f066a214c2f5e87bad3c948f4d605d)
Start importing Assets/Flooded_Grounds/Prefabs/Props/Prop_Chair_B.prefab using Guid(6343c751e9aa748478696f15afed9481) Importer(2089858483,b0f066a214c2f5e87bad3c948f4d605d) (ScriptedImporter) -> (artifact id: '455696ae892ce984dfd1fe952d9d3ae4') in 0.0087679 seconds
Number of updated asset objects reloaded before import = 0Number of asset objects unloaded after import = 17

========================================================================
Received Import Request.
  Time since last request: 0.000027 seconds.
  path: Assets/Flooded_Grounds/Content/Meshes/mBuildings/mVilla2/Villa2_Wall_Cor_A_COL.fbx
  artifactKey: Guid(8983659a0b8a2ae4e9adc3e59478b394) Importer(2089858483,b0f066a214c2f5e87bad3c948f4d605d)
Start importing Assets/Flooded_Grounds/Content/Meshes/mBuildings/mVilla2/Villa2_Wall_Cor_A_COL.fbx using Guid(8983659a0b8a2ae4e9adc3e59478b394) Importer(2089858483,b0f066a214c2f5e87bad3c948f4d605d) (ScriptedImporter) -> (artifact id: '09cad098e44d7963d390856185848bff') in 0.0113802 seconds
Number of updated asset objects reloaded before import = 0Number of asset objects unloaded after import = 7

========================================================================
Received Import Request.
  Time since last request: 0.000014 seconds.
  path: Assets/Flooded_Grounds/Content/Textures/PROP_Cabinets1_N.tif
  artifactKey: Guid(0ba3416934d0d834ab9d4834f57f56f0) Importer(2089858483,b0f066a214c2f5e87bad3c948f4d605d)
Start importing Assets/Flooded_Grounds/Content/Textures/PROP_Cabinets1_N.tif using Guid(0ba3416934d0d834ab9d4834f57f56f0) Importer(2089858483,b0f066a214c2f5e87bad3c948f4d605d) (ScriptedImporter) -> (artifact id: '9c668feedd885a4daa47588e80c92f1b') in 0.0113636 seconds
Number of updated asset objects reloaded before import = 0Number of asset objects unloaded after import = 1

========================================================================
Received Import Request.
  Time since last request: 0.000014 seconds.
  path: Assets/Flooded_Grounds/Prefabs/Buildings/Churches/Church1_End_A.prefab
  artifactKey: Guid(536c47ed6c4df7448adae963b41045e3) Importer(2089858483,b0f066a214c2f5e87bad3c948f4d605d)
Start importing Assets/Flooded_Grounds/Prefabs/Buildings/Churches/Church1_End_A.prefab using Guid(536c47ed6c4df7448adae963b41045e3) Importer(2089858483,b0f066a214c2f5e87bad3c948f4d605d) (ScriptedImporter) -> (artifact id: '24b8bdcee7bc2070c48970f77a8cb4bf') in 0.0103796 seconds
Number of updated asset objects reloaded before import = 0Number of asset objects unloaded after import = 9

========================================================================
Received Import Request.
  Time since last request: 0.000016 seconds.
  path: Assets/Flooded_Grounds/Content/Meshes/mBuildings/mBrickHouse/BrickHouse_IntStairs_A_COL.fbx
  artifactKey: Guid(f7fe600ca9d3635418e49f543f4616e8) Importer(2089858483,b0f066a214c2f5e87bad3c948f4d605d)
Start importing Assets/Flooded_Grounds/Content/Meshes/mBuildings/mBrickHouse/BrickHouse_IntStairs_A_COL.fbx using Guid(f7fe600ca9d3635418e49f543f4616e8) Importer(2089858483,b0f066a214c2f5e87bad3c948f4d605d) (ScriptedImporter) -> (artifact id: '46fafb575fc299addece75ad7184c504') in 0.0114114 seconds
Number of updated asset objects reloaded before import = 0Number of asset objects unloaded after import = 7

========================================================================
Received Import Request.
  Time since last request: 0.000016 seconds.
  path: Assets/Flooded_Grounds/PostProcessing/Textures/Spectral LUTs/SpectralLut_RedBlue.tga
  artifactKey: Guid(ff5f3317371838d4fa16ac6c2acf2040) Importer(2089858483,b0f066a214c2f5e87bad3c948f4d605d)
Start importing Assets/Flooded_Grounds/PostProcessing/Textures/Spectral LUTs/SpectralLut_RedBlue.tga using Guid(ff5f3317371838d4fa16ac6c2acf2040) Importer(2089858483,b0f066a214c2f5e87bad3c948f4d605d) (ScriptedImporter) -> (artifact id: '1eb70b6fcdf3df0a8a57e59462fb24fe') in 0.0099484 seconds
Number of updated asset objects reloaded before import = 0Number of asset objects unloaded after import = 1

========================================================================
Received Import Request.
  Time since last request: 0.000016 seconds.
  path: Assets/Flooded_Grounds/Prefabs/Backgrounds/BGR_Pipe_A.prefab
  artifactKey: Guid(babcc1aaacfd18a43aa346a87c9002f0) Importer(2089858483,b0f066a214c2f5e87bad3c948f4d605d)
Start importing Assets/Flooded_Grounds/Prefabs/Backgrounds/BGR_Pipe_A.prefab using Guid(babcc1aaacfd18a43aa346a87c9002f0) Importer(2089858483,b0f066a214c2f5e87bad3c948f4d605d) (ScriptedImporter) -> (artifact id: 'c7a2db9ca48715127a9e1ee4b570328c') in 0.0125137 seconds
Number of updated asset objects reloaded before import = 0Number of asset objects unloaded after import = 9

========================================================================
Received Import Request.
  Time since last request: 0.000016 seconds.
  path: Assets/Flooded_Grounds/Content/Meshes/mBuildings/mStructures/Struct_Fence1_Gate_B.fbx
  artifactKey: Guid(44e1fa61100e81943b5459bacbc07b12) Importer(2089858483,b0f066a214c2f5e87bad3c948f4d605d)
Start importing Assets/Flooded_Grounds/Content/Meshes/mBuildings/mStructures/Struct_Fence1_Gate_B.fbx using Guid(44e1fa61100e81943b5459bacbc07b12) Importer(2089858483,b0f066a214c2f5e87bad3c948f4d605d) (ScriptedImporter) -> (artifact id: '59f58a4d4efae68dd28d69449e38ca65') in 0.0108578 seconds
Number of updated asset objects reloaded before import = 0Number of asset objects unloaded after import = 20

========================================================================
Received Import Request.
  Time since last request: 0.000022 seconds.
  path: Assets/Flooded_Grounds/Content/Meshes/mBuildings/mCabins/Cabin1.fbx
  artifactKey: Guid(7b88c8bab8da05247bc3298df5939c78) Importer(2089858483,b0f066a214c2f5e87bad3c948f4d605d)
Start importing Assets/Flooded_Grounds/Content/Meshes/mBuildings/mCabins/Cabin1.fbx using Guid(7b88c8bab8da05247bc3298df5939c78) Importer(2089858483,b0f066a214c2f5e87bad3c948f4d605d) (ScriptedImporter) -> (artifact id: 'bf37330ba2c68f189eb2b1b55516b2bf') in 0.0130882 seconds
Number of updated asset objects reloaded before import = 0Number of asset objects unloaded after import = 7

========================================================================
Received Import Request.
  Time since last request: 0.000012 seconds.
  path: Assets/Flooded_Grounds/PostProcessing/Editor Resources/Monitors/VectorscopeRender.shader
  artifactKey: Guid(1c4298cd35ef7834e892898e49d61ecd) Importer(2089858483,b0f066a214c2f5e87bad3c948f4d605d)
Start importing Assets/Flooded_Grounds/PostProcessing/Editor Resources/Monitors/VectorscopeRender.shader using Guid(1c4298cd35ef7834e892898e49d61ecd) Importer(2089858483,b0f066a214c2f5e87bad3c948f4d605d) (ScriptedImporter) -> (artifact id: '08a38ca19bcbcf401039e3ea489e1adc') in 0.0070219 seconds
Number of updated asset objects reloaded before import = 0Number of asset objects unloaded after import = 1

========================================================================
Received Import Request.
  Time since last request: 0.000012 seconds.
  path: Assets/Flooded_Grounds/Prefabs/Buildings/Cabins/Cabin1_Door_A.prefab
  artifactKey: Guid(bbe3e65d308bf7b4bba358ca68dac3f9) Importer(2089858483,b0f066a214c2f5e87bad3c948f4d605d)
Start importing Assets/Flooded_Grounds/Prefabs/Buildings/Cabins/Cabin1_Door_A.prefab using Guid(bbe3e65d308bf7b4bba358ca68dac3f9) Importer(2089858483,b0f066a214c2f5e87bad3c948f4d605d) (ScriptedImporter) -> (artifact id: '299788728f6e037e00ad36b776c8e8f8') in 0.009562 seconds
Number of updated asset objects reloaded before import = 0Number of asset objects unloaded after import = 9

========================================================================
Received Import Request.
  Time since last request: 0.000018 seconds.
  path: Assets/Flooded_Grounds/Scenes/Scene_A_Terrain.asset
  artifactKey: Guid(3067f4c4673ebb049b67c5cadc9ef499) Importer(2089858483,b0f066a214c2f5e87bad3c948f4d605d)
Start importing Assets/Flooded_Grounds/Scenes/Scene_A_Terrain.asset using Guid(3067f4c4673ebb049b67c5cadc9ef499) Importer(2089858483,b0f066a214c2f5e87bad3c948f4d605d) (ScriptedImporter) -> (artifact id: '7f32b4d2a44f2c568ac3358b2234af9c') in 0.1270789 seconds
Number of updated asset objects reloaded before import = 0Number of asset objects unloaded after import = 185

========================================================================
Received Import Request.
  Time since last request: 0.000020 seconds.
  path: Assets/Flooded_Grounds/Prefabs/Props/Prop_Gravestone_A.prefab
  artifactKey: Guid(1eb5970d54060cd4fa9d893223f463e4) Importer(2089858483,b0f066a214c2f5e87bad3c948f4d605d)
Start importing Assets/Flooded_Grounds/Prefabs/Props/Prop_Gravestone_A.prefab using Guid(1eb5970d54060cd4fa9d893223f463e4) Importer(2089858483,b0f066a214c2f5e87bad3c948f4d605d) (ScriptedImporter) -> (artifact id: 'd8986bc966f0967daba522546cf85482') in 0.0109272 seconds
Number of updated asset objects reloaded before import = 0Number of asset objects unloaded after import = 9

========================================================================
Received Import Request.
  Time since last request: 0.000021 seconds.
  path: Assets/Flooded_Grounds/PostProcessing/Resources/Bluenoise64/LDR_LLL1_30.png
  artifactKey: Guid(0fa10b21877c61b4db40ba5708815f81) Importer(2089858483,b0f066a214c2f5e87bad3c948f4d605d)
Start importing Assets/Flooded_Grounds/PostProcessing/Resources/Bluenoise64/LDR_LLL1_30.png using Guid(0fa10b21877c61b4db40ba5708815f81) Importer(2089858483,b0f066a214c2f5e87bad3c948f4d605d) (ScriptedImporter) -> (artifact id: '88077cf61c883a82649287259ebd168f') in 0.0115564 seconds
Number of updated asset objects reloaded before import = 0Number of asset objects unloaded after import = 1

========================================================================
Received Import Request.
  Time since last request: 0.000011 seconds.
  path: Assets/Flooded_Grounds/Prefabs/Buildings/Structures1/Struct_Docking_B.prefab
  artifactKey: Guid(839d15f594053604a9e89b5145396cdd) Importer(2089858483,b0f066a214c2f5e87bad3c948f4d605d)
Start importing Assets/Flooded_Grounds/Prefabs/Buildings/Structures1/Struct_Docking_B.prefab using Guid(839d15f594053604a9e89b5145396cdd) Importer(2089858483,b0f066a214c2f5e87bad3c948f4d605d) (ScriptedImporter) -> (artifact id: 'a5fbbec20cbd0100983dd204ae97dc6a') in 0.0173424 seconds
Number of updated asset objects reloaded before import = 0Number of asset objects unloaded after import = 23

========================================================================
Received Import Request.
  Time since last request: 0.000016 seconds.
  path: Assets/Flooded_Grounds/Prefabs/Buildings/Barns/Barn2_Mid_A.prefab
  artifactKey: Guid(bbf238cb04c5df440a0c498ad01f08e2) Importer(2089858483,b0f066a214c2f5e87bad3c948f4d605d)
Start importing Assets/Flooded_Grounds/Prefabs/Buildings/Barns/Barn2_Mid_A.prefab using Guid(bbf238cb04c5df440a0c498ad01f08e2) Importer(2089858483,b0f066a214c2f5e87bad3c948f4d605d) (ScriptedImporter) -> (artifact id: 'de78fef48be233d86bb84df793d3f80b') in 0.010253 seconds
Number of updated asset objects reloaded before import = 0Number of asset objects unloaded after import = 10

========================================================================
Received Import Request.
  Time since last request: 0.000015 seconds.
  path: Assets/Flooded_Grounds/Content/Textures/DET_Wood1_N.tif
  artifactKey: Guid(71125a98538a1fc47baccad99640157e) Importer(2089858483,b0f066a214c2f5e87bad3c948f4d605d)
Start importing Assets/Flooded_Grounds/Content/Textures/DET_Wood1_N.tif using Guid(71125a98538a1fc47baccad99640157e) Importer(2089858483,b0f066a214c2f5e87bad3c948f4d605d) (ScriptedImporter) -> (artifact id: 'd1a037cd446d70126485afadd8f7ddb1') in 0.0102097 seconds
Number of updated asset objects reloaded before import = 0Number of asset objects unloaded after import = 1

========================================================================
Received Import Request.
  Time since last request: 0.000014 seconds.
  path: Assets/Flooded_Grounds/PostProcessing/Resources/Shaders/Blit.shader
  artifactKey: Guid(7d89469544dfa214eabdbf37fca76f40) Importer(2089858483,b0f066a214c2f5e87bad3c948f4d605d)
Start importing Assets/Flooded_Grounds/PostProcessing/Resources/Shaders/Blit.shader using Guid(7d89469544dfa214eabdbf37fca76f40) Importer(2089858483,b0f066a214c2f5e87bad3c948f4d605d) (ScriptedImporter) -> (artifact id: '0ed872f55ee98e6750008b4d2e6eba88') in 0.0082643 seconds
Number of updated asset objects reloaded before import = 0Number of asset objects unloaded after import = 1

========================================================================
Received Import Request.
  Time since last request: 0.000014 seconds.
  path: Assets/Flooded_Grounds/Prefabs/Buildings/Structures1/Struct_Docking_A_DM.prefab
  artifactKey: Guid(13b1d2550a4cb4b429bb4d9463a0e915) Importer(2089858483,b0f066a214c2f5e87bad3c948f4d605d)
Start importing Assets/Flooded_Grounds/Prefabs/Buildings/Structures1/Struct_Docking_A_DM.prefab using Guid(13b1d2550a4cb4b429bb4d9463a0e915) Importer(2089858483,b0f066a214c2f5e87bad3c948f4d605d) (ScriptedImporter) -> (artifact id: 'efba332db9c9e419a7a25bdc8ffecb3c') in 0.008996 seconds
Number of updated asset objects reloaded before import = 0Number of asset objects unloaded after import = 23

========================================================================
Received Import Request.
  Time since last request: 0.000019 seconds.
  path: Assets/Flooded_Grounds/Content/Sounds/Wind.mp3
  artifactKey: Guid(2dc9a029d0f6a4d4f95eca9f86b410f2) Importer(2089858483,b0f066a214c2f5e87bad3c948f4d605d)
Start importing Assets/Flooded_Grounds/Content/Sounds/Wind.mp3 using Guid(2dc9a029d0f6a4d4f95eca9f86b410f2) Importer(2089858483,b0f066a214c2f5e87bad3c948f4d605d) (ScriptedImporter) -> (artifact id: 'd6070bcea3231f859fb0f586732a1bd4') in 0.0792617 seconds
Number of updated asset objects reloaded before import = 0Number of asset objects unloaded after import = 1

========================================================================
Received Import Request.
  Time since last request: 0.000023 seconds.
  path: Assets/Flooded_Grounds/Prefabs/Buildings/Villa1/Villa1_IntStairs_B.prefab
  artifactKey: Guid(f1f3a6b5d79f5d74c9c6fa29dc791dbb) Importer(2089858483,b0f066a214c2f5e87bad3c948f4d605d)
Start importing Assets/Flooded_Grounds/Prefabs/Buildings/Villa1/Villa1_IntStairs_B.prefab using Guid(f1f3a6b5d79f5d74c9c6fa29dc791dbb) Importer(2089858483,b0f066a214c2f5e87bad3c948f4d605d) (ScriptedImporter) -> (artifact id: '9f0052e4022113e6469598c6c4719ec4') in 0.0112388 seconds
Number of updated asset objects reloaded before import = 0Number of asset objects unloaded after import = 10

========================================================================
Received Import Request.
  Time since last request: 0.000017 seconds.
  path: Assets/Flooded_Grounds/Prefabs/Buildings/Churches/Church1_Door_C.prefab
  artifactKey: Guid(44822f52b3d42e7419e7730aa641a6c2) Importer(2089858483,b0f066a214c2f5e87bad3c948f4d605d)
Start importing Assets/Flooded_Grounds/Prefabs/Buildings/Churches/Church1_Door_C.prefab using Guid(44822f52b3d42e7419e7730aa641a6c2) Importer(2089858483,b0f066a214c2f5e87bad3c948f4d605d) (ScriptedImporter) -> (artifact id: 'b0a92a02ef2b88fa0ad9bff1895dfce4') in 0.0090921 seconds
Number of updated asset objects reloaded before import = 0Number of asset objects unloaded after import = 9

========================================================================
Received Import Request.
  Time since last request: 0.000018 seconds.
  path: Assets/Flooded_Grounds/PostProcessing/Runtime/PostProcessingBehaviour.cs
  artifactKey: Guid(ff26db721962cdf4a8edcdfa9a767d2a) Importer(2089858483,b0f066a214c2f5e87bad3c948f4d605d)
Start importing Assets/Flooded_Grounds/PostProcessing/Runtime/PostProcessingBehaviour.cs using Guid(ff26db721962cdf4a8edcdfa9a767d2a) Importer(2089858483,b0f066a214c2f5e87bad3c948f4d605d) (ScriptedImporter) -> (artifact id: '27b0d5779e2216735fc4a19b4f76dcb7') in 0.0066134 seconds
Number of updated asset objects reloaded before import = 0Number of asset objects unloaded after import = 0

========================================================================
Received Import Request.
  Time since last request: 0.000017 seconds.
  path: Assets/Flooded_Grounds/Content/Textures/PROP_Boat1_AO.tif
  artifactKey: Guid(87ba0502924b7244e9d96f6609322848) Importer(2089858483,b0f066a214c2f5e87bad3c948f4d605d)
Start importing Assets/Flooded_Grounds/Content/Textures/PROP_Boat1_AO.tif using Guid(87ba0502924b7244e9d96f6609322848) Importer(2089858483,b0f066a214c2f5e87bad3c948f4d605d) (ScriptedImporter) -> (artifact id: 'd8100d28e97619ac42c460086b207878') in 0.0093034 seconds
Number of updated asset objects reloaded before import = 0Number of asset objects unloaded after import = 1

========================================================================
Received Import Request.
  Time since last request: 0.000015 seconds.
  path: Assets/Flooded_Grounds/Prefabs/Buildings/IndBuilding1/IndBuilding1_Wall_Int_B.prefab
  artifactKey: Guid(49b7895d0e133d24ca6c78d4ea46be33) Importer(2089858483,b0f066a214c2f5e87bad3c948f4d605d)
Start importing Assets/Flooded_Grounds/Prefabs/Buildings/IndBuilding1/IndBuilding1_Wall_Int_B.prefab using Guid(49b7895d0e133d24ca6c78d4ea46be33) Importer(2089858483,b0f066a214c2f5e87bad3c948f4d605d) (ScriptedImporter) -> (artifact id: '99366a2934b3f240e24f3d4b459bf77e') in 0.0097023 seconds
Number of updated asset objects reloaded before import = 0Number of asset objects unloaded after import = 9

========================================================================
Received Import Request.
  Time since last request: 0.000016 seconds.
  path: Assets/Flooded_Grounds/Content/Meshes/mBuildings/mIndBuilding1/IndBuilding1_Deco_Handrail_Cor_A_COL.fbx
  artifactKey: Guid(dcfdf3610a3dca945a5224d2a54fb916) Importer(2089858483,b0f066a214c2f5e87bad3c948f4d605d)
Start importing Assets/Flooded_Grounds/Content/Meshes/mBuildings/mIndBuilding1/IndBuilding1_Deco_Handrail_Cor_A_COL.fbx using Guid(dcfdf3610a3dca945a5224d2a54fb916) Importer(2089858483,b0f066a214c2f5e87bad3c948f4d605d) (ScriptedImporter) -> (artifact id: '69dd63e9407c53070dcc141183d1f392') in 0.0173202 seconds
Number of updated asset objects reloaded before import = 0Number of asset objects unloaded after import = 9

========================================================================
Received Import Request.
  Time since last request: 0.000018 seconds.
  path: Assets/Flooded_Grounds/PostProcessing/Resources/Shaders/MotionBlur.shader
  artifactKey: Guid(6ab8493603d8f8e408750b81666a95f1) Importer(2089858483,b0f066a214c2f5e87bad3c948f4d605d)
Start importing Assets/Flooded_Grounds/PostProcessing/Resources/Shaders/MotionBlur.shader using Guid(6ab8493603d8f8e408750b81666a95f1) Importer(2089858483,b0f066a214c2f5e87bad3c948f4d605d) (ScriptedImporter) -> (artifact id: 'cc09e4e6a44bb348f0e3764bc54d0ab9') in 0.0081026 seconds
Number of updated asset objects reloaded before import = 0Number of asset objects unloaded after import = 1

========================================================================
Received Import Request.
  Time since last request: 0.000024 seconds.
  path: Assets/Flooded_Grounds/Content/Materials/BLD_Structures2_LOD.mat
  artifactKey: Guid(0a5e5d99899513c4eb2d420489f08ccd) Importer(2089858483,b0f066a214c2f5e87bad3c948f4d605d)
Start importing Assets/Flooded_Grounds/Content/Materials/BLD_Structures2_LOD.mat using Guid(0a5e5d99899513c4eb2d420489f08ccd) Importer(2089858483,b0f066a214c2f5e87bad3c948f4d605d) (ScriptedImporter) -> (artifact id: 'e071428e80358a2497efec687b8b8140') in 0.0133897 seconds
Number of updated asset objects reloaded before import = 0Number of asset objects unloaded after import = 3

========================================================================
Received Import Request.
  Time since last request: 0.000017 seconds.
  path: Assets/Flooded_Grounds/Prefabs/Nature/Trees/TreeCreator_Crinkly_B.prefab
  artifactKey: Guid(1a7d988da17e44741aabfb0c94a2035b) Importer(2089858483,b0f066a214c2f5e87bad3c948f4d605d)
Start importing Assets/Flooded_Grounds/Prefabs/Nature/Trees/TreeCreator_Crinkly_B.prefab using Guid(1a7d988da17e44741aabfb0c94a2035b) Importer(2089858483,b0f066a214c2f5e87bad3c948f4d605d) (ScriptedImporter) -> (artifact id: 'bf9f251811640e0dca2eb5354194a586') in 0.0236425 seconds
Number of updated asset objects reloaded before import = 0Number of asset objects unloaded after import = 30

========================================================================
Received Import Request.
  Time since last request: 0.000022 seconds.
  path: Assets/Flooded_Grounds/PostProcessing/Editor Resources/Monitors/WaveformCompute.compute
  artifactKey: Guid(9d9b886f7a8fe7b4baf56624c42e3420) Importer(2089858483,b0f066a214c2f5e87bad3c948f4d605d)
Start importing Assets/Flooded_Grounds/PostProcessing/Editor Resources/Monitors/WaveformCompute.compute using Guid(9d9b886f7a8fe7b4baf56624c42e3420) Importer(2089858483,b0f066a214c2f5e87bad3c948f4d605d) (ScriptedImporter) -> (artifact id: '99028109cda8f86a104701c68383cbbe') in 0.0077817 seconds
Number of updated asset objects reloaded before import = 0Number of asset objects unloaded after import = 1

========================================================================
Received Import Request.
  Time since last request: 0.000019 seconds.
  path: Assets/Flooded_Grounds/Content/Meshes/mBuildings/mStructures/Struct_Fence1_Mid_B_COL.fbx
  artifactKey: Guid(b11ab900ef9cf114d9237ac433eb6e89) Importer(2089858483,b0f066a214c2f5e87bad3c948f4d605d)
Start importing Assets/Flooded_Grounds/Content/Meshes/mBuildings/mStructures/Struct_Fence1_Mid_B_COL.fbx using Guid(b11ab900ef9cf114d9237ac433eb6e89) Importer(2089858483,b0f066a214c2f5e87bad3c948f4d605d) (ScriptedImporter) -> (artifact id: '5ea74853e1348c1aef4b564fde56dfb0') in 0.0111002 seconds
Number of updated asset objects reloaded before import = 0Number of asset objects unloaded after import = 7

========================================================================
Received Import Request.
  Time since last request: 0.000017 seconds.
  path: Assets/Flooded_Grounds/Content/Meshes/mBuildings/mVilla2/Villa2_Top_Cor_A.fbx
  artifactKey: Guid(f2b14a4ed4d4e784ba757352dd8432e3) Importer(2089858483,b0f066a214c2f5e87bad3c948f4d605d)
Start importing Assets/Flooded_Grounds/Content/Meshes/mBuildings/mVilla2/Villa2_Top_Cor_A.fbx using Guid(f2b14a4ed4d4e784ba757352dd8432e3) Importer(2089858483,b0f066a214c2f5e87bad3c948f4d605d) (ScriptedImporter) -> (artifact id: '26a00e7bea4e6647eb0063cd6549a8d0') in 0.0127633 seconds
Number of updated asset objects reloaded before import = 0Number of asset objects unloaded after import = 7

========================================================================
Received Import Request.
  Time since last request: 0.000016 seconds.
  path: Assets/Flooded_Grounds/Content/Meshes/mBuildings/mBrickHouse/BrickHouse_Floor_End_A.fbx
  artifactKey: Guid(e738815e6ed0a1042ab2112032ee725f) Importer(2089858483,b0f066a214c2f5e87bad3c948f4d605d)
Start importing Assets/Flooded_Grounds/Content/Meshes/mBuildings/mBrickHouse/BrickHouse_Floor_End_A.fbx using Guid(e738815e6ed0a1042ab2112032ee725f) Importer(2089858483,b0f066a214c2f5e87bad3c948f4d605d) (ScriptedImporter) -> (artifact id: '9adff0ca231c0f8b2b81e877ded80c7a') in 0.0105996 seconds
Number of updated asset objects reloaded before import = 0Number of asset objects unloaded after import = 7

========================================================================
Received Import Request.
  Time since last request: 0.000027 seconds.
  path: Assets/Flooded_Grounds/Content/Textures/BLD_IndBuilding1_A.tif
  artifactKey: Guid(a6d89f2e60e5a1a42997166681410908) Importer(2089858483,b0f066a214c2f5e87bad3c948f4d605d)
Start importing Assets/Flooded_Grounds/Content/Textures/BLD_IndBuilding1_A.tif using Guid(a6d89f2e60e5a1a42997166681410908) Importer(2089858483,b0f066a214c2f5e87bad3c948f4d605d) (ScriptedImporter) -> (artifact id: '384c92ab00a531f7d7b7a1311d318727') in 0.0127601 seconds
Number of updated asset objects reloaded before import = 0Number of asset objects unloaded after import = 1

========================================================================
Received Import Request.
  Time since last request: 0.000019 seconds.
  path: Assets/Flooded_Grounds/Prefabs/Props
  artifactKey: Guid(3a1660f44bc50024fbfee0e71e890ecf) Importer(2089858483,b0f066a214c2f5e87bad3c948f4d605d)
Start importing Assets/Flooded_Grounds/Prefabs/Props using Guid(3a1660f44bc50024fbfee0e71e890ecf) Importer(2089858483,b0f066a214c2f5e87bad3c948f4d605d) (ScriptedImporter) -> (artifact id: '7f990445ee43099528b37f90adea5c8c') in 0.0118602 seconds
Number of updated asset objects reloaded before import = 0Number of asset objects unloaded after import = 1

========================================================================
Received Import Request.
  Time since last request: 0.000016 seconds.
  path: Assets/Flooded_Grounds/Content/Meshes/mBuildings/mVilla2/Villa2_Deco_Handrail1_Cor_A.fbx
  artifactKey: Guid(d032b0438dbb5894699b0ed344386f42) Importer(2089858483,b0f066a214c2f5e87bad3c948f4d605d)
Start importing Assets/Flooded_Grounds/Content/Meshes/mBuildings/mVilla2/Villa2_Deco_Handrail1_Cor_A.fbx using Guid(d032b0438dbb5894699b0ed344386f42) Importer(2089858483,b0f066a214c2f5e87bad3c948f4d605d) (ScriptedImporter) -> (artifact id: '16635bf20ba9eb4e07faae40b509b4c9') in 0.0113158 seconds
Number of updated asset objects reloaded before import = 0Number of asset objects unloaded after import = 7

========================================================================
Received Import Request.
  Time since last request: 0.000019 seconds.
  path: Assets/Flooded_Grounds/PostProcessing/Utilities/CustomMotionTexture/Materials/DebugMotionVectors.mat
  artifactKey: Guid(d7daeefbca4f14360bac0e1df1bdacd4) Importer(2089858483,b0f066a214c2f5e87bad3c948f4d605d)
Start importing Assets/Flooded_Grounds/PostProcessing/Utilities/CustomMotionTexture/Materials/DebugMotionVectors.mat using Guid(d7daeefbca4f14360bac0e1df1bdacd4) Importer(2089858483,b0f066a214c2f5e87bad3c948f4d605d) (ScriptedImporter) -> (artifact id: '0dccaf75f20b08623ffeaf02284ea9cf') in 0.0100627 seconds
Number of updated asset objects reloaded before import = 0Number of asset objects unloaded after import = 3

========================================================================
Received Import Request.
  Time since last request: 0.000017 seconds.
  path: Assets/Flooded_Grounds/Prefabs/Props/Prop_Vase_A.prefab
  artifactKey: Guid(67b0685a76617c84b94a58742fdf5e77) Importer(2089858483,b0f066a214c2f5e87bad3c948f4d605d)
Start importing Assets/Flooded_Grounds/Prefabs/Props/Prop_Vase_A.prefab using Guid(67b0685a76617c84b94a58742fdf5e77) Importer(2089858483,b0f066a214c2f5e87bad3c948f4d605d) (ScriptedImporter) -> (artifact id: 'd6349dcbcf0f2c1da4ec4a0ae668861f') in 0.0099644 seconds
Number of updated asset objects reloaded before import = 0Number of asset objects unloaded after import = 17

========================================================================
Received Import Request.
  Time since last request: 0.000020 seconds.
  path: Assets/Flooded_Grounds/Prefabs/Nature/Trees/TreeCreator_Bush_A.prefab
  artifactKey: Guid(2c33c759b6bfb1448a79429a0c761b44) Importer(2089858483,b0f066a214c2f5e87bad3c948f4d605d)
Start importing Assets/Flooded_Grounds/Prefabs/Nature/Trees/TreeCreator_Bush_A.prefab using Guid(2c33c759b6bfb1448a79429a0c761b44) Importer(2089858483,b0f066a214c2f5e87bad3c948f4d605d) (ScriptedImporter) -> (artifact id: 'a1fd572513883d88a8311890326d91c6') in 0.0282792 seconds
Number of updated asset objects reloaded before import = 0Number of asset objects unloaded after import = 26

========================================================================
Received Import Request.
  Time since last request: 0.000030 seconds.
  path: Assets/Flooded_Grounds/PostProcessing/Editor/Models/VignetteModelEditor.cs
  artifactKey: Guid(745ad42620dabf04b94761acc86189ba) Importer(2089858483,b0f066a214c2f5e87bad3c948f4d605d)
Start importing Assets/Flooded_Grounds/PostProcessing/Editor/Models/VignetteModelEditor.cs using Guid(745ad42620dabf04b94761acc86189ba) Importer(2089858483,b0f066a214c2f5e87bad3c948f4d605d) (ScriptedImporter) -> (artifact id: '14b48a29eccf8057997e11d9ef7a0a50') in 0.0072925 seconds
Number of updated asset objects reloaded before import = 0Number of asset objects unloaded after import = 0

========================================================================
Received Import Request.
  Time since last request: 0.000019 seconds.
  path: Assets/Flooded_Grounds/PostProcessing/Resources/Shaders/DepthOfField.cginc
  artifactKey: Guid(ddc2c19b8a216d748a357ffe32ba4dc1) Importer(2089858483,b0f066a214c2f5e87bad3c948f4d605d)
Start importing Assets/Flooded_Grounds/PostProcessing/Resources/Shaders/DepthOfField.cginc using Guid(ddc2c19b8a216d748a357ffe32ba4dc1) Importer(2089858483,b0f066a214c2f5e87bad3c948f4d605d) (ScriptedImporter) -> (artifact id: 'e85b8e1ae281a7035ba22727721efbb9') in 0.0078896 seconds
Number of updated asset objects reloaded before import = 0Number of asset objects unloaded after import = 1

========================================================================
Received Import Request.
  Time since last request: 0.000021 seconds.
  path: Assets/Flooded_Grounds/Prefabs/Buildings/GreenHouse/GreenHouse1_Door_A.prefab
  artifactKey: Guid(b66a2faa7f47ab341b7ca629fbb482c2) Importer(2089858483,b0f066a214c2f5e87bad3c948f4d605d)
Start importing Assets/Flooded_Grounds/Prefabs/Buildings/GreenHouse/GreenHouse1_Door_A.prefab using Guid(b66a2faa7f47ab341b7ca629fbb482c2) Importer(2089858483,b0f066a214c2f5e87bad3c948f4d605d) (ScriptedImporter) -> (artifact id: '083054d9bdaaeb3eaac8d4ead8cf5b3d') in 0.0123298 seconds
Number of updated asset objects reloaded before import = 0Number of asset objects unloaded after import = 10

========================================================================
Received Import Request.
  Time since last request: 0.000017 seconds.
  path: Assets/Flooded_Grounds/Content/Meshes/mBuildings/mBrickHouse/BrickHouse_Floor_Mid_A.fbx
  artifactKey: Guid(f5adb668b0f6f9a498e256bc0e78ca9d) Importer(2089858483,b0f066a214c2f5e87bad3c948f4d605d)
Start importing Assets/Flooded_Grounds/Content/Meshes/mBuildings/mBrickHouse/BrickHouse_Floor_Mid_A.fbx using Guid(f5adb668b0f6f9a498e256bc0e78ca9d) Importer(2089858483,b0f066a214c2f5e87bad3c948f4d605d) (ScriptedImporter) -> (artifact id: '7e844d6fc20669276929120ff4b6be16') in 0.0103722 seconds
Number of updated asset objects reloaded before import = 0Number of asset objects unloaded after import = 7

========================================================================
Received Import Request.
  Time since last request: 0.000013 seconds.
  path: Assets/Flooded_Grounds/PostProcessing/Resources/Bluenoise64
  artifactKey: Guid(2be7cf05ee8fb17438022d4869299900) Importer(2089858483,b0f066a214c2f5e87bad3c948f4d605d)
Start importing Assets/Flooded_Grounds/PostProcessing/Resources/Bluenoise64 using Guid(2be7cf05ee8fb17438022d4869299900) Importer(2089858483,b0f066a214c2f5e87bad3c948f4d605d) (ScriptedImporter) -> (artifact id: 'da8233747b0ff371a10f350c948f5347') in 0.0081773 seconds
Number of updated asset objects reloaded before import = 0Number of asset objects unloaded after import = 1

========================================================================
Received Import Request.
  Time since last request: 0.000019 seconds.
  path: Assets/Flooded_Grounds/Prefabs/Buildings/Villa2/Villa2_Deco_RoofPiece_D.prefab
  artifactKey: Guid(a2ddd74284add0244a0b9c1abf9d5b65) Importer(2089858483,b0f066a214c2f5e87bad3c948f4d605d)
Start importing Assets/Flooded_Grounds/Prefabs/Buildings/Villa2/Villa2_Deco_RoofPiece_D.prefab using Guid(a2ddd74284add0244a0b9c1abf9d5b65) Importer(2089858483,b0f066a214c2f5e87bad3c948f4d605d) (ScriptedImporter) -> (artifact id: '7c568885014f40ebb15ad90ba63fe9a3') in 0.0113773 seconds
Number of updated asset objects reloaded before import = 0Number of asset objects unloaded after import = 9

========================================================================
Received Import Request.
  Time since last request: 0.000025 seconds.
  path: Assets/Flooded_Grounds/PostProcessing/Resources/Bluenoise64/LDR_LLL1_46.png
  artifactKey: Guid(8ecbbcae4cc747a4abbc4adce795d25e) Importer(2089858483,b0f066a214c2f5e87bad3c948f4d605d)
Start importing Assets/Flooded_Grounds/PostProcessing/Resources/Bluenoise64/LDR_LLL1_46.png using Guid(8ecbbcae4cc747a4abbc4adce795d25e) Importer(2089858483,b0f066a214c2f5e87bad3c948f4d605d) (ScriptedImporter) -> (artifact id: 'a3b28d6e6a65314f47495443d3b856bc') in 0.0110975 seconds
Number of updated asset objects reloaded before import = 0Number of asset objects unloaded after import = 1

========================================================================
Received Import Request.
  Time since last request: 0.000018 seconds.
  path: Assets/Flooded_Grounds/Prefabs/Buildings/IndBuilding1/IndBuilding1_Wall_Cor_A.prefab
  artifactKey: Guid(27c15c3480e146944b29c1661765cc65) Importer(2089858483,b0f066a214c2f5e87bad3c948f4d605d)
Start importing Assets/Flooded_Grounds/Prefabs/Buildings/IndBuilding1/IndBuilding1_Wall_Cor_A.prefab using Guid(27c15c3480e146944b29c1661765cc65) Importer(2089858483,b0f066a214c2f5e87bad3c948f4d605d) (ScriptedImporter) -> (artifact id: '5c71d806085e07a1f71ba44ca45476bb') in 0.0123617 seconds
Number of updated asset objects reloaded before import = 0Number of asset objects unloaded after import = 9

========================================================================
Received Import Request.
  Time since last request: 0.000014 seconds.
  path: Assets/Flooded_Grounds/Prefabs/Buildings/Villa1/Villa1_Deco_Handrail1_Cor_A.prefab
  artifactKey: Guid(5231b1ce9b6dd08469350cd29d28d50d) Importer(2089858483,b0f066a214c2f5e87bad3c948f4d605d)
Start importing Assets/Flooded_Grounds/Prefabs/Buildings/Villa1/Villa1_Deco_Handrail1_Cor_A.prefab using Guid(5231b1ce9b6dd08469350cd29d28d50d) Importer(2089858483,b0f066a214c2f5e87bad3c948f4d605d) (ScriptedImporter) -> (artifact id: '0bd734d2304a9b6354dcce75e9ac6ff7') in 0.0116423 seconds
Number of updated asset objects reloaded before import = 0Number of asset objects unloaded after import = 10

========================================================================
Received Import Request.
  Time since last request: 0.000017 seconds.
  path: Assets/Flooded_Grounds/Content/Textures/DET_Concrete1_N.tif
  artifactKey: Guid(276e4162aef7f994fafc01a3e444900c) Importer(2089858483,b0f066a214c2f5e87bad3c948f4d605d)
Start importing Assets/Flooded_Grounds/Content/Textures/DET_Concrete1_N.tif using Guid(276e4162aef7f994fafc01a3e444900c) Importer(2089858483,b0f066a214c2f5e87bad3c948f4d605d) (ScriptedImporter) -> (artifact id: 'fe4c84b4d9b73c7a9a5e561a6324d169') in 0.0110038 seconds
Number of updated asset objects reloaded before import = 0Number of asset objects unloaded after import = 1

========================================================================
Received Import Request.
  Time since last request: 0.000019 seconds.
  path: Assets/Flooded_Grounds/PostProcessing/Runtime/Components/FxaaComponent.cs
  artifactKey: Guid(d4e1109c5030ca04e9a28243a35155ff) Importer(2089858483,b0f066a214c2f5e87bad3c948f4d605d)
Start importing Assets/Flooded_Grounds/PostProcessing/Runtime/Components/FxaaComponent.cs using Guid(d4e1109c5030ca04e9a28243a35155ff) Importer(2089858483,b0f066a214c2f5e87bad3c948f4d605d) (ScriptedImporter) -> (artifact id: '29e5a7f7a53d2da00c7e67c603acd182') in 0.0083413 seconds
Number of updated asset objects reloaded before import = 0Number of asset objects unloaded after import = 0

========================================================================
Received Import Request.
  Time since last request: 0.000022 seconds.
  path: Assets/Flooded_Grounds/PostProcessing/Resources/Bluenoise64/LDR_LLL1_45.png
  artifactKey: Guid(b9960364038cbfa4aa49d7b2032d3110) Importer(2089858483,b0f066a214c2f5e87bad3c948f4d605d)
Start importing Assets/Flooded_Grounds/PostProcessing/Resources/Bluenoise64/LDR_LLL1_45.png using Guid(b9960364038cbfa4aa49d7b2032d3110) Importer(2089858483,b0f066a214c2f5e87bad3c948f4d605d) (ScriptedImporter) -> (artifact id: '8614d08b5a4c4f476586e8f6da943387') in 0.0116368 seconds
Number of updated asset objects reloaded before import = 0Number of asset objects unloaded after import = 1

========================================================================
Received Import Request.
  Time since last request: 0.000023 seconds.
  path: Assets/Flooded_Grounds/Content/Meshes/mBuildings/mStructures/Struct_Fence1_Gate_B_COL.fbx
  artifactKey: Guid(ea265c625487e4c4b8cd87df549d2ec4) Importer(2089858483,b0f066a214c2f5e87bad3c948f4d605d)
Start importing Assets/Flooded_Grounds/Content/Meshes/mBuildings/mStructures/Struct_Fence1_Gate_B_COL.fbx using Guid(ea265c625487e4c4b8cd87df549d2ec4) Importer(2089858483,b0f066a214c2f5e87bad3c948f4d605d) (ScriptedImporter) -> (artifact id: '51d2bdeb8f579bffcca6eb8f96f9cd5e') in 0.0116751 seconds
Number of updated asset objects reloaded before import = 0Number of asset objects unloaded after import = 7

========================================================================
Received Import Request.
  Time since last request: 0.000013 seconds.
  path: Assets/Flooded_Grounds/Prefabs/Buildings/Villa2/Villa2_Top_Mid_A.prefab
  artifactKey: Guid(50ff0fc5eb0bbaa48af93f9714e2d631) Importer(2089858483,b0f066a214c2f5e87bad3c948f4d605d)
Start importing Assets/Flooded_Grounds/Prefabs/Buildings/Villa2/Villa2_Top_Mid_A.prefab using Guid(50ff0fc5eb0bbaa48af93f9714e2d631) Importer(2089858483,b0f066a214c2f5e87bad3c948f4d605d) (ScriptedImporter) -> (artifact id: '11fdfb18def9afb3e97c17db1e095530') in 0.0096843 seconds
Number of updated asset objects reloaded before import = 0Number of asset objects unloaded after import = 9

========================================================================
Received Import Request.
  Time since last request: 0.000014 seconds.
  path: Assets/Flooded_Grounds/Content/Sounds
  artifactKey: Guid(6d9f2bd6e3dd4634c9bebf3032a946a9) Importer(2089858483,b0f066a214c2f5e87bad3c948f4d605d)
Start importing Assets/Flooded_Grounds/Content/Sounds using Guid(6d9f2bd6e3dd4634c9bebf3032a946a9) Importer(2089858483,b0f066a214c2f5e87bad3c948f4d605d) (ScriptedImporter) -> (artifact id: 'cd7cead24126a83138325bc8a22ea778') in 0.0069088 seconds
Number of updated asset objects reloaded before import = 0Number of asset objects unloaded after import = 1

========================================================================
Received Import Request.
  Time since last request: 0.000014 seconds.
  path: Assets/Flooded_Grounds/Prefabs/Buildings/Churches/Church1_Deco_Column_A.prefab
  artifactKey: Guid(f8515ca20eba062499108c590879972d) Importer(2089858483,b0f066a214c2f5e87bad3c948f4d605d)
Start importing Assets/Flooded_Grounds/Prefabs/Buildings/Churches/Church1_Deco_Column_A.prefab using Guid(f8515ca20eba062499108c590879972d) Importer(2089858483,b0f066a214c2f5e87bad3c948f4d605d) (ScriptedImporter) -> (artifact id: '919f440c789325388d6cb91fd7a4d023') in 0.0120045 seconds
Number of updated asset objects reloaded before import = 0Number of asset objects unloaded after import = 9

========================================================================
Received Import Request.
  Time since last request: 0.000017 seconds.
  path: Assets/Flooded_Grounds/Content/Textures/DET_Concrete1_A.tif
  artifactKey: Guid(c862d600284db8342b7687e0e97de574) Importer(2089858483,b0f066a214c2f5e87bad3c948f4d605d)
Start importing Assets/Flooded_Grounds/Content/Textures/DET_Concrete1_A.tif using Guid(c862d600284db8342b7687e0e97de574) Importer(2089858483,b0f066a214c2f5e87bad3c948f4d605d) (ScriptedImporter) -> (artifact id: '248563ab6e54c2989567be3d50790e0c') in 0.0095948 seconds
Number of updated asset objects reloaded before import = 0Number of asset objects unloaded after import = 1

========================================================================
Received Import Request.
  Time since last request: 0.000016 seconds.
  path: Assets/Flooded_Grounds/PostProcessing/Editor/Monitors/HistogramMonitor.cs
  artifactKey: Guid(4581c45ac4aa2264187087659a4cc252) Importer(2089858483,b0f066a214c2f5e87bad3c948f4d605d)
Start importing Assets/Flooded_Grounds/PostProcessing/Editor/Monitors/HistogramMonitor.cs using Guid(4581c45ac4aa2264187087659a4cc252) Importer(2089858483,b0f066a214c2f5e87bad3c948f4d605d) (ScriptedImporter) -> (artifact id: '885c1ea7366116acec72b11cb9e7f0c6') in 0.0074055 seconds
Number of updated asset objects reloaded before import = 0Number of asset objects unloaded after import = 0

========================================================================
Received Import Request.
  Time since last request: 0.000026 seconds.
  path: Assets/Flooded_Grounds/Content/Textures/ATM_Leaf1_AS.tif
  artifactKey: Guid(613c9ad9dfc6b484697801f5268522ff) Importer(2089858483,b0f066a214c2f5e87bad3c948f4d605d)
Start importing Assets/Flooded_Grounds/Content/Textures/ATM_Leaf1_AS.tif using Guid(613c9ad9dfc6b484697801f5268522ff) Importer(2089858483,b0f066a214c2f5e87bad3c948f4d605d) (ScriptedImporter) -> (artifact id: '10f051e7c7bca882114c86f07d17a407') in 0.0130411 seconds
Number of updated asset objects reloaded before import = 0Number of asset objects unloaded after import = 1

========================================================================
Received Import Request.
  Time since last request: 0.000025 seconds.
  path: Assets/Flooded_Grounds/PostProcessing/Resources/Bluenoise64/LDR_LLL1_21.png
  artifactKey: Guid(b7f000750830ddb4bbc80065b9314ce9) Importer(2089858483,b0f066a214c2f5e87bad3c948f4d605d)
Start importing Assets/Flooded_Grounds/PostProcessing/Resources/Bluenoise64/LDR_LLL1_21.png using Guid(b7f000750830ddb4bbc80065b9314ce9) Importer(2089858483,b0f066a214c2f5e87bad3c948f4d605d) (ScriptedImporter) -> (artifact id: '5eff8f356b71fdc8b5eaa6f39985b5be') in 0.0115378 seconds
Number of updated asset objects reloaded before import = 0Number of asset objects unloaded after import = 1

========================================================================
Received Import Request.
  Time since last request: 15.770259 seconds.
  path: Assets/Flooded_Grounds/Content/Meshes/mBuildings/mVilla1/Villa1_Wall_Mid_C.fbx
  artifactKey: Guid(bb90ea7b393003a4fadde51d212de48d) Importer(2089858483,b0f066a214c2f5e87bad3c948f4d605d)
Start importing Assets/Flooded_Grounds/Content/Meshes/mBuildings/mVilla1/Villa1_Wall_Mid_C.fbx using Guid(bb90ea7b393003a4fadde51d212de48d) Importer(2089858483,b0f066a214c2f5e87bad3c948f4d605d) (ScriptedImporter) -> (artifact id: '9628999981ee96713b279c3b438856b0') in 0.0153814 seconds
Number of updated asset objects reloaded before import = 0Number of asset objects unloaded after import = 7

========================================================================
Received Import Request.
  Time since last request: 0.000015 seconds.
  path: Assets/Flooded_Grounds/Prefabs/Buildings/Barns/Barn1_End_B.prefab
  artifactKey: Guid(c5eecfcfa4f017648b3c8d62a4286b46) Importer(2089858483,b0f066a214c2f5e87bad3c948f4d605d)
Start importing Assets/Flooded_Grounds/Prefabs/Buildings/Barns/Barn1_End_B.prefab using Guid(c5eecfcfa4f017648b3c8d62a4286b46) Importer(2089858483,b0f066a214c2f5e87bad3c948f4d605d) (ScriptedImporter) -> (artifact id: 'a7c19533ca1380884173ef342a9f49aa') in 0.0128106 seconds
Number of updated asset objects reloaded before import = 0Number of asset objects unloaded after import = 10

========================================================================
Received Import Request.
  Time since last request: 0.000019 seconds.
  path: Assets/Flooded_Grounds/Content/Sounds/Background.mp3
  artifactKey: Guid(fb1bae38399f65b49afbec6f762e733b) Importer(2089858483,b0f066a214c2f5e87bad3c948f4d605d)
Start importing Assets/Flooded_Grounds/Content/Sounds/Background.mp3 using Guid(fb1bae38399f65b49afbec6f762e733b) Importer(2089858483,b0f066a214c2f5e87bad3c948f4d605d) (ScriptedImporter) -> (artifact id: '8230ebd29438dc3a847b679e8669632f') in 0.1000654 seconds
Number of updated asset objects reloaded before import = 0Number of asset objects unloaded after import = 1

========================================================================
Received Import Request.
  Time since last request: 0.000029 seconds.
  path: Assets/Flooded_Grounds/PostProcessing/Resources/Shaders/EyeHistogram.compute
  artifactKey: Guid(e213272ad8ff213409a6e13b5c26b4e4) Importer(2089858483,b0f066a214c2f5e87bad3c948f4d605d)
Start importing Assets/Flooded_Grounds/PostProcessing/Resources/Shaders/EyeHistogram.compute using Guid(e213272ad8ff213409a6e13b5c26b4e4) Importer(2089858483,b0f066a214c2f5e87bad3c948f4d605d) (ScriptedImporter) -> (artifact id: '22cd36b930e99004b69f6ba7edb64ee2') in 0.0084265 seconds
Number of updated asset objects reloaded before import = 0Number of asset objects unloaded after import = 1

========================================================================
Received Import Request.
  Time since last request: 0.000019 seconds.
  path: Assets/Flooded_Grounds/Content/Textures/PROP_SmallProps1_AO.tif
  artifactKey: Guid(b2d1eaab029b2474d98cfe01cf864159) Importer(2089858483,b0f066a214c2f5e87bad3c948f4d605d)
Start importing Assets/Flooded_Grounds/Content/Textures/PROP_SmallProps1_AO.tif using Guid(b2d1eaab029b2474d98cfe01cf864159) Importer(2089858483,b0f066a214c2f5e87bad3c948f4d605d) (ScriptedImporter) -> (artifact id: '01611f95ec281e51799350b4a5bdbad9') in 0.0182452 seconds
Number of updated asset objects reloaded before import = 0Number of asset objects unloaded after import = 1

========================================================================
Received Import Request.
  Time since last request: 0.000015 seconds.
  path: Assets/Flooded_Grounds/Content/Meshes/mProps/Prop_Rug_A.fbx
  artifactKey: Guid(8578e13efcf14964d8fcc8dc5cb10d80) Importer(2089858483,b0f066a214c2f5e87bad3c948f4d605d)
Start importing Assets/Flooded_Grounds/Content/Meshes/mProps/Prop_Rug_A.fbx using Guid(8578e13efcf14964d8fcc8dc5cb10d80) Importer(2089858483,b0f066a214c2f5e87bad3c948f4d605d) (ScriptedImporter) -> (artifact id: '7ad4d27bb6ce2ff2ca624616ddfffa07') in 0.0167246 seconds
Number of updated asset objects reloaded before import = 0Number of asset objects unloaded after import = 7

========================================================================
Received Import Request.
  Time since last request: 0.000022 seconds.
  path: Assets/Flooded_Grounds/PostProcessing/Editor/PostProcessingInspector.cs
  artifactKey: Guid(27fa95984763d9d47bbad59e7fdb66fe) Importer(2089858483,b0f066a214c2f5e87bad3c948f4d605d)
Start importing Assets/Flooded_Grounds/PostProcessing/Editor/PostProcessingInspector.cs using Guid(27fa95984763d9d47bbad59e7fdb66fe) Importer(2089858483,b0f066a214c2f5e87bad3c948f4d605d) (ScriptedImporter) -> (artifact id: '689ea77e3a01aa77e8c52a2578caa56f') in 0.0086307 seconds
Number of updated asset objects reloaded before import = 0Number of asset objects unloaded after import = 0

========================================================================
Received Import Request.
  Time since last request: 0.000016 seconds.
  path: Assets/Flooded_Grounds/Content/Meshes/mHelpers/_BLOCKERCUBE.fbx
  artifactKey: Guid(ded4816bb4f0ae9449cdbb502869ba0f) Importer(2089858483,b0f066a214c2f5e87bad3c948f4d605d)
Start importing Assets/Flooded_Grounds/Content/Meshes/mHelpers/_BLOCKERCUBE.fbx using Guid(ded4816bb4f0ae9449cdbb502869ba0f) Importer(2089858483,b0f066a214c2f5e87bad3c948f4d605d) (ScriptedImporter) -> (artifact id: '65a0d8755da91d0c399f68bb597e7e85') in 0.0129306 seconds
Number of updated asset objects reloaded before import = 0Number of asset objects unloaded after import = 7

========================================================================
Received Import Request.
  Time since last request: 0.000019 seconds.
  path: Assets/Flooded_Grounds/PostProcessing/Runtime/Utils/GraphicsUtils.cs
  artifactKey: Guid(f40f0a1acf6ce2f419f2b71c667e8973) Importer(2089858483,b0f066a214c2f5e87bad3c948f4d605d)
Start importing Assets/Flooded_Grounds/PostProcessing/Runtime/Utils/GraphicsUtils.cs using Guid(f40f0a1acf6ce2f419f2b71c667e8973) Importer(2089858483,b0f066a214c2f5e87bad3c948f4d605d) (ScriptedImporter) -> (artifact id: 'a80cededea50659be5047a811566a3a9') in 0.0084461 seconds
Number of updated asset objects reloaded before import = 0Number of asset objects unloaded after import = 0

========================================================================
Received Import Request.
  Time since last request: 0.000024 seconds.
  path: Assets/Flooded_Grounds/Prefabs/Helpers/HumanScale.prefab
  artifactKey: Guid(8c67a9f3ccb17194ebf03e2327df0c98) Importer(2089858483,b0f066a214c2f5e87bad3c948f4d605d)
Start importing Assets/Flooded_Grounds/Prefabs/Helpers/HumanScale.prefab using Guid(8c67a9f3ccb17194ebf03e2327df0c98) Importer(2089858483,b0f066a214c2f5e87bad3c948f4d605d) (ScriptedImporter) -> (artifact id: '81482e4c5f7a4161d49f2c59e77a6094') in 0.0142211 seconds
Number of updated asset objects reloaded before import = 0Number of asset objects unloaded after import = 8

========================================================================
Received Import Request.
  Time since last request: 0.000017 seconds.
  path: Assets/Flooded_Grounds/PostProcessing/Editor/Models/UserLutModelEditor.cs
  artifactKey: Guid(b235eb1c486b38c4fa06470234bbfd32) Importer(2089858483,b0f066a214c2f5e87bad3c948f4d605d)
Start importing Assets/Flooded_Grounds/PostProcessing/Editor/Models/UserLutModelEditor.cs using Guid(b235eb1c486b38c4fa06470234bbfd32) Importer(2089858483,b0f066a214c2f5e87bad3c948f4d605d) (ScriptedImporter) -> (artifact id: '0d97932140ef33e98723e4146ff8e834') in 0.0093389 seconds
Number of updated asset objects reloaded before import = 0Number of asset objects unloaded after import = 0

========================================================================
Received Import Request.
  Time since last request: 0.000022 seconds.
  path: Assets/Flooded_Grounds/Content/Meshes/mBuildings/mBrickHouse/BrickHouse_Mid_C.fbx
  artifactKey: Guid(35ab284a2483a154297995a4ecf1b9aa) Importer(2089858483,b0f066a214c2f5e87bad3c948f4d605d)
Start importing Assets/Flooded_Grounds/Content/Meshes/mBuildings/mBrickHouse/BrickHouse_Mid_C.fbx using Guid(35ab284a2483a154297995a4ecf1b9aa) Importer(2089858483,b0f066a214c2f5e87bad3c948f4d605d) (ScriptedImporter) -> (artifact id: '81a9cc1e5271df0c21a043c9e812f47d') in 0.0141836 seconds
Number of updated asset objects reloaded before import = 0Number of asset objects unloaded after import = 7

========================================================================
Received Import Request.
  Time since last request: 0.000021 seconds.
  path: Assets/Flooded_Grounds/PostProcessing/Resources/Bluenoise64/LDR_LLL1_2.png
  artifactKey: Guid(a469f920b21fc7c4fb5b950917ce2fb2) Importer(2089858483,b0f066a214c2f5e87bad3c948f4d605d)
Start importing Assets/Flooded_Grounds/PostProcessing/Resources/Bluenoise64/LDR_LLL1_2.png using Guid(a469f920b21fc7c4fb5b950917ce2fb2) Importer(2089858483,b0f066a214c2f5e87bad3c948f4d605d) (ScriptedImporter) -> (artifact id: '9b7f60c3b4796006b7b066c734609220') in 0.0118351 seconds
Number of updated asset objects reloaded before import = 0Number of asset objects unloaded after import = 1

========================================================================
Received Import Request.
  Time since last request: 0.000012 seconds.
  path: Assets/Flooded_Grounds/Content/Textures/GR_Asphalt1_N.tif
  artifactKey: Guid(c11fbfccde3717848823659d1dc067bf) Importer(2089858483,b0f066a214c2f5e87bad3c948f4d605d)
Start importing Assets/Flooded_Grounds/Content/Textures/GR_Asphalt1_N.tif using Guid(c11fbfccde3717848823659d1dc067bf) Importer(2089858483,b0f066a214c2f5e87bad3c948f4d605d) (ScriptedImporter) -> (artifact id: '60ef926103754613807f9d6118d179ac') in 0.0138469 seconds
Number of updated asset objects reloaded before import = 0Number of asset objects unloaded after import = 1

========================================================================
Received Import Request.
  Time since last request: 0.000021 seconds.
  path: Assets/Flooded_Grounds/Prefabs/Nature/Trees/TreeCreator_Crinkly_A.prefab
  artifactKey: Guid(cfe0412d7fa12f243b181e3f547a2294) Importer(2089858483,b0f066a214c2f5e87bad3c948f4d605d)
Start importing Assets/Flooded_Grounds/Prefabs/Nature/Trees/TreeCreator_Crinkly_A.prefab using Guid(cfe0412d7fa12f243b181e3f547a2294) Importer(2089858483,b0f066a214c2f5e87bad3c948f4d605d) (ScriptedImporter) -> (artifact id: '9fbf6856f7b33899a907949296eb278b') in 0.0316179 seconds
Number of updated asset objects reloaded before import = 0Number of asset objects unloaded after import = 30

========================================================================
Received Import Request.
  Time since last request: 0.000022 seconds.
  path: Assets/Flooded_Grounds/Prefabs/Buildings/Structures1/Struct_Pole_A.prefab
  artifactKey: Guid(5601521e5fc5f7743993db1ebd891042) Importer(2089858483,b0f066a214c2f5e87bad3c948f4d605d)
Start importing Assets/Flooded_Grounds/Prefabs/Buildings/Structures1/Struct_Pole_A.prefab using Guid(5601521e5fc5f7743993db1ebd891042) Importer(2089858483,b0f066a214c2f5e87bad3c948f4d605d) (ScriptedImporter) -> (artifact id: '49094657b1efbaec36f0892791ba091c') in 0.0104342 seconds
Number of updated asset objects reloaded before import = 0Number of asset objects unloaded after import = 17

========================================================================
Received Import Request.
  Time since last request: 0.000017 seconds.
  path: Assets/Flooded_Grounds/Content/Materials/NAT_Bush1.mat
  artifactKey: Guid(d26ea6fcc09300042a18c16ba1ac7887) Importer(2089858483,b0f066a214c2f5e87bad3c948f4d605d)
Start importing Assets/Flooded_Grounds/Content/Materials/NAT_Bush1.mat using Guid(d26ea6fcc09300042a18c16ba1ac7887) Importer(2089858483,b0f066a214c2f5e87bad3c948f4d605d) (ScriptedImporter) -> (artifact id: 'ed6880695d2a78627dec666190801097') in 0.0235261 seconds
Number of updated asset objects reloaded before import = 0Number of asset objects unloaded after import = 4

========================================================================
Received Import Request.
  Time since last request: 0.000019 seconds.
  path: Assets/Flooded_Grounds/Content/Meshes/mNature/mGrass/Grass_Med_C.fbx
  artifactKey: Guid(de0566628568cba439f3bac219290d25) Importer(2089858483,b0f066a214c2f5e87bad3c948f4d605d)
Start importing Assets/Flooded_Grounds/Content/Meshes/mNature/mGrass/Grass_Med_C.fbx using Guid(de0566628568cba439f3bac219290d25) Importer(2089858483,b0f066a214c2f5e87bad3c948f4d605d) (ScriptedImporter) -> (artifact id: '88368dc28cab5490ac5063701cc1f1dc') in 0.0121006 seconds
Number of updated asset objects reloaded before import = 0Number of asset objects unloaded after import = 7

========================================================================
Received Import Request.
  Time since last request: 0.000019 seconds.
  path: Assets/Flooded_Grounds/Prefabs/Buildings/Villa2/Villa2_Base_Cor_A.prefab
  artifactKey: Guid(d1077a23caa4367478d7279d5a274545) Importer(2089858483,b0f066a214c2f5e87bad3c948f4d605d)
Start importing Assets/Flooded_Grounds/Prefabs/Buildings/Villa2/Villa2_Base_Cor_A.prefab using Guid(d1077a23caa4367478d7279d5a274545) Importer(2089858483,b0f066a214c2f5e87bad3c948f4d605d) (ScriptedImporter) -> (artifact id: 'b0a623359774282596554b06d15dd9f7') in 0.0126448 seconds
Number of updated asset objects reloaded before import = 0Number of asset objects unloaded after import = 9

========================================================================
Received Import Request.
  Time since last request: 0.000021 seconds.
  path: Assets/Flooded_Grounds/PostProcessing/Resources/Shaders/UberSecondPass.cginc
  artifactKey: Guid(b6e42614562a56445ba4b5d90301f06f) Importer(2089858483,b0f066a214c2f5e87bad3c948f4d605d)
Start importing Assets/Flooded_Grounds/PostProcessing/Resources/Shaders/UberSecondPass.cginc using Guid(b6e42614562a56445ba4b5d90301f06f) Importer(2089858483,b0f066a214c2f5e87bad3c948f4d605d) (ScriptedImporter) -> (artifact id: '2242c05d596d0ccd94b806cec7ba058e') in 0.009282 seconds
Number of updated asset objects reloaded before import = 0Number of asset objects unloaded after import = 1

========================================================================
Received Import Request.
  Time since last request: 0.000024 seconds.
  path: Assets/Flooded_Grounds/Content/Meshes/mBuildings/mBrickHouse/BrickHouse_Ext_A.fbx
  artifactKey: Guid(b591c5a93a2832b41b738ccde4a62322) Importer(2089858483,b0f066a214c2f5e87bad3c948f4d605d)
Start importing Assets/Flooded_Grounds/Content/Meshes/mBuildings/mBrickHouse/BrickHouse_Ext_A.fbx using Guid(b591c5a93a2832b41b738ccde4a62322) Importer(2089858483,b0f066a214c2f5e87bad3c948f4d605d) (ScriptedImporter) -> (artifact id: 'c5b80112613224d16dec7b5a2eeeeb49') in 0.0140059 seconds
Number of updated asset objects reloaded before import = 0Number of asset objects unloaded after import = 7

========================================================================
Received Import Request.
  Time since last request: 0.000013 seconds.
  path: Assets/Flooded_Grounds/Content/Textures/BGR_RefCube1.tif
  artifactKey: Guid(3b5eaa969aa89fb45b025e2ff7d7695a) Importer(2089858483,b0f066a214c2f5e87bad3c948f4d605d)
Start importing Assets/Flooded_Grounds/Content/Textures/BGR_RefCube1.tif using Guid(3b5eaa969aa89fb45b025e2ff7d7695a) Importer(2089858483,b0f066a214c2f5e87bad3c948f4d605d) (ScriptedImporter) -> (artifact id: 'dd53611028766f5ec499005cb09f8389') in 0.0152968 seconds
Number of updated asset objects reloaded before import = 0Number of asset objects unloaded after import = 1

========================================================================
Received Import Request.
  Time since last request: 0.000011 seconds.
  path: Assets/Flooded_Grounds/Content/Textures/PROP_RugsPaintigs1_N.tif
  artifactKey: Guid(2151d0c5cdf549d41ac76ddade4aabdc) Importer(2089858483,b0f066a214c2f5e87bad3c948f4d605d)
Start importing Assets/Flooded_Grounds/Content/Textures/PROP_RugsPaintigs1_N.tif using Guid(2151d0c5cdf549d41ac76ddade4aabdc) Importer(2089858483,b0f066a214c2f5e87bad3c948f4d605d) (ScriptedImporter) -> (artifact id: '3c1104901950e754bacb66d3a6b20db4') in 0.0133932 seconds
Number of updated asset objects reloaded before import = 0Number of asset objects unloaded after import = 1

========================================================================
Received Import Request.
  Time since last request: 0.000015 seconds.
  path: Assets/Flooded_Grounds/Content/Meshes/mBuildings/mStructures/Struct_ExtStairs_B_COL.fbx
  artifactKey: Guid(bf5a40df25c64c1488740604956d1aba) Importer(2089858483,b0f066a214c2f5e87bad3c948f4d605d)
Start importing Assets/Flooded_Grounds/Content/Meshes/mBuildings/mStructures/Struct_ExtStairs_B_COL.fbx using Guid(bf5a40df25c64c1488740604956d1aba) Importer(2089858483,b0f066a214c2f5e87bad3c948f4d605d) (ScriptedImporter) -> (artifact id: 'ddc0ab4bea091484b4c94967990e06bd') in 0.0158166 seconds
Number of updated asset objects reloaded before import = 0Number of asset objects unloaded after import = 7

========================================================================
Received Import Request.
  Time since last request: 0.000018 seconds.
  path: Assets/Flooded_Grounds/Scripts/FPSController
  artifactKey: Guid(2ff53f2206196744ca508c54247845cd) Importer(2089858483,b0f066a214c2f5e87bad3c948f4d605d)
Start importing Assets/Flooded_Grounds/Scripts/FPSController using Guid(2ff53f2206196744ca508c54247845cd) Importer(2089858483,b0f066a214c2f5e87bad3c948f4d605d) (ScriptedImporter) -> (artifact id: 'ef48c3e474a5df79f7112baf266ba167') in 0.0070112 seconds
Number of updated asset objects reloaded before import = 0Number of asset objects unloaded after import = 1

========================================================================
Received Import Request.
  Time since last request: 0.000028 seconds.
  path: Assets/Flooded_Grounds/Prefabs/Nature/Trees/TreeCreator_Tall_B_Textures
  artifactKey: Guid(5c54ba10c399a6b40b473f252425a0ac) Importer(2089858483,b0f066a214c2f5e87bad3c948f4d605d)
Start importing Assets/Flooded_Grounds/Prefabs/Nature/Trees/TreeCreator_Tall_B_Textures using Guid(5c54ba10c399a6b40b473f252425a0ac) Importer(2089858483,b0f066a214c2f5e87bad3c948f4d605d) (ScriptedImporter) -> (artifact id: 'e557680751663aa975f3d1194411fc84') in 0.0093794 seconds
Number of updated asset objects reloaded before import = 0Number of asset objects unloaded after import = 1

========================================================================
Received Import Request.
  Time since last request: 0.000015 seconds.
  path: Assets/Flooded_Grounds/PostProcessing/Runtime/Models/ScreenSpaceReflectionModel.cs
  artifactKey: Guid(e841012229e57cd408a146561435e90d) Importer(2089858483,b0f066a214c2f5e87bad3c948f4d605d)
Start importing Assets/Flooded_Grounds/PostProcessing/Runtime/Models/ScreenSpaceReflectionModel.cs using Guid(e841012229e57cd408a146561435e90d) Importer(2089858483,b0f066a214c2f5e87bad3c948f4d605d) (ScriptedImporter) -> (artifact id: '6a76175e5ee2712b59549a5cd141a2bf') in 0.0073689 seconds
Number of updated asset objects reloaded before import = 0Number of asset objects unloaded after import = 0

========================================================================
Received Import Request.
  Time since last request: 0.000016 seconds.
  path: Assets/Flooded_Grounds/PostProcessing/Resources/Bluenoise64/LDR_LLL1_32.png
  artifactKey: Guid(87a5e40cc271ea648b583616f6ebe7fe) Importer(2089858483,b0f066a214c2f5e87bad3c948f4d605d)
Start importing Assets/Flooded_Grounds/PostProcessing/Resources/Bluenoise64/LDR_LLL1_32.png using Guid(87a5e40cc271ea648b583616f6ebe7fe) Importer(2089858483,b0f066a214c2f5e87bad3c948f4d605d) (ScriptedImporter) -> (artifact id: '72a62b45ef85be79950f9caaedd608bb') in 0.0128397 seconds
Number of updated asset objects reloaded before import = 0Number of asset objects unloaded after import = 1

========================================================================
Received Import Request.
  Time since last request: 0.000013 seconds.
  path: Assets/Flooded_Grounds/Content/Meshes/mBuildings/mGreenHouse
  artifactKey: Guid(b4c2199e523038d46976c0389df1661f) Importer(2089858483,b0f066a214c2f5e87bad3c948f4d605d)
Start importing Assets/Flooded_Grounds/Content/Meshes/mBuildings/mGreenHouse using Guid(b4c2199e523038d46976c0389df1661f) Importer(2089858483,b0f066a214c2f5e87bad3c948f4d605d) (ScriptedImporter) -> (artifact id: 'df38612a08a0c388996a8abad34e8f82') in 0.0079569 seconds
Number of updated asset objects reloaded before import = 0Number of asset objects unloaded after import = 1

========================================================================
Received Import Request.
  Time since last request: 0.000015 seconds.
  path: Assets/Flooded_Grounds/Content/Meshes/mProps/lo_Prop_Lamp_E.fbx
  artifactKey: Guid(89d0b9d689b2f45408669baa322784e3) Importer(2089858483,b0f066a214c2f5e87bad3c948f4d605d)
Start importing Assets/Flooded_Grounds/Content/Meshes/mProps/lo_Prop_Lamp_E.fbx using Guid(89d0b9d689b2f45408669baa322784e3) Importer(2089858483,b0f066a214c2f5e87bad3c948f4d605d) (ScriptedImporter) -> (artifact id: '2e153c6eab59c345fcf1d9ffefc4c723') in 0.0151518 seconds
Number of updated asset objects reloaded before import = 0Number of asset objects unloaded after import = 15

========================================================================
Received Import Request.
  Time since last request: 0.000022 seconds.
  path: Assets/Flooded_Grounds/Content/Meshes/mBuildings/mVilla1/Villa1_Floor_Mid_B.fbx
  artifactKey: Guid(a8c5be48229be9341b36a57934f9ea49) Importer(2089858483,b0f066a214c2f5e87bad3c948f4d605d)
Start importing Assets/Flooded_Grounds/Content/Meshes/mBuildings/mVilla1/Villa1_Floor_Mid_B.fbx using Guid(a8c5be48229be9341b36a57934f9ea49) Importer(2089858483,b0f066a214c2f5e87bad3c948f4d605d) (ScriptedImporter) -> (artifact id: 'a8779be5f885dbfd8a249e0ab995fc9e') in 0.0147173 seconds
Number of updated asset objects reloaded before import = 0Number of asset objects unloaded after import = 7

========================================================================
Received Import Request.
  Time since last request: 0.000026 seconds.
  path: Assets/Flooded_Grounds/Content/Meshes/mProps/lo_Prop_Lamp_D.fbx
  artifactKey: Guid(da7a8ceca3365a343b2a5589e3f8c53e) Importer(2089858483,b0f066a214c2f5e87bad3c948f4d605d)
Start importing Assets/Flooded_Grounds/Content/Meshes/mProps/lo_Prop_Lamp_D.fbx using Guid(da7a8ceca3365a343b2a5589e3f8c53e) Importer(2089858483,b0f066a214c2f5e87bad3c948f4d605d) (ScriptedImporter) -> (artifact id: '1913283855f5ffc4da91b5161b91689e') in 0.0188561 seconds
Number of updated asset objects reloaded before import = 0Number of asset objects unloaded after import = 15

========================================================================
Received Import Request.
  Time since last request: 0.000015 seconds.
  path: Assets/Flooded_Grounds/Content/Textures/NAT_Grass1_N.tif
  artifactKey: Guid(33ae1acfe6693134e960e547690a42da) Importer(2089858483,b0f066a214c2f5e87bad3c948f4d605d)
Start importing Assets/Flooded_Grounds/Content/Textures/NAT_Grass1_N.tif using Guid(33ae1acfe6693134e960e547690a42da) Importer(2089858483,b0f066a214c2f5e87bad3c948f4d605d) (ScriptedImporter) -> (artifact id: '8f36fb64d5451e8b0bde79e13e459fb5') in 0.0116679 seconds
Number of updated asset objects reloaded before import = 0Number of asset objects unloaded after import = 1

========================================================================
Received Import Request.
  Time since last request: 0.000015 seconds.
  path: Assets/Flooded_Grounds/Content/Meshes/mBuildings/mVilla2/Villa2_Wall_Ext_A.fbx
  artifactKey: Guid(3e780ebb357c2904895523ef05aba6e3) Importer(2089858483,b0f066a214c2f5e87bad3c948f4d605d)
Start importing Assets/Flooded_Grounds/Content/Meshes/mBuildings/mVilla2/Villa2_Wall_Ext_A.fbx using Guid(3e780ebb357c2904895523ef05aba6e3) Importer(2089858483,b0f066a214c2f5e87bad3c948f4d605d) (ScriptedImporter) -> (artifact id: '2b095a970992203c2678a2bc185ac945') in 0.0161423 seconds
Number of updated asset objects reloaded before import = 0Number of asset objects unloaded after import = 7

========================================================================
Received Import Request.
  Time since last request: 0.000015 seconds.
  path: Assets/Flooded_Grounds/Content/Sounds/WindHowl.mp3
  artifactKey: Guid(232fa66632b579d4cb807897eb2a1c60) Importer(2089858483,b0f066a214c2f5e87bad3c948f4d605d)
Start importing Assets/Flooded_Grounds/Content/Sounds/WindHowl.mp3 using Guid(232fa66632b579d4cb807897eb2a1c60) Importer(2089858483,b0f066a214c2f5e87bad3c948f4d605d) (ScriptedImporter) -> (artifact id: '9b00c72999450c6273f82402222a0a71') in 0.0363662 seconds
Number of updated asset objects reloaded before import = 0Number of asset objects unloaded after import = 1

========================================================================
Received Import Request.
  Time since last request: 0.000019 seconds.
  path: Assets/Flooded_Grounds/Content/Textures/PROP_ParkBench1_MS.tif
  artifactKey: Guid(4ca534e0d49fae24eb5b0c6d90cb970a) Importer(2089858483,b0f066a214c2f5e87bad3c948f4d605d)
Start importing Assets/Flooded_Grounds/Content/Textures/PROP_ParkBench1_MS.tif using Guid(4ca534e0d49fae24eb5b0c6d90cb970a) Importer(2089858483,b0f066a214c2f5e87bad3c948f4d605d) (ScriptedImporter) -> (artifact id: '0f510ca394eaf9a8cb5e5b85a81a822a') in 0.0186641 seconds
Number of updated asset objects reloaded before import = 0Number of asset objects unloaded after import = 1

========================================================================
Received Import Request.
  Time since last request: 0.000022 seconds.
  path: Assets/Flooded_Grounds/Prefabs/Props/Prop_FlyingSaucer.prefab
  artifactKey: Guid(6a5be503323d68540adb3b1e037dfd48) Importer(2089858483,b0f066a214c2f5e87bad3c948f4d605d)
Start importing Assets/Flooded_Grounds/Prefabs/Props/Prop_FlyingSaucer.prefab using Guid(6a5be503323d68540adb3b1e037dfd48) Importer(2089858483,b0f066a214c2f5e87bad3c948f4d605d) (ScriptedImporter) -> (artifact id: '3ba1c8dd096086f80b861f296648c1b0') in 0.0128255 seconds
Number of updated asset objects reloaded before import = 0Number of asset objects unloaded after import = 8

========================================================================
Received Import Request.
  Time since last request: 0.000025 seconds.
  path: Assets/Flooded_Grounds/Content/Meshes/mProps/lo_Prop_Lamp_A.fbx
  artifactKey: Guid(fbb069574c0f0f64a9948fb3e94e2572) Importer(2089858483,b0f066a214c2f5e87bad3c948f4d605d)
Start importing Assets/Flooded_Grounds/Content/Meshes/mProps/lo_Prop_Lamp_A.fbx using Guid(fbb069574c0f0f64a9948fb3e94e2572) Importer(2089858483,b0f066a214c2f5e87bad3c948f4d605d) (ScriptedImporter) -> (artifact id: '21a7ec61561d929b56168f34ea1ae6ac') in 0.0186558 seconds
Number of updated asset objects reloaded before import = 0Number of asset objects unloaded after import = 15

========================================================================
Received Import Request.
  Time since last request: 0.000018 seconds.
  path: Assets/Flooded_Grounds/PostProcessing/Resources/Bluenoise64/LDR_LLL1_29.png
  artifactKey: Guid(aa80dc44aa4fe4c43bb9d51d90cf2958) Importer(2089858483,b0f066a214c2f5e87bad3c948f4d605d)
Start importing Assets/Flooded_Grounds/PostProcessing/Resources/Bluenoise64/LDR_LLL1_29.png using Guid(aa80dc44aa4fe4c43bb9d51d90cf2958) Importer(2089858483,b0f066a214c2f5e87bad3c948f4d605d) (ScriptedImporter) -> (artifact id: 'b661aee638320213cdfd71ca17c36dba') in 0.0395839 seconds
Number of updated asset objects reloaded before import = 0Number of asset objects unloaded after import = 1

========================================================================
Received Import Request.
  Time since last request: 0.000019 seconds.
  path: Assets/Flooded_Grounds/Content/Meshes/mBuildings/mBarns/Barn2_Mid_A.fbx
  artifactKey: Guid(01eff2904fad4694da0b622ebc3b8a19) Importer(2089858483,b0f066a214c2f5e87bad3c948f4d605d)
Start importing Assets/Flooded_Grounds/Content/Meshes/mBuildings/mBarns/Barn2_Mid_A.fbx using Guid(01eff2904fad4694da0b622ebc3b8a19) Importer(2089858483,b0f066a214c2f5e87bad3c948f4d605d) (ScriptedImporter) -> (artifact id: '6840780175d7801b4cdb5d1520863607') in 0.0295132 seconds
Number of updated asset objects reloaded before import = 0Number of asset objects unloaded after import = 7

========================================================================
Received Import Request.
  Time since last request: 0.000040 seconds.
  path: Assets/Flooded_Grounds/PostProcessing/Runtime/Components/ColorGradingComponent.cs
  artifactKey: Guid(9baf73db7c9fc1b478f4a0a1000c86f5) Importer(2089858483,b0f066a214c2f5e87bad3c948f4d605d)
Start importing Assets/Flooded_Grounds/PostProcessing/Runtime/Components/ColorGradingComponent.cs using Guid(9baf73db7c9fc1b478f4a0a1000c86f5) Importer(2089858483,b0f066a214c2f5e87bad3c948f4d605d) (ScriptedImporter) -> (artifact id: '25354580a4ba46efbd0284e8188baf75') in 0.0131888 seconds
Number of updated asset objects reloaded before import = 0Number of asset objects unloaded after import = 0

========================================================================
Received Import Request.
  Time since last request: 0.000086 seconds.
  path: Assets/Flooded_Grounds/Content/Materials/BLD_Structures2.mat
  artifactKey: Guid(059f40424b9d4674ebaed350bd5e0c2f) Importer(2089858483,b0f066a214c2f5e87bad3c948f4d605d)
Start importing Assets/Flooded_Grounds/Content/Materials/BLD_Structures2.mat using Guid(059f40424b9d4674ebaed350bd5e0c2f) Importer(2089858483,b0f066a214c2f5e87bad3c948f4d605d) (ScriptedImporter) -> (artifact id: '007755f9000adaf8d8bb5adfa429d5c8') in 0.0457734 seconds
Number of updated asset objects reloaded before import = 0Number of asset objects unloaded after import = 7

========================================================================
Received Import Request.
  Time since last request: 0.000017 seconds.
  path: Assets/Flooded_Grounds/Prefabs/Nature/Grass/Grass_Small_C.prefab
  artifactKey: Guid(1d2935b10b358a344ad9cf0a415ea3fb) Importer(2089858483,b0f066a214c2f5e87bad3c948f4d605d)
Start importing Assets/Flooded_Grounds/Prefabs/Nature/Grass/Grass_Small_C.prefab using Guid(1d2935b10b358a344ad9cf0a415ea3fb) Importer(2089858483,b0f066a214c2f5e87bad3c948f4d605d) (ScriptedImporter) -> (artifact id: 'ea4104803d167cb7a5c7a8c32ffac532') in 0.0127496 seconds
Number of updated asset objects reloaded before import = 0Number of asset objects unloaded after import = 8

========================================================================
Received Import Request.
  Time since last request: 0.000024 seconds.
  path: Assets/Flooded_Grounds/Content/Meshes/mBuildings/mVilla1/Villa1_Ext_A_COL.fbx
  artifactKey: Guid(f583dd76cea3c4a429589540dd9994c1) Importer(2089858483,b0f066a214c2f5e87bad3c948f4d605d)
Start importing Assets/Flooded_Grounds/Content/Meshes/mBuildings/mVilla1/Villa1_Ext_A_COL.fbx using Guid(f583dd76cea3c4a429589540dd9994c1) Importer(2089858483,b0f066a214c2f5e87bad3c948f4d605d) (ScriptedImporter) -> (artifact id: 'e2b1d5914b48748ed69144e130d875b6') in 0.0149716 seconds
Number of updated asset objects reloaded before import = 0Number of asset objects unloaded after import = 7

========================================================================
Received Import Request.
  Time since last request: 0.000022 seconds.
  path: Assets/Flooded_Grounds/Content/Meshes/mBuildings/mGuardHouse/GuardHouse_A_COL.fbx
  artifactKey: Guid(988d5f4ac9e71d249a47aef8d86d7c5d) Importer(2089858483,b0f066a214c2f5e87bad3c948f4d605d)
Start importing Assets/Flooded_Grounds/Content/Meshes/mBuildings/mGuardHouse/GuardHouse_A_COL.fbx using Guid(988d5f4ac9e71d249a47aef8d86d7c5d) Importer(2089858483,b0f066a214c2f5e87bad3c948f4d605d) (ScriptedImporter) -> (artifact id: '925d2589cc0fc575c99d183e9e98ac30') in 0.0155177 seconds
Number of updated asset objects reloaded before import = 0Number of asset objects unloaded after import = 7

========================================================================
Received Import Request.
  Time since last request: 0.000020 seconds.
  path: Assets/Flooded_Grounds/Content/Meshes/mBuildings/mStructures/Struct_FloodWall_A_COL.fbx
  artifactKey: Guid(9b8fc7a98811fbb42af918ad62747767) Importer(2089858483,b0f066a214c2f5e87bad3c948f4d605d)
Start importing Assets/Flooded_Grounds/Content/Meshes/mBuildings/mStructures/Struct_FloodWall_A_COL.fbx using Guid(9b8fc7a98811fbb42af918ad62747767) Importer(2089858483,b0f066a214c2f5e87bad3c948f4d605d) (ScriptedImporter) -> (artifact id: '7bf8f1bb6264115fafa1813a8265ba35') in 0.0140052 seconds
Number of updated asset objects reloaded before import = 0Number of asset objects unloaded after import = 7

========================================================================
Received Import Request.
  Time since last request: 0.000019 seconds.
  path: Assets/Flooded_Grounds/Prefabs/Nature/Bushes/DecoBush_C.prefab
  artifactKey: Guid(4d42826861e3f864c8c01be559eeb48a) Importer(2089858483,b0f066a214c2f5e87bad3c948f4d605d)
Start importing Assets/Flooded_Grounds/Prefabs/Nature/Bushes/DecoBush_C.prefab using Guid(4d42826861e3f864c8c01be559eeb48a) Importer(2089858483,b0f066a214c2f5e87bad3c948f4d605d) (ScriptedImporter) -> (artifact id: '5da1d4f3ddf61dcd46e36f32660f3d07') in 0.0169294 seconds
Number of updated asset objects reloaded before import = 0Number of asset objects unloaded after import = 10

========================================================================
Received Import Request.
  Time since last request: 0.000018 seconds.
  path: Assets/Flooded_Grounds/Content/Meshes/mNature/mGrass/Grass_Tall_B.fbx
  artifactKey: Guid(5502328da92d24740a90a78763d613d8) Importer(2089858483,b0f066a214c2f5e87bad3c948f4d605d)
Start importing Assets/Flooded_Grounds/Content/Meshes/mNature/mGrass/Grass_Tall_B.fbx using Guid(5502328da92d24740a90a78763d613d8) Importer(2089858483,b0f066a214c2f5e87bad3c948f4d605d) (ScriptedImporter) -> (artifact id: '6057b57e80bb9d41407143e0a9f8e6f0') in 0.0142498 seconds
Number of updated asset objects reloaded before import = 0Number of asset objects unloaded after import = 7

========================================================================
Received Import Request.
  Time since last request: 0.000023 seconds.
  path: Assets/Flooded_Grounds/Content/Meshes/mNature/mGrass/Grass_Small_C.fbx
  artifactKey: Guid(ba45a76b7b45f27419de4b1326102dfa) Importer(2089858483,b0f066a214c2f5e87bad3c948f4d605d)
Start importing Assets/Flooded_Grounds/Content/Meshes/mNature/mGrass/Grass_Small_C.fbx using Guid(ba45a76b7b45f27419de4b1326102dfa) Importer(2089858483,b0f066a214c2f5e87bad3c948f4d605d) (ScriptedImporter) -> (artifact id: 'd67b286bd9ef13b96aa06062332a3910') in 0.0139662 seconds
Number of updated asset objects reloaded before import = 0Number of asset objects unloaded after import = 7

========================================================================
Received Import Request.
  Time since last request: 0.000029 seconds.
  path: Assets/Flooded_Grounds/Content/Meshes/mBuildings/mIndBuilding2/IndBuilding2_End_A_COL.fbx
  artifactKey: Guid(8b54c91ea215d384883618411826f44b) Importer(2089858483,b0f066a214c2f5e87bad3c948f4d605d)
Start importing Assets/Flooded_Grounds/Content/Meshes/mBuildings/mIndBuilding2/IndBuilding2_End_A_COL.fbx using Guid(8b54c91ea215d384883618411826f44b) Importer(2089858483,b0f066a214c2f5e87bad3c948f4d605d) (ScriptedImporter) -> (artifact id: 'f6aa06f59d86a32704817c6e5033b3bf') in 0.0166589 seconds
Number of updated asset objects reloaded before import = 0Number of asset objects unloaded after import = 7

========================================================================
Received Import Request.
  Time since last request: 0.000017 seconds.
  path: Assets/Flooded_Grounds/Prefabs/Buildings/Villa1/Villa1_Wall_Int_A.prefab
  artifactKey: Guid(b3697fca2cda39f418b6b897bcf90cf6) Importer(2089858483,b0f066a214c2f5e87bad3c948f4d605d)
Start importing Assets/Flooded_Grounds/Prefabs/Buildings/Villa1/Villa1_Wall_Int_A.prefab using Guid(b3697fca2cda39f418b6b897bcf90cf6) Importer(2089858483,b0f066a214c2f5e87bad3c948f4d605d) (ScriptedImporter) -> (artifact id: '96f50e7b948d97c6aa7aa085585dd888') in 0.0124474 seconds
Number of updated asset objects reloaded before import = 0Number of asset objects unloaded after import = 9

========================================================================
Received Import Request.
  Time since last request: 0.000019 seconds.
  path: Assets/Flooded_Grounds/PostProcessing/Runtime/Models/ColorGradingModel.cs
  artifactKey: Guid(fe146bcdc1fb8ae4ab7dd803982d3489) Importer(2089858483,b0f066a214c2f5e87bad3c948f4d605d)
Start importing Assets/Flooded_Grounds/PostProcessing/Runtime/Models/ColorGradingModel.cs using Guid(fe146bcdc1fb8ae4ab7dd803982d3489) Importer(2089858483,b0f066a214c2f5e87bad3c948f4d605d) (ScriptedImporter) -> (artifact id: '8a353e22c5bfb11b2c0fc05785fcc9ae') in 0.0093342 seconds
Number of updated asset objects reloaded before import = 0Number of asset objects unloaded after import = 0

========================================================================
Received Import Request.
  Time since last request: 0.000022 seconds.
  path: Assets/Flooded_Grounds/Prefabs/Buildings/Villa1/Villa1_Floor_Mid_A.prefab
  artifactKey: Guid(1893b7edd0ad11b4e9f6f17eeb9455b6) Importer(2089858483,b0f066a214c2f5e87bad3c948f4d605d)
Start importing Assets/Flooded_Grounds/Prefabs/Buildings/Villa1/Villa1_Floor_Mid_A.prefab using Guid(1893b7edd0ad11b4e9f6f17eeb9455b6) Importer(2089858483,b0f066a214c2f5e87bad3c948f4d605d) (ScriptedImporter) -> (artifact id: '09143c07926e4d7d69a0b5cd9b27b213') in 0.0151897 seconds
Number of updated asset objects reloaded before import = 0Number of asset objects unloaded after import = 9

========================================================================
Received Import Request.
  Time since last request: 0.000022 seconds.
  path: Assets/Flooded_Grounds/PostProcessing/Runtime/Components/FogComponent.cs
  artifactKey: Guid(d0363c1cc7de62b4989190994103f5e2) Importer(2089858483,b0f066a214c2f5e87bad3c948f4d605d)
Start importing Assets/Flooded_Grounds/PostProcessing/Runtime/Components/FogComponent.cs using Guid(d0363c1cc7de62b4989190994103f5e2) Importer(2089858483,b0f066a214c2f5e87bad3c948f4d605d) (ScriptedImporter) -> (artifact id: 'f704593f24bbaef8759053167d9a8774') in 0.0096781 seconds
Number of updated asset objects reloaded before import = 0Number of asset objects unloaded after import = 0

========================================================================
Received Import Request.
  Time since last request: 0.000025 seconds.
  path: Assets/Flooded_Grounds/Prefabs/Buildings/Structures1/Struct_Fence1_Gate_A.prefab
  artifactKey: Guid(5ef9b8247006c384f8209c0e0018d51e) Importer(2089858483,b0f066a214c2f5e87bad3c948f4d605d)
Start importing Assets/Flooded_Grounds/Prefabs/Buildings/Structures1/Struct_Fence1_Gate_A.prefab using Guid(5ef9b8247006c384f8209c0e0018d51e) Importer(2089858483,b0f066a214c2f5e87bad3c948f4d605d) (ScriptedImporter) -> (artifact id: '5c291124ac301e8f17c555074dab965f') in 0.0123527 seconds
Number of updated asset objects reloaded before import = 0Number of asset objects unloaded after import = 23

========================================================================
Received Import Request.
  Time since last request: 0.000019 seconds.
  path: Assets/Flooded_Grounds/PostProcessing/Runtime/Models
  artifactKey: Guid(8d5a699332eb8a9499077fa4bcd4e0a0) Importer(2089858483,b0f066a214c2f5e87bad3c948f4d605d)
Start importing Assets/Flooded_Grounds/PostProcessing/Runtime/Models using Guid(8d5a699332eb8a9499077fa4bcd4e0a0) Importer(2089858483,b0f066a214c2f5e87bad3c948f4d605d) (ScriptedImporter) -> (artifact id: '13526d077c0d9d89c398bf031f8b2cfa') in 0.0106988 seconds
Number of updated asset objects reloaded before import = 0Number of asset objects unloaded after import = 1

========================================================================
Received Import Request.
  Time since last request: 0.000017 seconds.
  path: Assets/Flooded_Grounds/Prefabs/Buildings/IndBuilding1/IndBuilding1_Base_Stairs.prefab
  artifactKey: Guid(844d555ff5b93b246b2e27f48bc4732f) Importer(2089858483,b0f066a214c2f5e87bad3c948f4d605d)
Start importing Assets/Flooded_Grounds/Prefabs/Buildings/IndBuilding1/IndBuilding1_Base_Stairs.prefab using Guid(844d555ff5b93b246b2e27f48bc4732f) Importer(2089858483,b0f066a214c2f5e87bad3c948f4d605d) (ScriptedImporter) -> (artifact id: '4b56193a6fdaccb0c17e68a3b223a61f') in 0.0128853 seconds
Number of updated asset objects reloaded before import = 0Number of asset objects unloaded after import = 9

========================================================================
Received Import Request.
  Time since last request: 0.000019 seconds.
  path: Assets/Flooded_Grounds/PostProcessing/Editor/Utils
  artifactKey: Guid(b52c69ccefdae7545bfb4d0bf9b7df71) Importer(2089858483,b0f066a214c2f5e87bad3c948f4d605d)
Start importing Assets/Flooded_Grounds/PostProcessing/Editor/Utils using Guid(b52c69ccefdae7545bfb4d0bf9b7df71) Importer(2089858483,b0f066a214c2f5e87bad3c948f4d605d) (ScriptedImporter) -> (artifact id: '53c1db610ee4527fd784c564c51b4c19') in 0.0101145 seconds
Number of updated asset objects reloaded before import = 0Number of asset objects unloaded after import = 1

========================================================================
Received Import Request.
  Time since last request: 0.000023 seconds.
  path: Assets/Flooded_Grounds/Prefabs/Buildings/Villa2/Villa2_Floor_Mid_B.prefab
  artifactKey: Guid(ee1b5b58c90552741b2e3276d8b5db74) Importer(2089858483,b0f066a214c2f5e87bad3c948f4d605d)
Start importing Assets/Flooded_Grounds/Prefabs/Buildings/Villa2/Villa2_Floor_Mid_B.prefab using Guid(ee1b5b58c90552741b2e3276d8b5db74) Importer(2089858483,b0f066a214c2f5e87bad3c948f4d605d) (ScriptedImporter) -> (artifact id: 'fedc0e534bc9504162fc1f0c9296d29e') in 0.0150361 seconds
Number of updated asset objects reloaded before import = 0Number of asset objects unloaded after import = 9

========================================================================
Received Import Request.
  Time since last request: 0.000032 seconds.
  path: Assets/Flooded_Grounds/Prefabs/Buildings/Churches
  artifactKey: Guid(57eced2b5a5e91a46a254c4ff0fd82f4) Importer(2089858483,b0f066a214c2f5e87bad3c948f4d605d)
Start importing Assets/Flooded_Grounds/Prefabs/Buildings/Churches using Guid(57eced2b5a5e91a46a254c4ff0fd82f4) Importer(2089858483,b0f066a214c2f5e87bad3c948f4d605d) (ScriptedImporter) -> (artifact id: 'a1467064001e78c80408fd975413b9cf') in 0.0083319 seconds
Number of updated asset objects reloaded before import = 0Number of asset objects unloaded after import = 1

========================================================================
Received Import Request.
  Time since last request: 0.000017 seconds.
  path: Assets/Flooded_Grounds/Prefabs/Buildings/Villa2/Villa2_Deco_Column_Base_A.prefab
  artifactKey: Guid(afdad0efc675a5f4a88b20acb7b88dd5) Importer(2089858483,b0f066a214c2f5e87bad3c948f4d605d)
Start importing Assets/Flooded_Grounds/Prefabs/Buildings/Villa2/Villa2_Deco_Column_Base_A.prefab using Guid(afdad0efc675a5f4a88b20acb7b88dd5) Importer(2089858483,b0f066a214c2f5e87bad3c948f4d605d) (ScriptedImporter) -> (artifact id: '2c3f383d14704e237bdfbc3e916db193') in 0.0133819 seconds
Number of updated asset objects reloaded before import = 0Number of asset objects unloaded after import = 9

========================================================================
Received Import Request.
  Time since last request: 0.000017 seconds.
  path: Assets/Flooded_Grounds/Content/Textures/PROP_RugsPaintigs1_A.tif
  artifactKey: Guid(dfcb20adef4f1014ea0668125cf5047b) Importer(2089858483,b0f066a214c2f5e87bad3c948f4d605d)
Start importing Assets/Flooded_Grounds/Content/Textures/PROP_RugsPaintigs1_A.tif using Guid(dfcb20adef4f1014ea0668125cf5047b) Importer(2089858483,b0f066a214c2f5e87bad3c948f4d605d) (ScriptedImporter) -> (artifact id: '17448b1d21fe9e574678bed97f74a017') in 0.0129932 seconds
Number of updated asset objects reloaded before import = 0Number of asset objects unloaded after import = 1

========================================================================
Received Import Request.
  Time since last request: 0.000015 seconds.
  path: Assets/Flooded_Grounds/Prefabs/Nature/Trees/TreeCreator_Bush_A_Textures/shadow.png
  artifactKey: Guid(ce08a8e647694cc48a7dd995dd54d241) Importer(2089858483,b0f066a214c2f5e87bad3c948f4d605d)
Start importing Assets/Flooded_Grounds/Prefabs/Nature/Trees/TreeCreator_Bush_A_Textures/shadow.png using Guid(ce08a8e647694cc48a7dd995dd54d241) Importer(2089858483,b0f066a214c2f5e87bad3c948f4d605d) (ScriptedImporter) -> (artifact id: '0a9fb241e291a64189b58444474915c4') in 0.0206806 seconds
Number of updated asset objects reloaded before import = 0Number of asset objects unloaded after import = 1

========================================================================
Received Import Request.
  Time since last request: 0.000022 seconds.
  path: Assets/Flooded_Grounds/Prefabs/Nature/Trees/TreeCreator_Tall_C_Dead_Textures
  artifactKey: Guid(b89ba6d80db2e2242ae0c2d388a1066b) Importer(2089858483,b0f066a214c2f5e87bad3c948f4d605d)
Start importing Assets/Flooded_Grounds/Prefabs/Nature/Trees/TreeCreator_Tall_C_Dead_Textures using Guid(b89ba6d80db2e2242ae0c2d388a1066b) Importer(2089858483,b0f066a214c2f5e87bad3c948f4d605d) (ScriptedImporter) -> (artifact id: '618c92fec524e8e5862016e622228bbc') in 0.0143974 seconds
Number of updated asset objects reloaded before import = 0Number of asset objects unloaded after import = 1

========================================================================
Received Import Request.
  Time since last request: 0.000025 seconds.
  path: Assets/Flooded_Grounds/PostProcessing/Resources/Bluenoise64/LDR_LLL1_35.png
  artifactKey: Guid(0a79c155edf9b2d429d4736abee5acdb) Importer(2089858483,b0f066a214c2f5e87bad3c948f4d605d)
Start importing Assets/Flooded_Grounds/PostProcessing/Resources/Bluenoise64/LDR_LLL1_35.png using Guid(0a79c155edf9b2d429d4736abee5acdb) Importer(2089858483,b0f066a214c2f5e87bad3c948f4d605d) (ScriptedImporter) -> (artifact id: 'b1abe7f67b217fbc43853d732c0b97c7') in 0.0218048 seconds
Number of updated asset objects reloaded before import = 0Number of asset objects unloaded after import = 1

========================================================================
Received Import Request.
  Time since last request: 0.000022 seconds.
  path: Assets/Flooded_Grounds/PostProcessing/Editor/Monitors/ParadeMonitor.cs
  artifactKey: Guid(b1f878f3742072e40a280683573bd0ee) Importer(2089858483,b0f066a214c2f5e87bad3c948f4d605d)
Start importing Assets/Flooded_Grounds/PostProcessing/Editor/Monitors/ParadeMonitor.cs using Guid(b1f878f3742072e40a280683573bd0ee) Importer(2089858483,b0f066a214c2f5e87bad3c948f4d605d) (ScriptedImporter) -> (artifact id: '3b9ba1715ad07f242431b2e9906c0066') in 0.0097284 seconds
Number of updated asset objects reloaded before import = 0Number of asset objects unloaded after import = 0

========================================================================
Received Import Request.
  Time since last request: 0.000020 seconds.
  path: Assets/Flooded_Grounds/PostProcessing/Resources/Bluenoise64/LDR_LLL1_40.png
  artifactKey: Guid(1a9ce5640cde5934aae0022f020464a6) Importer(2089858483,b0f066a214c2f5e87bad3c948f4d605d)
Start importing Assets/Flooded_Grounds/PostProcessing/Resources/Bluenoise64/LDR_LLL1_40.png using Guid(1a9ce5640cde5934aae0022f020464a6) Importer(2089858483,b0f066a214c2f5e87bad3c948f4d605d) (ScriptedImporter) -> (artifact id: '9dbfe72a0d1e697b094963ad3bc491f5') in 0.0125771 seconds
Number of updated asset objects reloaded before import = 0Number of asset objects unloaded after import = 1

========================================================================
Received Import Request.
  Time since last request: 0.000018 seconds.
  path: Assets/Flooded_Grounds/Content/Trees/SrcTextures/FOL_Branch2_N.tif
  artifactKey: Guid(a7012ccbfd374b84a89fd27deeab137b) Importer(2089858483,b0f066a214c2f5e87bad3c948f4d605d)
Start importing Assets/Flooded_Grounds/Content/Trees/SrcTextures/FOL_Branch2_N.tif using Guid(a7012ccbfd374b84a89fd27deeab137b) Importer(2089858483,b0f066a214c2f5e87bad3c948f4d605d) (ScriptedImporter) -> (artifact id: '1d690d91059b7de4dc402fe786211c73') in 0.0140795 seconds
Number of updated asset objects reloaded before import = 0Number of asset objects unloaded after import = 1

========================================================================
Received Import Request.
  Time since last request: 0.000017 seconds.
  path: Assets/Flooded_Grounds/Prefabs/Nature/Grass/Grass_Small_D.prefab
  artifactKey: Guid(883e84064e0818d46b851b53952056f7) Importer(2089858483,b0f066a214c2f5e87bad3c948f4d605d)
Start importing Assets/Flooded_Grounds/Prefabs/Nature/Grass/Grass_Small_D.prefab using Guid(883e84064e0818d46b851b53952056f7) Importer(2089858483,b0f066a214c2f5e87bad3c948f4d605d) (ScriptedImporter) -> (artifact id: 'c1dc1bcbd20c2aa2e4e5bc4c4bda8b68') in 0.01449 seconds
Number of updated asset objects reloaded before import = 0Number of asset objects unloaded after import = 8

========================================================================
Received Import Request.
  Time since last request: 0.000037 seconds.
  path: Assets/Flooded_Grounds/Prefabs/Backgrounds/BGR_Factory_B.prefab
  artifactKey: Guid(6af6d0b9ef2bca54cb04f979d921648d) Importer(2089858483,b0f066a214c2f5e87bad3c948f4d605d)
Start importing Assets/Flooded_Grounds/Prefabs/Backgrounds/BGR_Factory_B.prefab using Guid(6af6d0b9ef2bca54cb04f979d921648d) Importer(2089858483,b0f066a214c2f5e87bad3c948f4d605d) (ScriptedImporter) -> (artifact id: '56744f2f89e061d42a5be07423d501cd') in 0.0149886 seconds
Number of updated asset objects reloaded before import = 0Number of asset objects unloaded after import = 8

========================================================================
Received Import Request.
  Time since last request: 0.000017 seconds.
  path: Assets/Flooded_Grounds/Content/Trees/SrcPrefabs/BushBranch1.prefab
  artifactKey: Guid(51ea3179b0b8c264f904d1f2b41994d4) Importer(2089858483,b0f066a214c2f5e87bad3c948f4d605d)
Start importing Assets/Flooded_Grounds/Content/Trees/SrcPrefabs/BushBranch1.prefab using Guid(51ea3179b0b8c264f904d1f2b41994d4) Importer(2089858483,b0f066a214c2f5e87bad3c948f4d605d) (ScriptedImporter) -> (artifact id: 'f6eaeb18f62e738f41c487e3b5e33d47') in 0.0130403 seconds
Number of updated asset objects reloaded before import = 0Number of asset objects unloaded after import = 10

========================================================================
Received Import Request.
  Time since last request: 0.000025 seconds.
  path: Assets/Flooded_Grounds/PostProcessing/Runtime/Components/AmbientOcclusionComponent.cs
  artifactKey: Guid(c6e33ce72d3776b408121f946283403d) Importer(2089858483,b0f066a214c2f5e87bad3c948f4d605d)
Start importing Assets/Flooded_Grounds/PostProcessing/Runtime/Components/AmbientOcclusionComponent.cs using Guid(c6e33ce72d3776b408121f946283403d) Importer(2089858483,b0f066a214c2f5e87bad3c948f4d605d) (ScriptedImporter) -> (artifact id: 'e6b5df50eafffa40b29a393f1fbfc8d4') in 0.0087892 seconds
Number of updated asset objects reloaded before import = 0Number of asset objects unloaded after import = 0

========================================================================
Received Import Request.
  Time since last request: 0.000018 seconds.
  path: Assets/_TerrainAutoUpgrade/layer_GR_Dirt1_ASGR_Dirt1_N3d1cca0d6d0e9938.terrainlayer
  artifactKey: Guid(02d2f305e1fcd1540bc526987abef3d0) Importer(2089858483,b0f066a214c2f5e87bad3c948f4d605d)
Start importing Assets/_TerrainAutoUpgrade/layer_GR_Dirt1_ASGR_Dirt1_N3d1cca0d6d0e9938.terrainlayer using Guid(02d2f305e1fcd1540bc526987abef3d0) Importer(2089858483,b0f066a214c2f5e87bad3c948f4d605d) (ScriptedImporter) -> (artifact id: '7c64d736ecf8844998e1f01581a65bef') in 0.0119225 seconds
Number of updated asset objects reloaded before import = 0Number of asset objects unloaded after import = 3

========================================================================
Received Import Request.
  Time since last request: 0.000017 seconds.
  path: Assets/Flooded_Grounds/Content/Shaders/FG_PBR_Water.shader
  artifactKey: Guid(ff4f7c50660ba9b4495472673ef5af91) Importer(2089858483,b0f066a214c2f5e87bad3c948f4d605d)
Start importing Assets/Flooded_Grounds/Content/Shaders/FG_PBR_Water.shader using Guid(ff4f7c50660ba9b4495472673ef5af91) Importer(2089858483,b0f066a214c2f5e87bad3c948f4d605d) (ScriptedImporter) -> (artifact id: '73902eedc14ea67f342572fbb45d31f2') in 0.0133516 seconds
Number of updated asset objects reloaded before import = 0Number of asset objects unloaded after import = 1

========================================================================
Received Import Request.
  Time since last request: 0.000027 seconds.
  path: Assets/Flooded_Grounds/Prefabs/Buildings/IndBuilding1/IndBuilding1_Wall_Mid_C.prefab
  artifactKey: Guid(fe546dac68b4ae943a161dec60c98fed) Importer(2089858483,b0f066a214c2f5e87bad3c948f4d605d)
Start importing Assets/Flooded_Grounds/Prefabs/Buildings/IndBuilding1/IndBuilding1_Wall_Mid_C.prefab using Guid(fe546dac68b4ae943a161dec60c98fed) Importer(2089858483,b0f066a214c2f5e87bad3c948f4d605d) (ScriptedImporter) -> (artifact id: '0f2f3e0c34c30bfb35ab1ec5d3be99b2') in 0.0156831 seconds
Number of updated asset objects reloaded before import = 0Number of asset objects unloaded after import = 9

========================================================================
Received Import Request.
  Time since last request: 0.000016 seconds.
  path: Assets/Flooded_Grounds/Prefabs/Buildings/BrickHouse/BrickHouse_Floor_Mid_A_DM_B.prefab
  artifactKey: Guid(172519860681a8b4cba807037132dde8) Importer(2089858483,b0f066a214c2f5e87bad3c948f4d605d)
Start importing Assets/Flooded_Grounds/Prefabs/Buildings/BrickHouse/BrickHouse_Floor_Mid_A_DM_B.prefab using Guid(172519860681a8b4cba807037132dde8) Importer(2089858483,b0f066a214c2f5e87bad3c948f4d605d) (ScriptedImporter) -> (artifact id: '1167ffcd367af068929e407d3304d9e0') in 0.01291 seconds
Number of updated asset objects reloaded before import = 0Number of asset objects unloaded after import = 10

========================================================================
Received Import Request.
  Time since last request: 0.000017 seconds.
  path: Assets/Flooded_Grounds/Content/Meshes/mProps/Prop_Ship_A.fbx
  artifactKey: Guid(d7331aa52cb7719449bc9e0fbb3f671c) Importer(2089858483,b0f066a214c2f5e87bad3c948f4d605d)
Start importing Assets/Flooded_Grounds/Content/Meshes/mProps/Prop_Ship_A.fbx using Guid(d7331aa52cb7719449bc9e0fbb3f671c) Importer(2089858483,b0f066a214c2f5e87bad3c948f4d605d) (ScriptedImporter) -> (artifact id: '87130a00ff55ab0236dae6e9ca5d000f') in 0.0321651 seconds
Number of updated asset objects reloaded before import = 0Number of asset objects unloaded after import = 25

========================================================================
Received Import Request.
  Time since last request: 0.000046 seconds.
  path: Assets/Flooded_Grounds/Content/Textures/PROP_Ship1_N.tif
  artifactKey: Guid(95451f45b900f014284693710dc4c8d7) Importer(2089858483,b0f066a214c2f5e87bad3c948f4d605d)
Start importing Assets/Flooded_Grounds/Content/Textures/PROP_Ship1_N.tif using Guid(95451f45b900f014284693710dc4c8d7) Importer(2089858483,b0f066a214c2f5e87bad3c948f4d605d) (ScriptedImporter) -> (artifact id: 'd1847e287b105b58835e80a0d79ac50e') in 0.0243448 seconds
Number of updated asset objects reloaded before import = 0Number of asset objects unloaded after import = 1

========================================================================
Received Import Request.
  Time since last request: 0.000023 seconds.
  path: Assets/Flooded_Grounds/Prefabs/Buildings/GuardHouse
  artifactKey: Guid(606f110ee7029a54aac14374cb588910) Importer(2089858483,b0f066a214c2f5e87bad3c948f4d605d)
Start importing Assets/Flooded_Grounds/Prefabs/Buildings/GuardHouse using Guid(606f110ee7029a54aac14374cb588910) Importer(2089858483,b0f066a214c2f5e87bad3c948f4d605d) (ScriptedImporter) -> (artifact id: 'd48c4c8c139ddd0b7bb0199f7dd62f52') in 0.010184 seconds
Number of updated asset objects reloaded before import = 0Number of asset objects unloaded after import = 1

========================================================================
Received Import Request.
  Time since last request: 0.000026 seconds.
  path: Assets/Flooded_Grounds/PostProcessing/Textures/Spectral LUTs/SpectralLut_GreenPurple.tga
  artifactKey: Guid(4a8f054acfbd08043a931cd22760758d) Importer(2089858483,b0f066a214c2f5e87bad3c948f4d605d)
Start importing Assets/Flooded_Grounds/PostProcessing/Textures/Spectral LUTs/SpectralLut_GreenPurple.tga using Guid(4a8f054acfbd08043a931cd22760758d) Importer(2089858483,b0f066a214c2f5e87bad3c948f4d605d) (ScriptedImporter) -> (artifact id: 'bc0aededcc6e94b8190440ab539a97a5') in 0.0109375 seconds
Number of updated asset objects reloaded before import = 0Number of asset objects unloaded after import = 1

========================================================================
Received Import Request.
  Time since last request: 0.000014 seconds.
  path: Assets/Flooded_Grounds/Content/Trees/SrcMeshes
  artifactKey: Guid(d90b1c1f809a0e64c90bbc1479fa7c96) Importer(2089858483,b0f066a214c2f5e87bad3c948f4d605d)
Start importing Assets/Flooded_Grounds/Content/Trees/SrcMeshes using Guid(d90b1c1f809a0e64c90bbc1479fa7c96) Importer(2089858483,b0f066a214c2f5e87bad3c948f4d605d) (ScriptedImporter) -> (artifact id: '2a74833f1cf15773d4b636a1c3ca2986') in 0.008112 seconds
Number of updated asset objects reloaded before import = 0Number of asset objects unloaded after import = 1

========================================================================
Received Import Request.
  Time since last request: 0.000012 seconds.
  path: Assets/Flooded_Grounds/Content/Meshes/mBuildings/mIndBuilding1
  artifactKey: Guid(9c7196b140adee949961ba0765ee0afe) Importer(2089858483,b0f066a214c2f5e87bad3c948f4d605d)
Start importing Assets/Flooded_Grounds/Content/Meshes/mBuildings/mIndBuilding1 using Guid(9c7196b140adee949961ba0765ee0afe) Importer(2089858483,b0f066a214c2f5e87bad3c948f4d605d) (ScriptedImporter) -> (artifact id: '313f6d3fe5e00373c43fee176765558b') in 0.0089505 seconds
Number of updated asset objects reloaded before import = 0Number of asset objects unloaded after import = 1

========================================================================
Received Import Request.
  Time since last request: 0.000014 seconds.
  path: Assets/Flooded_Grounds/Prefabs/Props/Prop_Rug_D.prefab
  artifactKey: Guid(e33a26c53858bbd42ae3880d4443fc61) Importer(2089858483,b0f066a214c2f5e87bad3c948f4d605d)
Start importing Assets/Flooded_Grounds/Prefabs/Props/Prop_Rug_D.prefab using Guid(e33a26c53858bbd42ae3880d4443fc61) Importer(2089858483,b0f066a214c2f5e87bad3c948f4d605d) (ScriptedImporter) -> (artifact id: '6eefa2d760a82c20590e5b9abd7b80a1') in 0.0125783 seconds
Number of updated asset objects reloaded before import = 0Number of asset objects unloaded after import = 8

========================================================================
Received Import Request.
  Time since last request: 0.000020 seconds.
  path: Assets/Flooded_Grounds/Content/Materials/BLD_Bridge1.mat
  artifactKey: Guid(5a13720bee0f5804d91f33010ed31391) Importer(2089858483,b0f066a214c2f5e87bad3c948f4d605d)
Start importing Assets/Flooded_Grounds/Content/Materials/BLD_Bridge1.mat using Guid(5a13720bee0f5804d91f33010ed31391) Importer(2089858483,b0f066a214c2f5e87bad3c948f4d605d) (ScriptedImporter) -> (artifact id: '6683855a33a503af6e6d3c6af9498da0') in 0.0359134 seconds
Number of updated asset objects reloaded before import = 0Number of asset objects unloaded after import = 10

========================================================================
Received Import Request.
  Time since last request: 0.000027 seconds.
  path: Assets/Flooded_Grounds/Prefabs/Buildings/Villa2/Villa2_Base_Mid_B.prefab
  artifactKey: Guid(996c6dd75e116554ea1985a8c9e8c8d2) Importer(2089858483,b0f066a214c2f5e87bad3c948f4d605d)
Start importing Assets/Flooded_Grounds/Prefabs/Buildings/Villa2/Villa2_Base_Mid_B.prefab using Guid(996c6dd75e116554ea1985a8c9e8c8d2) Importer(2089858483,b0f066a214c2f5e87bad3c948f4d605d) (ScriptedImporter) -> (artifact id: '08cbd7583c18aac1c625712592d09574') in 0.0141532 seconds
Number of updated asset objects reloaded before import = 0Number of asset objects unloaded after import = 9

========================================================================
Received Import Request.
  Time since last request: 0.000016 seconds.
  path: Assets/Flooded_Grounds/Prefabs/Buildings/BrickHouse/BrickHouse_Floor_End_A_DM_A.prefab
  artifactKey: Guid(e2e47abf26e89c2468ffd16360aa882a) Importer(2089858483,b0f066a214c2f5e87bad3c948f4d605d)
Start importing Assets/Flooded_Grounds/Prefabs/Buildings/BrickHouse/BrickHouse_Floor_End_A_DM_A.prefab using Guid(e2e47abf26e89c2468ffd16360aa882a) Importer(2089858483,b0f066a214c2f5e87bad3c948f4d605d) (ScriptedImporter) -> (artifact id: '59fd249a3df1c552208a155174644d01') in 0.0146875 seconds
Number of updated asset objects reloaded before import = 0Number of asset objects unloaded after import = 9

========================================================================
Received Import Request.
  Time since last request: 0.000014 seconds.
  path: Assets/Flooded_Grounds/Content/Meshes/mBuildings/mGuardHouse/GuardHouse_A.fbx
  artifactKey: Guid(21646104a6eba2e44b49baef6801449a) Importer(2089858483,b0f066a214c2f5e87bad3c948f4d605d)
Start importing Assets/Flooded_Grounds/Content/Meshes/mBuildings/mGuardHouse/GuardHouse_A.fbx using Guid(21646104a6eba2e44b49baef6801449a) Importer(2089858483,b0f066a214c2f5e87bad3c948f4d605d) (ScriptedImporter) -> (artifact id: 'f4260d899ce9ba83c1af5c9058032543') in 0.0168476 seconds
Number of updated asset objects reloaded before import = 0Number of asset objects unloaded after import = 7

========================================================================
Received Import Request.
  Time since last request: 0.000020 seconds.
  path: Assets/Flooded_Grounds/Prefabs/Buildings/GreenHouse/GreenHouse1_Deco_RoofPiece_A.prefab
  artifactKey: Guid(8285c49f490dd444382201a065d5f98b) Importer(2089858483,b0f066a214c2f5e87bad3c948f4d605d)
Start importing Assets/Flooded_Grounds/Prefabs/Buildings/GreenHouse/GreenHouse1_Deco_RoofPiece_A.prefab using Guid(8285c49f490dd444382201a065d5f98b) Importer(2089858483,b0f066a214c2f5e87bad3c948f4d605d) (ScriptedImporter) -> (artifact id: '1ec1f2a2dbf838b21ddee4d130d08b91') in 0.0119934 seconds
Number of updated asset objects reloaded before import = 0Number of asset objects unloaded after import = 8

========================================================================
Received Import Request.
  Time since last request: 0.000021 seconds.
  path: Assets/Flooded_Grounds/Content/Meshes/mBuildings/mIndBuilding2/IndBuilding2_End_B_COL.fbx
  artifactKey: Guid(12f0e8412849dce4bb9fc0fe173549e0) Importer(2089858483,b0f066a214c2f5e87bad3c948f4d605d)
Start importing Assets/Flooded_Grounds/Content/Meshes/mBuildings/mIndBuilding2/IndBuilding2_End_B_COL.fbx using Guid(12f0e8412849dce4bb9fc0fe173549e0) Importer(2089858483,b0f066a214c2f5e87bad3c948f4d605d) (ScriptedImporter) -> (artifact id: '399176a61981050b1a398de819eb0034') in 0.0147928 seconds
Number of updated asset objects reloaded before import = 0Number of asset objects unloaded after import = 7

========================================================================
Received Import Request.
  Time since last request: 0.000030 seconds.
  path: Assets/Flooded_Grounds/PostProcessing/Runtime/Models/AntialiasingModel.cs
  artifactKey: Guid(cb9a239ec5f20ca4cb5d0391441588de) Importer(2089858483,b0f066a214c2f5e87bad3c948f4d605d)
Start importing Assets/Flooded_Grounds/PostProcessing/Runtime/Models/AntialiasingModel.cs using Guid(cb9a239ec5f20ca4cb5d0391441588de) Importer(2089858483,b0f066a214c2f5e87bad3c948f4d605d) (ScriptedImporter) -> (artifact id: '692fb4f019334782f1f83ef36ec02c0d') in 0.0100102 seconds
Number of updated asset objects reloaded before import = 0Number of asset objects unloaded after import = 0

========================================================================
Received Import Request.
  Time since last request: 0.000014 seconds.
  path: Assets/Flooded_Grounds/Content/Meshes/mBuildings/mIndBuilding2/IndBuilding2_Mid_A_COL.fbx
  artifactKey: Guid(4975e2d81a915c84394157cd3b9be5c1) Importer(2089858483,b0f066a214c2f5e87bad3c948f4d605d)
Start importing Assets/Flooded_Grounds/Content/Meshes/mBuildings/mIndBuilding2/IndBuilding2_Mid_A_COL.fbx using Guid(4975e2d81a915c84394157cd3b9be5c1) Importer(2089858483,b0f066a214c2f5e87bad3c948f4d605d) (ScriptedImporter) -> (artifact id: '78d318f2ce1df39e383615ee7b9a01d6') in 0.0159971 seconds
Number of updated asset objects reloaded before import = 0Number of asset objects unloaded after import = 7

========================================================================
Received Import Request.
  Time since last request: 0.000018 seconds.
  path: Assets/Flooded_Grounds/Content/Meshes/mBuildings/mIndBuilding2/IndBuilding2_Mid_A.fbx
  artifactKey: Guid(b5602b5f98f59ef48a78d738df9103ea) Importer(2089858483,b0f066a214c2f5e87bad3c948f4d605d)
Start importing Assets/Flooded_Grounds/Content/Meshes/mBuildings/mIndBuilding2/IndBuilding2_Mid_A.fbx using Guid(b5602b5f98f59ef48a78d738df9103ea) Importer(2089858483,b0f066a214c2f5e87bad3c948f4d605d) (ScriptedImporter) -> (artifact id: '3c009517fdb0bf2a2d24d15e06ad77cb') in 0.0172013 seconds
Number of updated asset objects reloaded before import = 0Number of asset objects unloaded after import = 7

========================================================================
Received Import Request.
  Time since last request: 0.000015 seconds.
  path: Assets/Flooded_Grounds/Content/Meshes/mBuildings/mCabins/Cabin2_Door_A.fbx
  artifactKey: Guid(c6bf715f38b6c824d9099af62318db45) Importer(2089858483,b0f066a214c2f5e87bad3c948f4d605d)
Start importing Assets/Flooded_Grounds/Content/Meshes/mBuildings/mCabins/Cabin2_Door_A.fbx using Guid(c6bf715f38b6c824d9099af62318db45) Importer(2089858483,b0f066a214c2f5e87bad3c948f4d605d) (ScriptedImporter) -> (artifact id: '72673c1352435603b265fd0ebfaf2ac1') in 0.0172762 seconds
Number of updated asset objects reloaded before import = 0Number of asset objects unloaded after import = 7

========================================================================
Received Import Request.
  Time since last request: 0.000026 seconds.
  path: Assets/Flooded_Grounds/Prefabs/Buildings/Villa1/Villa1_Base_Stairs_A.prefab
  artifactKey: Guid(35a756c42404b894ea8cc2e61487fabb) Importer(2089858483,b0f066a214c2f5e87bad3c948f4d605d)
Start importing Assets/Flooded_Grounds/Prefabs/Buildings/Villa1/Villa1_Base_Stairs_A.prefab using Guid(35a756c42404b894ea8cc2e61487fabb) Importer(2089858483,b0f066a214c2f5e87bad3c948f4d605d) (ScriptedImporter) -> (artifact id: 'bcd46d5b09c4e4d0e1c4cf61f86551fe') in 0.0140564 seconds
Number of updated asset objects reloaded before import = 0Number of asset objects unloaded after import = 10

========================================================================
Received Import Request.
  Time since last request: 0.000032 seconds.
  path: Assets/Flooded_Grounds/Prefabs/Nature/Rocks
  artifactKey: Guid(b7952b799db09b74c907d5a77e337954) Importer(2089858483,b0f066a214c2f5e87bad3c948f4d605d)
Start importing Assets/Flooded_Grounds/Prefabs/Nature/Rocks using Guid(b7952b799db09b74c907d5a77e337954) Importer(2089858483,b0f066a214c2f5e87bad3c948f4d605d) (ScriptedImporter) -> (artifact id: '6f0865373791c4d3ed9593a5487acb52') in 0.0080981 seconds
Number of updated asset objects reloaded before import = 0Number of asset objects unloaded after import = 1

========================================================================
Received Import Request.
  Time since last request: 0.000017 seconds.
  path: Assets/Flooded_Grounds/PostProcessing/Editor/Models/ChromaticAberrationEditor.cs
  artifactKey: Guid(8a713f71a0169794a915a081f6242f60) Importer(2089858483,b0f066a214c2f5e87bad3c948f4d605d)
Start importing Assets/Flooded_Grounds/PostProcessing/Editor/Models/ChromaticAberrationEditor.cs using Guid(8a713f71a0169794a915a081f6242f60) Importer(2089858483,b0f066a214c2f5e87bad3c948f4d605d) (ScriptedImporter) -> (artifact id: 'e8bbbde61c4b87a4ac9e1360e779017d') in 0.0100886 seconds
Number of updated asset objects reloaded before import = 0Number of asset objects unloaded after import = 0

========================================================================
Received Import Request.
  Time since last request: 0.000022 seconds.
  path: Assets/Flooded_Grounds/Prefabs/Props/Prop_Boat_A_Bobbing.prefab
  artifactKey: Guid(62ee11b92543e8c4998d91298a81ac36) Importer(2089858483,b0f066a214c2f5e87bad3c948f4d605d)
Start importing Assets/Flooded_Grounds/Prefabs/Props/Prop_Boat_A_Bobbing.prefab using Guid(62ee11b92543e8c4998d91298a81ac36) Importer(2089858483,b0f066a214c2f5e87bad3c948f4d605d) (ScriptedImporter) -> (artifact id: 'cccba29029f4c2c26f612f1366a217a3') in 0.0128277 seconds
Number of updated asset objects reloaded before import = 0Number of asset objects unloaded after import = 25

========================================================================
Received Import Request.
  Time since last request: 0.000021 seconds.
  path: Assets/Flooded_Grounds/Prefabs/Buildings/IndBuilding1/IndBuilding1_Deco_IntColumn_Mid.prefab
  artifactKey: Guid(dc203fb0cc8d7e34c8a64e7cba631d02) Importer(2089858483,b0f066a214c2f5e87bad3c948f4d605d)
Start importing Assets/Flooded_Grounds/Prefabs/Buildings/IndBuilding1/IndBuilding1_Deco_IntColumn_Mid.prefab using Guid(dc203fb0cc8d7e34c8a64e7cba631d02) Importer(2089858483,b0f066a214c2f5e87bad3c948f4d605d) (ScriptedImporter) -> (artifact id: 'fe5e441f585b65ac0037d0d749d09888') in 0.0135034 seconds
Number of updated asset objects reloaded before import = 0Number of asset objects unloaded after import = 9

========================================================================
Received Import Request.
  Time since last request: 0.000022 seconds.
  path: Assets/Flooded_Grounds/Prefabs/Nature/Rocks/CobbleRock_F.prefab
  artifactKey: Guid(758be797b2a1f0e48a305f88f9784d43) Importer(2089858483,b0f066a214c2f5e87bad3c948f4d605d)
Start importing Assets/Flooded_Grounds/Prefabs/Nature/Rocks/CobbleRock_F.prefab using Guid(758be797b2a1f0e48a305f88f9784d43) Importer(2089858483,b0f066a214c2f5e87bad3c948f4d605d) (ScriptedImporter) -> (artifact id: 'ac773f48fddb3bdab29dd4a38ce8cd7a') in 0.0166633 seconds
Number of updated asset objects reloaded before import = 0Number of asset objects unloaded after import = 20

========================================================================
Received Import Request.
  Time since last request: 0.000029 seconds.
  path: Assets/Flooded_Grounds/Content/Meshes/mBuildings/mVilla2/Villa2_Wall_Mid_B.fbx
  artifactKey: Guid(4fc2427df03ba68419dd6f947c1e7e7d) Importer(2089858483,b0f066a214c2f5e87bad3c948f4d605d)
Start importing Assets/Flooded_Grounds/Content/Meshes/mBuildings/mVilla2/Villa2_Wall_Mid_B.fbx using Guid(4fc2427df03ba68419dd6f947c1e7e7d) Importer(2089858483,b0f066a214c2f5e87bad3c948f4d605d) (ScriptedImporter) -> (artifact id: '0364a411d099bdaaefcf13abd8afe89d') in 0.0129862 seconds
Number of updated asset objects reloaded before import = 0Number of asset objects unloaded after import = 7

========================================================================
Received Import Request.
  Time since last request: 0.000016 seconds.
  path: Assets/Flooded_Grounds/PostProcessing/Resources/Shaders/Bloom.cginc
  artifactKey: Guid(7d1f4dd94c8e6e940b0730076ea7d6d9) Importer(2089858483,b0f066a214c2f5e87bad3c948f4d605d)
Start importing Assets/Flooded_Grounds/PostProcessing/Resources/Shaders/Bloom.cginc using Guid(7d1f4dd94c8e6e940b0730076ea7d6d9) Importer(2089858483,b0f066a214c2f5e87bad3c948f4d605d) (ScriptedImporter) -> (artifact id: '90db61cdde8d2e46769b33115404cbcf') in 0.0098637 seconds
Number of updated asset objects reloaded before import = 0Number of asset objects unloaded after import = 1

========================================================================
Received Import Request.
  Time since last request: 0.000014 seconds.
  path: Assets/Flooded_Grounds/Prefabs/Buildings/BrickHouse/BrickHouse_Mid_C.prefab
  artifactKey: Guid(3a7314dcf081b7f40a4bf8fc185bc9ad) Importer(2089858483,b0f066a214c2f5e87bad3c948f4d605d)
Start importing Assets/Flooded_Grounds/Prefabs/Buildings/BrickHouse/BrickHouse_Mid_C.prefab using Guid(3a7314dcf081b7f40a4bf8fc185bc9ad) Importer(2089858483,b0f066a214c2f5e87bad3c948f4d605d) (ScriptedImporter) -> (artifact id: 'af96a713ce1820289d44402b1da41557') in 0.0157598 seconds
Number of updated asset objects reloaded before import = 0Number of asset objects unloaded after import = 9

========================================================================
Received Import Request.
  Time since last request: 0.000017 seconds.
  path: Assets/Flooded_Grounds/Content/Materials/NAT_Rocks1.mat
  artifactKey: Guid(de18bcdd793065b41b94a4fe88816ca2) Importer(2089858483,b0f066a214c2f5e87bad3c948f4d605d)
Start importing Assets/Flooded_Grounds/Content/Materials/NAT_Rocks1.mat using Guid(de18bcdd793065b41b94a4fe88816ca2) Importer(2089858483,b0f066a214c2f5e87bad3c948f4d605d) (ScriptedImporter) -> (artifact id: 'dc22e6ad291076e38e24663721205d91') in 0.0222183 seconds
Number of updated asset objects reloaded before import = 0Number of asset objects unloaded after import = 9

========================================================================
Received Import Request.
  Time since last request: 0.000019 seconds.
  path: Assets/Flooded_Grounds/Content/Meshes/mBuildings/mBarns/Barn1_End_B.fbx
  artifactKey: Guid(7ed81267adc15c14d85de7c4f982cc75) Importer(2089858483,b0f066a214c2f5e87bad3c948f4d605d)
Start importing Assets/Flooded_Grounds/Content/Meshes/mBuildings/mBarns/Barn1_End_B.fbx using Guid(7ed81267adc15c14d85de7c4f982cc75) Importer(2089858483,b0f066a214c2f5e87bad3c948f4d605d) (ScriptedImporter) -> (artifact id: '87fed41ddb0de5b871023056c121dfd3') in 0.0168946 seconds
Number of updated asset objects reloaded before import = 0Number of asset objects unloaded after import = 7

========================================================================
Received Import Request.
  Time since last request: 0.000027 seconds.
  path: Assets/Flooded_Grounds/Content/Meshes/mBuildings/mIndBuilding2/IndBuilding2_Deco_WindowGlass_A.fbx
  artifactKey: Guid(7c98251c257ab044eabeb678561b584e) Importer(2089858483,b0f066a214c2f5e87bad3c948f4d605d)
Start importing Assets/Flooded_Grounds/Content/Meshes/mBuildings/mIndBuilding2/IndBuilding2_Deco_WindowGlass_A.fbx using Guid(7c98251c257ab044eabeb678561b584e) Importer(2089858483,b0f066a214c2f5e87bad3c948f4d605d) (ScriptedImporter) -> (artifact id: '5b8585df9a2bf76dbe888d341e3325f2') in 0.0153476 seconds
Number of updated asset objects reloaded before import = 0Number of asset objects unloaded after import = 7

========================================================================
Received Import Request.
  Time since last request: 0.000018 seconds.
  path: Assets/Flooded_Grounds/Content/Meshes/mProps/lo_Prop_Pulpit_A.fbx
  artifactKey: Guid(66fd8fa6e7800b44ca18b26738941dcf) Importer(2089858483,b0f066a214c2f5e87bad3c948f4d605d)
Start importing Assets/Flooded_Grounds/Content/Meshes/mProps/lo_Prop_Pulpit_A.fbx using Guid(66fd8fa6e7800b44ca18b26738941dcf) Importer(2089858483,b0f066a214c2f5e87bad3c948f4d605d) (ScriptedImporter) -> (artifact id: 'd40951c584c9c7494f32a4284af60503') in 0.0136066 seconds
Number of updated asset objects reloaded before import = 0Number of asset objects unloaded after import = 15

========================================================================
Received Import Request.
  Time since last request: 0.000021 seconds.
  path: Assets/Flooded_Grounds/Content/Meshes/mBuildings/mVilla1/Villa1_Deco_Handrail1_Mid_A_DM.fbx
  artifactKey: Guid(32435c86cf2039a4da130e4d12df7907) Importer(2089858483,b0f066a214c2f5e87bad3c948f4d605d)
Start importing Assets/Flooded_Grounds/Content/Meshes/mBuildings/mVilla1/Villa1_Deco_Handrail1_Mid_A_DM.fbx using Guid(32435c86cf2039a4da130e4d12df7907) Importer(2089858483,b0f066a214c2f5e87bad3c948f4d605d) (ScriptedImporter) -> (artifact id: '63683d84d83ef1750021be6340a74381') in 0.0154846 seconds
Number of updated asset objects reloaded before import = 0Number of asset objects unloaded after import = 7

========================================================================
Received Import Request.
  Time since last request: 0.000015 seconds.
  path: Assets/Flooded_Grounds/PostProcessing/Runtime/Models/DitheringModel.cs
  artifactKey: Guid(41209882cdbcf31429d2a457a2164801) Importer(2089858483,b0f066a214c2f5e87bad3c948f4d605d)
Start importing Assets/Flooded_Grounds/PostProcessing/Runtime/Models/DitheringModel.cs using Guid(41209882cdbcf31429d2a457a2164801) Importer(2089858483,b0f066a214c2f5e87bad3c948f4d605d) (ScriptedImporter) -> (artifact id: 'f5e8687c9e6bf56e5c2836cd5082a9d3') in 0.0110192 seconds
Number of updated asset objects reloaded before import = 0Number of asset objects unloaded after import = 0

========================================================================
Received Import Request.
  Time since last request: 0.000019 seconds.
  path: Assets/Flooded_Grounds/Prefabs/Nature/Trees/TreeCreator_Crinkly_B_Textures
  artifactKey: Guid(30d36c47d9abcc848ba4be2f64828fa5) Importer(2089858483,b0f066a214c2f5e87bad3c948f4d605d)
Start importing Assets/Flooded_Grounds/Prefabs/Nature/Trees/TreeCreator_Crinkly_B_Textures using Guid(30d36c47d9abcc848ba4be2f64828fa5) Importer(2089858483,b0f066a214c2f5e87bad3c948f4d605d) (ScriptedImporter) -> (artifact id: 'c73ae3503345045411aa66f233b4d904') in 0.0095955 seconds
Number of updated asset objects reloaded before import = 0Number of asset objects unloaded after import = 1

========================================================================
Received Import Request.
  Time since last request: 0.000033 seconds.
  path: Assets/Flooded_Grounds/PostProcessing/Resources/Bluenoise64/LDR_LLL1_50.png
  artifactKey: Guid(d8c290e38ff0425409d0ae6a98c95e41) Importer(2089858483,b0f066a214c2f5e87bad3c948f4d605d)
Start importing Assets/Flooded_Grounds/PostProcessing/Resources/Bluenoise64/LDR_LLL1_50.png using Guid(d8c290e38ff0425409d0ae6a98c95e41) Importer(2089858483,b0f066a214c2f5e87bad3c948f4d605d) (ScriptedImporter) -> (artifact id: '8b82fb22ef775fb2703c1dabcce74cd4') in 0.0124249 seconds
Number of updated asset objects reloaded before import = 0Number of asset objects unloaded after import = 1

========================================================================
Received Import Request.
  Time since last request: 0.000016 seconds.
  path: Assets/Flooded_Grounds/PostProcessing/Runtime/Components/TaaComponent.cs
  artifactKey: Guid(f28703283e17be54180fd04a7c70e1d5) Importer(2089858483,b0f066a214c2f5e87bad3c948f4d605d)
Start importing Assets/Flooded_Grounds/PostProcessing/Runtime/Components/TaaComponent.cs using Guid(f28703283e17be54180fd04a7c70e1d5) Importer(2089858483,b0f066a214c2f5e87bad3c948f4d605d) (ScriptedImporter) -> (artifact id: '52988a995a8f2d9f6f352c0cdaf58a43') in 0.0100786 seconds
Number of updated asset objects reloaded before import = 0Number of asset objects unloaded after import = 0

========================================================================
Received Import Request.
  Time since last request: 0.000013 seconds.
  path: Assets/Flooded_Grounds/Content/Meshes/mBuildings/mCabins/Cabin2_Ext1.fbx
  artifactKey: Guid(562ec34fab32b5343886256ef273f218) Importer(2089858483,b0f066a214c2f5e87bad3c948f4d605d)
Start importing Assets/Flooded_Grounds/Content/Meshes/mBuildings/mCabins/Cabin2_Ext1.fbx using Guid(562ec34fab32b5343886256ef273f218) Importer(2089858483,b0f066a214c2f5e87bad3c948f4d605d) (ScriptedImporter) -> (artifact id: 'fe4d6978d6939803f3a17a5ef0c76c98') in 0.015716 seconds
Number of updated asset objects reloaded before import = 0Number of asset objects unloaded after import = 7

========================================================================
Received Import Request.
  Time since last request: 0.000022 seconds.
  path: Assets/Flooded_Grounds/PostProcessing/Textures/Spectral LUTs/SpectralLut_BlueRed.tga
  artifactKey: Guid(318cbcd94840f1d48aca4d86234dc2e7) Importer(2089858483,b0f066a214c2f5e87bad3c948f4d605d)
Start importing Assets/Flooded_Grounds/PostProcessing/Textures/Spectral LUTs/SpectralLut_BlueRed.tga using Guid(318cbcd94840f1d48aca4d86234dc2e7) Importer(2089858483,b0f066a214c2f5e87bad3c948f4d605d) (ScriptedImporter) -> (artifact id: '2535c98b59bb10274e8967ef4437eee7') in 0.0118643 seconds
Number of updated asset objects reloaded before import = 0Number of asset objects unloaded after import = 1

========================================================================
Received Import Request.
  Time since last request: 0.000023 seconds.
  path: Assets/Flooded_Grounds/PostProcessing/Editor/Utils/EditorResources.cs
  artifactKey: Guid(a66d7b0165140a1439be89b5afc000fb) Importer(2089858483,b0f066a214c2f5e87bad3c948f4d605d)
Start importing Assets/Flooded_Grounds/PostProcessing/Editor/Utils/EditorResources.cs using Guid(a66d7b0165140a1439be89b5afc000fb) Importer(2089858483,b0f066a214c2f5e87bad3c948f4d605d) (ScriptedImporter) -> (artifact id: '1d83be6a76d193780fd0e1a27924bd54') in 0.0116113 seconds
Number of updated asset objects reloaded before import = 0Number of asset objects unloaded after import = 0

========================================================================
Received Import Request.
  Time since last request: 0.000022 seconds.
  path: Assets/Flooded_Grounds/Prefabs/Nature/Trees/TreeCreator_Tall_A.prefab
  artifactKey: Guid(76221aed845c98e4482cc2856cc7257d) Importer(2089858483,b0f066a214c2f5e87bad3c948f4d605d)
Start importing Assets/Flooded_Grounds/Prefabs/Nature/Trees/TreeCreator_Tall_A.prefab using Guid(76221aed845c98e4482cc2856cc7257d) Importer(2089858483,b0f066a214c2f5e87bad3c948f4d605d) (ScriptedImporter) -> (artifact id: 'cd13cd7ef70d812f56d101b82b989f0c') in 0.0280521 seconds
Number of updated asset objects reloaded before import = 0Number of asset objects unloaded after import = 30

========================================================================
Received Import Request.
  Time since last request: 0.000023 seconds.
  path: Assets/Flooded_Grounds/Prefabs/Buildings/Villa2/Villa2_Deco_Handrail1_Mid_A_DM.prefab
  artifactKey: Guid(f0aa7ac9b71e22c489e6601be5470a66) Importer(2089858483,b0f066a214c2f5e87bad3c948f4d605d)
Start importing Assets/Flooded_Grounds/Prefabs/Buildings/Villa2/Villa2_Deco_Handrail1_Mid_A_DM.prefab using Guid(f0aa7ac9b71e22c489e6601be5470a66) Importer(2089858483,b0f066a214c2f5e87bad3c948f4d605d) (ScriptedImporter) -> (artifact id: '39d553c8abedbfc9795e1c096f938d3c') in 0.0128514 seconds
Number of updated asset objects reloaded before import = 0Number of asset objects unloaded after import = 9

========================================================================
Received Import Request.
  Time since last request: 0.000017 seconds.
  path: Assets/Flooded_Grounds/PostProcessing/Resources/Shaders/LutGen.shader
  artifactKey: Guid(d248d4d1588851f43a9fa18a4e6f0209) Importer(2089858483,b0f066a214c2f5e87bad3c948f4d605d)
Start importing Assets/Flooded_Grounds/PostProcessing/Resources/Shaders/LutGen.shader using Guid(d248d4d1588851f43a9fa18a4e6f0209) Importer(2089858483,b0f066a214c2f5e87bad3c948f4d605d) (ScriptedImporter) -> (artifact id: '833cb848838a8ea6b44aef8ce449cc0f') in 0.0092946 seconds
Number of updated asset objects reloaded before import = 0Number of asset objects unloaded after import = 1

========================================================================
Received Import Request.
  Time since last request: 0.000015 seconds.
  path: Assets/Flooded_Grounds/Content/Textures/PROP_ParkBench1_AO.tif
  artifactKey: Guid(b0f9b1499ecb1024894eb8218f737471) Importer(2089858483,b0f066a214c2f5e87bad3c948f4d605d)
Start importing Assets/Flooded_Grounds/Content/Textures/PROP_ParkBench1_AO.tif using Guid(b0f9b1499ecb1024894eb8218f737471) Importer(2089858483,b0f066a214c2f5e87bad3c948f4d605d) (ScriptedImporter) -> (artifact id: 'e14925be8fb7ab33eddc7b661c7de43a') in 0.0128575 seconds
Number of updated asset objects reloaded before import = 0Number of asset objects unloaded after import = 1

========================================================================
Received Import Request.
  Time since last request: 0.000020 seconds.
  path: Assets/Flooded_Grounds/PostProcessing/Editor/Models/EyeAdaptationModelEditor.cs
  artifactKey: Guid(489b5c785ba0f614d90c322fa0827216) Importer(2089858483,b0f066a214c2f5e87bad3c948f4d605d)
Start importing Assets/Flooded_Grounds/PostProcessing/Editor/Models/EyeAdaptationModelEditor.cs using Guid(489b5c785ba0f614d90c322fa0827216) Importer(2089858483,b0f066a214c2f5e87bad3c948f4d605d) (ScriptedImporter) -> (artifact id: '63bb99b50d09882dd7c3132775683178') in 0.0076343 seconds
Number of updated asset objects reloaded before import = 0Number of asset objects unloaded after import = 0

========================================================================
Received Import Request.
  Time since last request: 0.000032 seconds.
  path: Assets/Flooded_Grounds/Scripts/DisableRenderer.cs
  artifactKey: Guid(78b5e677f5c60e548a68ce75b82380be) Importer(2089858483,b0f066a214c2f5e87bad3c948f4d605d)
Start importing Assets/Flooded_Grounds/Scripts/DisableRenderer.cs using Guid(78b5e677f5c60e548a68ce75b82380be) Importer(2089858483,b0f066a214c2f5e87bad3c948f4d605d) (ScriptedImporter) -> (artifact id: 'eaaa567241148fb03574b4b2485b7b14') in 0.0080286 seconds
Number of updated asset objects reloaded before import = 0Number of asset objects unloaded after import = 0

========================================================================
Received Import Request.
  Time since last request: 0.000015 seconds.
  path: Assets/Flooded_Grounds/Content/Meshes/mBuildings/mBrickHouse/BrickHouse_End_B.fbx
  artifactKey: Guid(ecb3f7ff52f7ee249b243771c5d9d9d0) Importer(2089858483,b0f066a214c2f5e87bad3c948f4d605d)
Start importing Assets/Flooded_Grounds/Content/Meshes/mBuildings/mBrickHouse/BrickHouse_End_B.fbx using Guid(ecb3f7ff52f7ee249b243771c5d9d9d0) Importer(2089858483,b0f066a214c2f5e87bad3c948f4d605d) (ScriptedImporter) -> (artifact id: 'a873016c0c1aa8f2b6c219b43b754e52') in 0.1001328 seconds
Number of updated asset objects reloaded before import = 0Number of asset objects unloaded after import = 7

========================================================================
Received Import Request.
  Time since last request: 0.000017 seconds.
  path: Assets/Flooded_Grounds/Prefabs/Props/Prop_Gravestone_C.prefab
  artifactKey: Guid(513a0e1241d2a72459d1db2f9dc27f3e) Importer(2089858483,b0f066a214c2f5e87bad3c948f4d605d)
Start importing Assets/Flooded_Grounds/Prefabs/Props/Prop_Gravestone_C.prefab using Guid(513a0e1241d2a72459d1db2f9dc27f3e) Importer(2089858483,b0f066a214c2f5e87bad3c948f4d605d) (ScriptedImporter) -> (artifact id: '96bb4c63182040667a5997b4023327f4') in 0.0183261 seconds
Number of updated asset objects reloaded before import = 0Number of asset objects unloaded after import = 9

========================================================================
Received Import Request.
  Time since last request: 0.000036 seconds.
  path: Assets/Flooded_Grounds/Prefabs/Backgrounds/BGR_LargePipe_A.prefab
  artifactKey: Guid(a3afb07f3df9b5e4a8c5d28803a625eb) Importer(2089858483,b0f066a214c2f5e87bad3c948f4d605d)
Start importing Assets/Flooded_Grounds/Prefabs/Backgrounds/BGR_LargePipe_A.prefab using Guid(a3afb07f3df9b5e4a8c5d28803a625eb) Importer(2089858483,b0f066a214c2f5e87bad3c948f4d605d) (ScriptedImporter) -> (artifact id: '51eca076651ec772c9097a2da1620952') in 0.0143677 seconds
Number of updated asset objects reloaded before import = 0Number of asset objects unloaded after import = 8

Editor requested this worker to shutdown with reason: Scaling down because of idle timeout
AssetImportWorker is now disconnected from the server
Process exiting
Exiting without the bug reporter. Application will terminate with return code 0