[Licensing::Module] Trying to connect to existing licensing client channel...
[Licensing::IpcConnector] Successfully connected to: "LicenseClient-ajffj" at "2026-04-20T08:07:42.5802508Z"
Built from '6000.3/staging' branch; Version is '6000.3.4f1 (fdd3b8998ec4) revision 16634808'; Using compiler version '194234433'; Build Type 'Release'
OS: 'Windows 11  (10.0.26200) Professional' Language: 'ko' Physical Memory: 64659 MB
BatchMode: 1, IsHumanControllingUs: 0, StartBugReporterOnCrash: 0, Is64bit: 1
System  architecture: x64
Process architecture: x64
Date: 2026-04-20T08:07:42Z
[Licensing::Client] Code 10 while verifying Licensing Client signature (process Id: 20808, path: "E:/Unity/Unity Hub/UnityLicensingClient_V1/Unity.Licensing.Client.exe")
[Licensing::Module] LicensingClient has failed validation; ignoring
[Licensing::Client] Error: HandshakeResponse reported an error:
	ResponseCode: 505
	ResponseStatus: Unsupported protocol version '1.17.4'.
[Licensing::Module] Error: Failed to handshake to channel: "LicenseClient-ajffj"
[Licensing::IpcConnector] LicenseClient-ajffj channel disconnected successfully.
[Licensing::IpcConnector] Successfully connected to: "LicenseClient-ajffj-6000.3.4" at "2026-04-20T08:07:42.6575829Z"

COMMAND LINE ARGUMENTS:
C:\Program Files\Unity\Hub\Editor\6000.3.4f1\Editor\Unity.exe
-adb2
-batchMode
-noUpm
-name
AssetImportWorker3
-projectPath
E:/Unity/TPS_Project/TpsProject
-logFile
Logs/AssetImportWorker3.log
-srvPort
6187
-licensingIpc
LicenseClient-ajffj
-job-worker-count
11
-background-job-worker-count
8
-gc-helper-count
1
-name
AssetImport
Successfully changed project path to: E:/Unity/TPS_Project/TpsProject
E:/Unity/TPS_Project/TpsProject
[UnityMemory] Configuration Parameters - Can be set up in boot.config
    "memorysetup-temp-allocator-size-nav-mesh-worker=65536"
    "memorysetup-temp-allocator-size-audio-worker=65536"
    "memorysetup-temp-allocator-size-gfx=262144"
    "memorysetup-allocator-temp-initial-block-size-main=262144"
    "memorysetup-allocator-temp-initial-block-size-worker=262144"
    "memorysetup-temp-allocator-size-background-worker=32768"
    "memorysetup-temp-allocator-size-job-worker=262144"
    "memorysetup-temp-allocator-size-preload-manager=33554432"
    "memorysetup-temp-allocator-size-gi-baking-worker=262144"
    "memorysetup-temp-allocator-size-gi-baking-worker=262144"
    "memorysetup-temp-allocator-size-gi-baking-worker=262144"
    "memorysetup-temp-allocator-size-gi-baking-worker=262144"
    "memorysetup-temp-allocator-size-gi-baking-worker=262144"
    "memorysetup-bucket-allocator-granularity=16"
    "memorysetup-bucket-allocator-bucket-count=8"
    "memorysetup-bucket-allocator-block-size=33554432"
    "memorysetup-bucket-allocator-block-count=8"
    "memorysetup-main-allocator-block-size=16777216"
    "memorysetup-thread-allocator-block-size=16777216"
    "memorysetup-gfx-main-allocator-block-size=16777216"
    "memorysetup-gfx-thread-allocator-block-size=16777216"
    "memorysetup-cache-allocator-block-size=4194304"
    "memorysetup-typetree-allocator-block-size=2097152"
    "memorysetup-profiler-bucket-allocator-granularity=16"
    "memorysetup-profiler-bucket-allocator-bucket-count=8"
    "memorysetup-profiler-bucket-allocator-block-size=33554432"
    "memorysetup-profiler-bucket-allocator-block-count=8"
    "memorysetup-profiler-allocator-block-size=16777216"
    "memorysetup-profiler-editor-allocator-block-size=1048576"
    "memorysetup-temp-allocator-size-main=16777216"
    "memorysetup-job-temp-allocator-block-size=2097152"
    "memorysetup-job-temp-allocator-block-size-background=1048576"
    "memorysetup-job-temp-allocator-reduction-small-platforms=262144"
    "memorysetup-temp-allocator-size-cloud-worker=32768"
Player connection [5968]  Target information:

Player connection [5968]  * "[IP] 192.168.0.3 [Port] 0 [Flags] 2 [Guid] 2107554045 [EditorId] 2107554045 [Version] 1048832 [Id] WindowsEditor(7,DESKTOP-3QPCFMO) [Debug] 1 [PackageName] WindowsEditor [ProjectName] Editor" 

Player connection [5968] Host joined multi-casting on [225.0.0.222:54997]...
Player connection [5968] Host joined alternative multi-casting on [225.0.0.222:34997]...
JobSystem: Creating JobQueue using job-worker-count value 11
Input System module state changed to: Initialized.
[Physics::Module] Initialized fallback backend.
[Physics::Module] Id: 0xdecafbad
Library Redirect Path: Library/
[Physics::Module] Selected backend.
[Physics::Module] Name: PhysX
[Physics::Module] Id: 0xf2b8ea05
[Physics::Module] SDK Version: 4.1.2
[Physics::Module] Integration Version: 1.0.0
[Physics::Module] Threading Mode: Multi-Threaded
Refreshing native plugins compatible for Editor in 67.88 ms, found 3 plugins.
Preloading 0 native plugins for Editor in 0.00 ms.
Initialize engine version: 6000.3.4f1 (fdd3b8998ec4)
[Subsystems] Discovering subsystems at path C:/Program Files/Unity/Hub/Editor/6000.3.4f1/Editor/Data/Resources/UnitySubsystems
[Subsystems] Discovering subsystems at path E:/Unity/TPS_Project/TpsProject/Assets
GfxDevice: creating device client; kGfxThreadingModeNonThreaded
Direct3D:
    Version:  Direct3D 11.0 [level 11.1]
    Renderer: NVIDIA GeForce RTX 3070 (ID=0x2484)
    Vendor:   NVIDIA
    VRAM:     8018 MB
    Driver:   32.0.15.9186
Initialize mono
Mono path[0] = 'C:/Program Files/Unity/Hub/Editor/6000.3.4f1/Editor/Data/Managed'
Mono path[1] = 'C:/Program Files/Unity/Hub/Editor/6000.3.4f1/Editor/Data/MonoBleedingEdge/lib/mono/unityjit-win32'
Mono config path = 'C:/Program Files/Unity/Hub/Editor/6000.3.4f1/Editor/Data/MonoBleedingEdge/etc'
Using monoOptions --debugger-agent=transport=dt_socket,embedding=1,server=y,suspend=n,address=127.0.0.1:56356
Begin MonoManager ReloadAssembly
[Licensing::Client] Handshaking with LicensingClient:
  Version:                 1.17.4+4293ba1
  Session Id:              bf7d27f0bbe546c18a8b046740632f28
  Correlation Id:          37df60d828c7be8c3c8e2435d570d8df
  External correlation Id: 11371998968697434
  Machine Id:              quNDNEHvSPhWQgiArlte8FV3K/U=
[Licensing::Module] Successfully connected to LicensingClient on channel: "LicenseClient-ajffj-6000.3.4" (connect: 0.00s, validation: 0.00s, handshake: 1.12s)
[Licensing::IpcConnector] Successfully connected to: "LicenseClient-ajffj-6000.3.4-notifications" at "2026-04-20T08:07:43.781109Z"
[Licensing::Module] Licensing Background thread has ended after 1.20s
Registering precompiled unity dll's ...
Register platform support module: C:/Program Files/Unity/Hub/Editor/6000.3.4f1/Editor/Data/PlaybackEngines/WindowsStandaloneSupport/UnityEditor.WindowsStandalone.Extensions.dll
Registered in 0.003113 seconds.
- Loaded All Assemblies, in  1.760 seconds
Native extension for WindowsStandalone target not found
ScheduleIndexationOnStartup MainProcess:False IndexOnStartup:True
Mono: successfully reloaded assembly
- Finished resetting the current domain, in  0.405 seconds
Domain Reload Profiling: 2159ms
	BeginReloadAssembly (320ms)
		ExecutionOrderSort (0ms)
		DisableScriptedObjects (0ms)
		BackupInstance (0ms)
		ReleaseScriptingObjects (0ms)
		CreateAndSetChildDomain (1ms)
	RebuildCommonClasses (348ms)
	RebuildNativeTypeToScriptingClass (10ms)
	initialDomainReloadingComplete (46ms)
	LoadAllAssembliesAndSetupDomain (1029ms)
		LoadAssemblies (317ms)
		RebuildTransferFunctionScriptingTraits (0ms)
		AnalyzeDomain (1022ms)
			TypeCache.Refresh (1020ms)
				TypeCache.ScanAssembly (773ms)
			BuildScriptInfoCaches (0ms)
			ResolveRequiredComponents (0ms)
	FinalizeReload (406ms)
		ReleaseScriptCaches (0ms)
		RebuildScriptCaches (0ms)
		SetupLoadedEditorAssemblies (367ms)
			LogAssemblyErrors (0ms)
			InitializePlatformSupportModulesInManaged (50ms)
			SetLoadedEditorAssemblies (4ms)
			BeforeProcessingInitializeOnLoad (87ms)
			ProcessInitializeOnLoadAttributes (153ms)
			ProcessInitializeOnLoadMethodAttributes (72ms)
			AfterProcessingInitializeOnLoad (0ms)
			EditorAssembliesLoaded (0ms)
		ExecutionOrderSort2 (0ms)
		AwakeInstancesAfterBackupRestoration (0ms)
========================================================================
Worker process is ready to serve import requests
Import Worker Mode flag is 0x00
Begin MonoManager ReloadAssembly
[Licensing::Client] Successfully resolved entitlement details
[Licensing::Module] License group:
  Id: 14568646326981-UnityPersXXXX
  Product: Unity Personal
  Type: Assigned
  Expiration: Unlimited
- Loaded All Assemblies, in  6.781 seconds
Refreshing native plugins compatible for Editor in 0.78 ms, found 3 plugins.
Native extension for WindowsStandalone target not found
Package Manager log level set to [2]
[Package Manager] Failed to launch server process. Reason: Unity was launched with the -noUpm command-line argument
[Package Manager] Unable to send message (not connected to server process).
[Package Manager] Cannot connect to Unity Package Manager local server
ScheduleIndexationOnStartup MainProcess:False IndexOnStartup:True
Mono: successfully reloaded assembly
- Finished resetting the current domain, in  0.839 seconds
Domain Reload Profiling: 7613ms
	BeginReloadAssembly (212ms)
		ExecutionOrderSort (0ms)
		DisableScriptedObjects (5ms)
		BackupInstance (0ms)
		ReleaseScriptingObjects (0ms)
		CreateAndSetChildDomain (41ms)
	RebuildCommonClasses (41ms)
	RebuildNativeTypeToScriptingClass (14ms)
	initialDomainReloadingComplete (46ms)
	LoadAllAssembliesAndSetupDomain (6462ms)
		LoadAssemblies (6133ms)
		RebuildTransferFunctionScriptingTraits (0ms)
		AnalyzeDomain (447ms)
			TypeCache.Refresh (391ms)
				TypeCache.ScanAssembly (375ms)
			BuildScriptInfoCaches (44ms)
			ResolveRequiredComponents (8ms)
	FinalizeReload (839ms)
		ReleaseScriptCaches (0ms)
		RebuildScriptCaches (0ms)
		SetupLoadedEditorAssemblies (539ms)
			LogAssemblyErrors (0ms)
			InitializePlatformSupportModulesInManaged (2ms)
			SetLoadedEditorAssemblies (4ms)
			BeforeProcessingInitializeOnLoad (154ms)
			ProcessInitializeOnLoadAttributes (314ms)
			ProcessInitializeOnLoadMethodAttributes (55ms)
			AfterProcessingInitializeOnLoad (11ms)
			EditorAssembliesLoaded (0ms)
		ExecutionOrderSort2 (0ms)
		AwakeInstancesAfterBackupRestoration (7ms)
Launched and connected shader compiler UnityShaderCompiler.exe after 0.01 seconds
Refreshing native plugins compatible for Editor in 1.21 ms, found 3 plugins.
Preloading 0 native plugins for Editor in 0.00 ms.
Unloading 20 Unused Serialized files (Serialized files now loaded: 0)
Unloading 6364 unused Assets / (4.7 MB). Loaded Objects now: 7211.
Memory consumption went from 163.1 MB to 158.4 MB.
Total: 10.496700 ms (FindLiveObjects: 1.314200 ms CreateObjectMapping: 0.342100 ms MarkObjects: 6.236600 ms  DeleteObjects: 2.603200 ms)

========================================================================
Received Import Request.
  Time since last request: 8163.198469 seconds.
  path: Assets/Flooded_Grounds/Content/Trees/SrcTextures
  artifactKey: Guid(2eca1abe9e549844ba1434ba7a1ab576) Importer(2089858483,b0f066a214c2f5e87bad3c948f4d605d)
Start importing Assets/Flooded_Grounds/Content/Trees/SrcTextures using Guid(2eca1abe9e549844ba1434ba7a1ab576) Importer(2089858483,b0f066a214c2f5e87bad3c948f4d605d) (ScriptedImporter) -> (artifact id: '9c3d0c049e319480d8ca002023c396c7') in 0.0457256 seconds
Number of updated asset objects reloaded before import = 0Number of asset objects unloaded after import = 1

========================================================================
Received Import Request.
  Time since last request: 0.000015 seconds.
  path: Assets/Flooded_Grounds/Content/Meshes/mBuildings/mVilla2/Villa2_Roof_Mid_A_4x.fbx
  artifactKey: Guid(aec74c8803cbf0f4db741e432cf1be24) Importer(2089858483,b0f066a214c2f5e87bad3c948f4d605d)
Start importing Assets/Flooded_Grounds/Content/Meshes/mBuildings/mVilla2/Villa2_Roof_Mid_A_4x.fbx using Guid(aec74c8803cbf0f4db741e432cf1be24) Importer(2089858483,b0f066a214c2f5e87bad3c948f4d605d) (ScriptedImporter) -> (artifact id: '740f1f646a3e1692642cc4b67a2ffa90') in 0.0934151 seconds
Number of updated asset objects reloaded before import = 0Number of asset objects unloaded after import = 7

========================================================================
Received Import Request.
  Time since last request: 0.000019 seconds.
  path: Assets/Flooded_Grounds/Prefabs/Buildings
  artifactKey: Guid(d650cd9c979be7c438a7813cf204fe45) Importer(2089858483,b0f066a214c2f5e87bad3c948f4d605d)
Start importing Assets/Flooded_Grounds/Prefabs/Buildings using Guid(d650cd9c979be7c438a7813cf204fe45) Importer(2089858483,b0f066a214c2f5e87bad3c948f4d605d) (ScriptedImporter) -> (artifact id: '67fbfadcaded1b69f25a4f473d1eef87') in 0.0074257 seconds
Number of updated asset objects reloaded before import = 0Number of asset objects unloaded after import = 1

========================================================================
Received Import Request.
  Time since last request: 0.000029 seconds.
  path: Assets/Flooded_Grounds/Prefabs/Buildings/Structures1/Pavement1_Cor_A.prefab
  artifactKey: Guid(32e1978d2a5001f43be3a0fd724aa82f) Importer(2089858483,b0f066a214c2f5e87bad3c948f4d605d)
Start importing Assets/Flooded_Grounds/Prefabs/Buildings/Structures1/Pavement1_Cor_A.prefab using Guid(32e1978d2a5001f43be3a0fd724aa82f) Importer(2089858483,b0f066a214c2f5e87bad3c948f4d605d) (ScriptedImporter) -> (artifact id: 'baa5a1069e276f75b992345cd2f26a76') in 0.0151837 seconds
Number of updated asset objects reloaded before import = 0Number of asset objects unloaded after import = 9

========================================================================
Received Import Request.
  Time since last request: 0.000018 seconds.
  path: Assets/Flooded_Grounds/Content/Meshes/mAtmospherics/ATM_HaloRing.fbx
  artifactKey: Guid(8cc47016f547a024692210de2e4869cf) Importer(2089858483,b0f066a214c2f5e87bad3c948f4d605d)
Start importing Assets/Flooded_Grounds/Content/Meshes/mAtmospherics/ATM_HaloRing.fbx using Guid(8cc47016f547a024692210de2e4869cf) Importer(2089858483,b0f066a214c2f5e87bad3c948f4d605d) (ScriptedImporter) -> (artifact id: '1612b93e8119cec20c34f11717ad9205') in 0.0189319 seconds
Number of updated asset objects reloaded before import = 0Number of asset objects unloaded after import = 9

========================================================================
Received Import Request.
  Time since last request: 0.000017 seconds.
  path: Assets/Flooded_Grounds/PostProcessing/Editor
  artifactKey: Guid(e0e418747b892364db5c5f4451e67ede) Importer(2089858483,b0f066a214c2f5e87bad3c948f4d605d)
Start importing Assets/Flooded_Grounds/PostProcessing/Editor using Guid(e0e418747b892364db5c5f4451e67ede) Importer(2089858483,b0f066a214c2f5e87bad3c948f4d605d) (ScriptedImporter) -> (artifact id: '2377c546487d7b0fac76aabe61ae6c50') in 0.0080271 seconds
Number of updated asset objects reloaded before import = 0Number of asset objects unloaded after import = 1

========================================================================
Received Import Request.
  Time since last request: 0.000016 seconds.
  path: Assets/Flooded_Grounds/PostProcessing/Editor/Utils/FxStyles.cs
  artifactKey: Guid(8f31cf52f05e80c4ea48570d0c3c8f59) Importer(2089858483,b0f066a214c2f5e87bad3c948f4d605d)
Start importing Assets/Flooded_Grounds/PostProcessing/Editor/Utils/FxStyles.cs using Guid(8f31cf52f05e80c4ea48570d0c3c8f59) Importer(2089858483,b0f066a214c2f5e87bad3c948f4d605d) (ScriptedImporter) -> (artifact id: '2fbc0d7a8bc57b1b7e8c124c011c3137') in 0.0088792 seconds
Number of updated asset objects reloaded before import = 0Number of asset objects unloaded after import = 0

========================================================================
Received Import Request.
  Time since last request: 0.000017 seconds.
  path: Assets/Flooded_Grounds/PostProcessing/Resources/Bluenoise64/COPYING.txt
  artifactKey: Guid(fa3fc398fe396744c9299e70b63bfdd7) Importer(2089858483,b0f066a214c2f5e87bad3c948f4d605d)
Start importing Assets/Flooded_Grounds/PostProcessing/Resources/Bluenoise64/COPYING.txt using Guid(fa3fc398fe396744c9299e70b63bfdd7) Importer(2089858483,b0f066a214c2f5e87bad3c948f4d605d) (ScriptedImporter) -> (artifact id: 'a12558ec77fc84adc909c4c55db0c22b') in 0.0081287 seconds
Number of updated asset objects reloaded before import = 0Number of asset objects unloaded after import = 1

========================================================================
Received Import Request.
  Time since last request: 0.000019 seconds.
  path: Assets/Flooded_Grounds/Content/Meshes/mBuildings/mStructures/Struct_FlowerBox_B.fbx
  artifactKey: Guid(19bea72077217b4489a208027faff0f5) Importer(2089858483,b0f066a214c2f5e87bad3c948f4d605d)
Start importing Assets/Flooded_Grounds/Content/Meshes/mBuildings/mStructures/Struct_FlowerBox_B.fbx using Guid(19bea72077217b4489a208027faff0f5) Importer(2089858483,b0f066a214c2f5e87bad3c948f4d605d) (ScriptedImporter) -> (artifact id: 'df22e9003d4001e27d6d0ea878d0578e') in 0.0120946 seconds
Number of updated asset objects reloaded before import = 0Number of asset objects unloaded after import = 7

========================================================================
Received Import Request.
  Time since last request: 0.000027 seconds.
  path: Assets/Flooded_Grounds/PostProcessing/Editor/Models/MotionBlurModelEditor.cs
  artifactKey: Guid(870806eda355b5144879155e2ba37eb6) Importer(2089858483,b0f066a214c2f5e87bad3c948f4d605d)
Start importing Assets/Flooded_Grounds/PostProcessing/Editor/Models/MotionBlurModelEditor.cs using Guid(870806eda355b5144879155e2ba37eb6) Importer(2089858483,b0f066a214c2f5e87bad3c948f4d605d) (ScriptedImporter) -> (artifact id: '8c1217b76983daed765c5c68d9362db4') in 0.0105242 seconds
Number of updated asset objects reloaded before import = 0Number of asset objects unloaded after import = 0

========================================================================
Received Import Request.
  Time since last request: 0.000014 seconds.
  path: Assets/Flooded_Grounds/Content/Textures/BLD_Villa2_AO.tif
  artifactKey: Guid(762e650bc96d191499fbb68fea6434ee) Importer(2089858483,b0f066a214c2f5e87bad3c948f4d605d)
Start importing Assets/Flooded_Grounds/Content/Textures/BLD_Villa2_AO.tif using Guid(762e650bc96d191499fbb68fea6434ee) Importer(2089858483,b0f066a214c2f5e87bad3c948f4d605d) (ScriptedImporter) -> (artifact id: '819564d1935344b302fb7503b43a64ea') in 0.0389548 seconds
Number of updated asset objects reloaded before import = 0Number of asset objects unloaded after import = 1

========================================================================
Received Import Request.
  Time since last request: 0.000012 seconds.
  path: Assets/Flooded_Grounds/Content/Materials/PROP_ParkBench1.mat
  artifactKey: Guid(c99ab68b85e64f947b9e704d96a4b3b9) Importer(2089858483,b0f066a214c2f5e87bad3c948f4d605d)
Start importing Assets/Flooded_Grounds/Content/Materials/PROP_ParkBench1.mat using Guid(c99ab68b85e64f947b9e704d96a4b3b9) Importer(2089858483,b0f066a214c2f5e87bad3c948f4d605d) (ScriptedImporter) -> (artifact id: 'd8007eccd9b29443de605a3966cad118') in 0.0327713 seconds
Number of updated asset objects reloaded before import = 0Number of asset objects unloaded after import = 7

========================================================================
Received Import Request.
  Time since last request: 0.000015 seconds.
  path: Assets/Flooded_Grounds/Content/Textures/PROP_SmallProps2_A.tif
  artifactKey: Guid(30c023364e8dfc34dab4688662c13698) Importer(2089858483,b0f066a214c2f5e87bad3c948f4d605d)
Start importing Assets/Flooded_Grounds/Content/Textures/PROP_SmallProps2_A.tif using Guid(30c023364e8dfc34dab4688662c13698) Importer(2089858483,b0f066a214c2f5e87bad3c948f4d605d) (ScriptedImporter) -> (artifact id: 'ba88b90b467a97357abb0d5004bfcb4a') in 0.0126883 seconds
Number of updated asset objects reloaded before import = 0Number of asset objects unloaded after import = 1

========================================================================
Received Import Request.
  Time since last request: 0.000016 seconds.
  path: Assets/Flooded_Grounds/Content/Textures/BLD_Rubble1_N.tif
  artifactKey: Guid(c80a25e70d3edec40be25d1dc44dedb3) Importer(2089858483,b0f066a214c2f5e87bad3c948f4d605d)
Start importing Assets/Flooded_Grounds/Content/Textures/BLD_Rubble1_N.tif using Guid(c80a25e70d3edec40be25d1dc44dedb3) Importer(2089858483,b0f066a214c2f5e87bad3c948f4d605d) (ScriptedImporter) -> (artifact id: 'e0243e00f9da465c16536aab81633e94') in 0.0141303 seconds
Number of updated asset objects reloaded before import = 0Number of asset objects unloaded after import = 1

========================================================================
Received Import Request.
  Time since last request: 0.000027 seconds.
  path: Assets/Flooded_Grounds/Prefabs/Buildings/Structures1/Struct_Roundabout_A.prefab
  artifactKey: Guid(573d86f217605f74fb5d661020262d92) Importer(2089858483,b0f066a214c2f5e87bad3c948f4d605d)
Start importing Assets/Flooded_Grounds/Prefabs/Buildings/Structures1/Struct_Roundabout_A.prefab using Guid(573d86f217605f74fb5d661020262d92) Importer(2089858483,b0f066a214c2f5e87bad3c948f4d605d) (ScriptedImporter) -> (artifact id: 'abd1d13a642c9fe36a9e3973d8e7b394') in 0.0145483 seconds
Number of updated asset objects reloaded before import = 0Number of asset objects unloaded after import = 10

========================================================================
Received Import Request.
  Time since last request: 0.000020 seconds.
  path: Assets/Flooded_Grounds/Prefabs/Sounds/2D_Wind.prefab
  artifactKey: Guid(01ac61172cf97144dbbfbc83fc317917) Importer(2089858483,b0f066a214c2f5e87bad3c948f4d605d)
Start importing Assets/Flooded_Grounds/Prefabs/Sounds/2D_Wind.prefab using Guid(01ac61172cf97144dbbfbc83fc317917) Importer(2089858483,b0f066a214c2f5e87bad3c948f4d605d) (ScriptedImporter) -> (artifact id: '91e34c77b9d9bd957fffeb9184c322c1') in 0.1059269 seconds
Number of updated asset objects reloaded before import = 0Number of asset objects unloaded after import = 6

========================================================================
Received Import Request.
  Time since last request: 0.000013 seconds.
  path: Assets/Flooded_Grounds/Prefabs/Props/Prop_Rug_A.prefab
  artifactKey: Guid(210d38b43ba064d418e74fe6c3791d87) Importer(2089858483,b0f066a214c2f5e87bad3c948f4d605d)
Start importing Assets/Flooded_Grounds/Prefabs/Props/Prop_Rug_A.prefab using Guid(210d38b43ba064d418e74fe6c3791d87) Importer(2089858483,b0f066a214c2f5e87bad3c948f4d605d) (ScriptedImporter) -> (artifact id: '5a66a008a4e8d572307d0732a2c3daf2') in 0.0110633 seconds
Number of updated asset objects reloaded before import = 0Number of asset objects unloaded after import = 8

========================================================================
Received Import Request.
  Time since last request: 0.000021 seconds.
  path: Assets/Flooded_Grounds/Content/Meshes/mBuildings/mChurches/Church1_Door_A.fbx
  artifactKey: Guid(b90d65e978fd44a46b96908131df8c0e) Importer(2089858483,b0f066a214c2f5e87bad3c948f4d605d)
Start importing Assets/Flooded_Grounds/Content/Meshes/mBuildings/mChurches/Church1_Door_A.fbx using Guid(b90d65e978fd44a46b96908131df8c0e) Importer(2089858483,b0f066a214c2f5e87bad3c948f4d605d) (ScriptedImporter) -> (artifact id: 'dc0c6b87bc97a036a95e4b2dc45cb746') in 0.0141475 seconds
Number of updated asset objects reloaded before import = 0Number of asset objects unloaded after import = 7

========================================================================
Received Import Request.
  Time since last request: 0.000033 seconds.
  path: Assets/Flooded_Grounds/PostProcessing/Utilities/CustomMotionTexture/ExampleScene.unity
  artifactKey: Guid(ed3a9f41209f84f6db99e07013da9628) Importer(2089858483,b0f066a214c2f5e87bad3c948f4d605d)
Start importing Assets/Flooded_Grounds/PostProcessing/Utilities/CustomMotionTexture/ExampleScene.unity using Guid(ed3a9f41209f84f6db99e07013da9628) Importer(2089858483,b0f066a214c2f5e87bad3c948f4d605d) (ScriptedImporter) -> (artifact id: 'da7043ba0d3e9ae877c52ef6c9fae466') in 0.0085899 seconds
Number of updated asset objects reloaded before import = 0Number of asset objects unloaded after import = 1

========================================================================
Received Import Request.
  Time since last request: 0.000019 seconds.
  path: Assets/Flooded_Grounds/Content/Meshes/mBuildings/mBrickHouse/BrickHouse_Deco_IntColumn_B.fbx
  artifactKey: Guid(403ba69f160964b43b95cfd3cfc31b0d) Importer(2089858483,b0f066a214c2f5e87bad3c948f4d605d)
Start importing Assets/Flooded_Grounds/Content/Meshes/mBuildings/mBrickHouse/BrickHouse_Deco_IntColumn_B.fbx using Guid(403ba69f160964b43b95cfd3cfc31b0d) Importer(2089858483,b0f066a214c2f5e87bad3c948f4d605d) (ScriptedImporter) -> (artifact id: '04da3e4a84d8b38fbecfbf0b63660088') in 0.0122131 seconds
Number of updated asset objects reloaded before import = 0Number of asset objects unloaded after import = 7

========================================================================
Received Import Request.
  Time since last request: 0.000015 seconds.
  path: Assets/Flooded_Grounds/Content/Meshes/mBuildings/mVilla1/Villa1_Top_Mid_B.fbx
  artifactKey: Guid(a4da64e6469ddb849af32c4433af3855) Importer(2089858483,b0f066a214c2f5e87bad3c948f4d605d)
Start importing Assets/Flooded_Grounds/Content/Meshes/mBuildings/mVilla1/Villa1_Top_Mid_B.fbx using Guid(a4da64e6469ddb849af32c4433af3855) Importer(2089858483,b0f066a214c2f5e87bad3c948f4d605d) (ScriptedImporter) -> (artifact id: 'e3cf49c5012ae021877c32249a744e04') in 0.0118046 seconds
Number of updated asset objects reloaded before import = 0Number of asset objects unloaded after import = 7

========================================================================
Received Import Request.
  Time since last request: 0.000022 seconds.
  path: Assets/Flooded_Grounds/Prefabs/Nature/Bushes/DecoBush_D.prefab
  artifactKey: Guid(ae4e40571a130a0459daec567e503f34) Importer(2089858483,b0f066a214c2f5e87bad3c948f4d605d)
Start importing Assets/Flooded_Grounds/Prefabs/Nature/Bushes/DecoBush_D.prefab using Guid(ae4e40571a130a0459daec567e503f34) Importer(2089858483,b0f066a214c2f5e87bad3c948f4d605d) (ScriptedImporter) -> (artifact id: '15685fa6db2080a551f727f80366137d') in 0.013939 seconds
Number of updated asset objects reloaded before import = 0Number of asset objects unloaded after import = 9

========================================================================
Received Import Request.
  Time since last request: 0.000023 seconds.
  path: Assets/Flooded_Grounds/PostProcessing/Runtime/Components/ScreenSpaceReflectionComponent.cs
  artifactKey: Guid(dd75f795d6a798f44a7801082f6a703f) Importer(2089858483,b0f066a214c2f5e87bad3c948f4d605d)
Start importing Assets/Flooded_Grounds/PostProcessing/Runtime/Components/ScreenSpaceReflectionComponent.cs using Guid(dd75f795d6a798f44a7801082f6a703f) Importer(2089858483,b0f066a214c2f5e87bad3c948f4d605d) (ScriptedImporter) -> (artifact id: '4eb84a5cbc03425ed9e15c6daba8a617') in 0.0085401 seconds
Number of updated asset objects reloaded before import = 0Number of asset objects unloaded after import = 0

========================================================================
Received Import Request.
  Time since last request: 0.000019 seconds.
  path: Assets/Flooded_Grounds/Content/Meshes/mBuildings/mVilla2/Villa2_Door_A.fbx
  artifactKey: Guid(18b3a5bc912e52242b16bd2f42d6407b) Importer(2089858483,b0f066a214c2f5e87bad3c948f4d605d)
Start importing Assets/Flooded_Grounds/Content/Meshes/mBuildings/mVilla2/Villa2_Door_A.fbx using Guid(18b3a5bc912e52242b16bd2f42d6407b) Importer(2089858483,b0f066a214c2f5e87bad3c948f4d605d) (ScriptedImporter) -> (artifact id: '214cc779f37a53073ac979f2eacc7d3d') in 0.014044 seconds
Number of updated asset objects reloaded before import = 0Number of asset objects unloaded after import = 7

========================================================================
Received Import Request.
  Time since last request: 0.000020 seconds.
  path: Assets/Flooded_Grounds/PostProcessing/Editor/Models
  artifactKey: Guid(d5341d31985da604db4b100f174142ad) Importer(2089858483,b0f066a214c2f5e87bad3c948f4d605d)
Start importing Assets/Flooded_Grounds/PostProcessing/Editor/Models using Guid(d5341d31985da604db4b100f174142ad) Importer(2089858483,b0f066a214c2f5e87bad3c948f4d605d) (ScriptedImporter) -> (artifact id: '5bac52e05b8d5d8bc882f1245aa9f28e') in 0.0084801 seconds
Number of updated asset objects reloaded before import = 0Number of asset objects unloaded after import = 1

========================================================================
Received Import Request.
  Time since last request: 0.000018 seconds.
  path: Assets/Flooded_Grounds/Prefabs/Nature/Trees/TreeCreator_Tall_A_Textures/translucency_gloss.png
  artifactKey: Guid(ea81b1759b31c274a8716fd1f039f04d) Importer(2089858483,b0f066a214c2f5e87bad3c948f4d605d)
Start importing Assets/Flooded_Grounds/Prefabs/Nature/Trees/TreeCreator_Tall_A_Textures/translucency_gloss.png using Guid(ea81b1759b31c274a8716fd1f039f04d) Importer(2089858483,b0f066a214c2f5e87bad3c948f4d605d) (ScriptedImporter) -> (artifact id: 'a24c429e55a40c798df452ffc8124f41') in 0.0139144 seconds
Number of updated asset objects reloaded before import = 0Number of asset objects unloaded after import = 1

========================================================================
Received Import Request.
  Time since last request: 0.000018 seconds.
  path: Assets/Flooded_Grounds/Content/Shaders/FG_Triplanar_BumpSpec.shader
  artifactKey: Guid(8e721f9dd7d2ebe4288001f7b478e7e2) Importer(2089858483,b0f066a214c2f5e87bad3c948f4d605d)
Start importing Assets/Flooded_Grounds/Content/Shaders/FG_Triplanar_BumpSpec.shader using Guid(8e721f9dd7d2ebe4288001f7b478e7e2) Importer(2089858483,b0f066a214c2f5e87bad3c948f4d605d) (ScriptedImporter) -> (artifact id: 'bd900c35ada7576a8574d11347c1c530') in 0.0145676 seconds
Number of updated asset objects reloaded before import = 0Number of asset objects unloaded after import = 1

========================================================================
Received Import Request.
  Time since last request: 0.000017 seconds.
  path: Assets/Flooded_Grounds/Content/Animations/Prop_Boat_A_Bobbing_Ctrl.controller
  artifactKey: Guid(4787a8630f4502f4d83e467e907b2359) Importer(2089858483,b0f066a214c2f5e87bad3c948f4d605d)
Start importing Assets/Flooded_Grounds/Content/Animations/Prop_Boat_A_Bobbing_Ctrl.controller using Guid(4787a8630f4502f4d83e467e907b2359) Importer(2089858483,b0f066a214c2f5e87bad3c948f4d605d) (ScriptedImporter) -> (artifact id: 'eeabadfc1f62efd3c818aed87d48a75c') in 0.0117055 seconds
Number of updated asset objects reloaded before import = 0Number of asset objects unloaded after import = 4

========================================================================
Received Import Request.
  Time since last request: 0.000022 seconds.
  path: Assets/Flooded_Grounds/Content/Meshes/mBuildings/mVilla2
  artifactKey: Guid(a8c095f4569850141ac44039ba4ffb82) Importer(2089858483,b0f066a214c2f5e87bad3c948f4d605d)
Start importing Assets/Flooded_Grounds/Content/Meshes/mBuildings/mVilla2 using Guid(a8c095f4569850141ac44039ba4ffb82) Importer(2089858483,b0f066a214c2f5e87bad3c948f4d605d) (ScriptedImporter) -> (artifact id: '1e2f29ca1306c614073cc9e93df40291') in 0.010153 seconds
Number of updated asset objects reloaded before import = 0Number of asset objects unloaded after import = 1

========================================================================
Received Import Request.
  Time since last request: 0.000013 seconds.
  path: Assets/Flooded_Grounds/Prefabs/Nature/Trees/TreeCreator_Tall_C_Dead_Textures/shadow.png
  artifactKey: Guid(a903cb6b1ba4f41459f91f9d066ee50a) Importer(2089858483,b0f066a214c2f5e87bad3c948f4d605d)
Start importing Assets/Flooded_Grounds/Prefabs/Nature/Trees/TreeCreator_Tall_C_Dead_Textures/shadow.png using Guid(a903cb6b1ba4f41459f91f9d066ee50a) Importer(2089858483,b0f066a214c2f5e87bad3c948f4d605d) (ScriptedImporter) -> (artifact id: 'b1c624585e7749c092b959a260de9bab') in 0.0157405 seconds
Number of updated asset objects reloaded before import = 0Number of asset objects unloaded after import = 1

========================================================================
Received Import Request.
  Time since last request: 0.000018 seconds.
  path: Assets/Flooded_Grounds/Prefabs/Buildings/Structures1/Pavement2_End_A.prefab
  artifactKey: Guid(6e3189c8f251ccb4abb64f3d59c2256a) Importer(2089858483,b0f066a214c2f5e87bad3c948f4d605d)
Start importing Assets/Flooded_Grounds/Prefabs/Buildings/Structures1/Pavement2_End_A.prefab using Guid(6e3189c8f251ccb4abb64f3d59c2256a) Importer(2089858483,b0f066a214c2f5e87bad3c948f4d605d) (ScriptedImporter) -> (artifact id: '4de8551e90877cbc75c62a1e81506902') in 0.0101451 seconds
Number of updated asset objects reloaded before import = 0Number of asset objects unloaded after import = 9

========================================================================
Received Import Request.
  Time since last request: 0.000016 seconds.
  path: Assets/Flooded_Grounds/Prefabs/Buildings/Villa1/Villa1_Floor_Mid_C.prefab
  artifactKey: Guid(d781bf1f233fcee4781b7107a23fe74a) Importer(2089858483,b0f066a214c2f5e87bad3c948f4d605d)
Start importing Assets/Flooded_Grounds/Prefabs/Buildings/Villa1/Villa1_Floor_Mid_C.prefab using Guid(d781bf1f233fcee4781b7107a23fe74a) Importer(2089858483,b0f066a214c2f5e87bad3c948f4d605d) (ScriptedImporter) -> (artifact id: '886c3bfd61201ae6e3213b28acb3a0ce') in 0.0140873 seconds
Number of updated asset objects reloaded before import = 0Number of asset objects unloaded after import = 10

========================================================================
Received Import Request.
  Time since last request: 0.000015 seconds.
  path: Assets/Flooded_Grounds/Content/Meshes/mBuildings/mStructures/Struct_Billboard_A_COL.fbx
  artifactKey: Guid(057c7f5d969c2b0499264ed710fed4b2) Importer(2089858483,b0f066a214c2f5e87bad3c948f4d605d)
Start importing Assets/Flooded_Grounds/Content/Meshes/mBuildings/mStructures/Struct_Billboard_A_COL.fbx using Guid(057c7f5d969c2b0499264ed710fed4b2) Importer(2089858483,b0f066a214c2f5e87bad3c948f4d605d) (ScriptedImporter) -> (artifact id: '5f0ba2e3d1564d19d7b3c758820a6b2c') in 0.013591 seconds
Number of updated asset objects reloaded before import = 0Number of asset objects unloaded after import = 7

========================================================================
Received Import Request.
  Time since last request: 0.000031 seconds.
  path: Assets/Flooded_Grounds/Content/Materials/BLD_Cabins.mat
  artifactKey: Guid(2d96e79d3d44b824381f64be7765f5c2) Importer(2089858483,b0f066a214c2f5e87bad3c948f4d605d)
Start importing Assets/Flooded_Grounds/Content/Materials/BLD_Cabins.mat using Guid(2d96e79d3d44b824381f64be7765f5c2) Importer(2089858483,b0f066a214c2f5e87bad3c948f4d605d) (ScriptedImporter) -> (artifact id: 'c936bd52d7b3ec1fdd5497e64d018f17') in 0.0355494 seconds
Number of updated asset objects reloaded before import = 0Number of asset objects unloaded after import = 7

========================================================================
Received Import Request.
  Time since last request: 0.000020 seconds.
  path: Assets/Flooded_Grounds/Content/Trees/SrcPrefabs/Branch2.prefab
  artifactKey: Guid(66173db9fd0bb3f4183154fc0776711b) Importer(2089858483,b0f066a214c2f5e87bad3c948f4d605d)
Start importing Assets/Flooded_Grounds/Content/Trees/SrcPrefabs/Branch2.prefab using Guid(66173db9fd0bb3f4183154fc0776711b) Importer(2089858483,b0f066a214c2f5e87bad3c948f4d605d) (ScriptedImporter) -> (artifact id: 'afd7e5b394edf1e35c17fac4b35ec1fe') in 0.0111591 seconds
Number of updated asset objects reloaded before import = 0Number of asset objects unloaded after import = 8

========================================================================
Received Import Request.
  Time since last request: 0.000019 seconds.
  path: Assets/Flooded_Grounds/Content/Meshes/mBuildings/mVilla1/Villa1_Roof_Mid_A.fbx
  artifactKey: Guid(364711e18925f244884bed0f02972b8f) Importer(2089858483,b0f066a214c2f5e87bad3c948f4d605d)
Start importing Assets/Flooded_Grounds/Content/Meshes/mBuildings/mVilla1/Villa1_Roof_Mid_A.fbx using Guid(364711e18925f244884bed0f02972b8f) Importer(2089858483,b0f066a214c2f5e87bad3c948f4d605d) (ScriptedImporter) -> (artifact id: '5003f9a3cfd6791786923c8f42e6cfe3') in 0.0136964 seconds
Number of updated asset objects reloaded before import = 0Number of asset objects unloaded after import = 7

========================================================================
Received Import Request.
  Time since last request: 0.000014 seconds.
  path: Assets/Flooded_Grounds/PostProcessing/Utilities/CustomMotionTexture/Models
  artifactKey: Guid(ef5ce588de3614b39b5ba7b0613cbe43) Importer(2089858483,b0f066a214c2f5e87bad3c948f4d605d)
Start importing Assets/Flooded_Grounds/PostProcessing/Utilities/CustomMotionTexture/Models using Guid(ef5ce588de3614b39b5ba7b0613cbe43) Importer(2089858483,b0f066a214c2f5e87bad3c948f4d605d) (ScriptedImporter) -> (artifact id: '063fd36ea6360663639cb5289ec95f6a') in 0.0238368 seconds
Number of updated asset objects reloaded before import = 0Number of asset objects unloaded after import = 1

========================================================================
Received Import Request.
  Time since last request: 0.000019 seconds.
  path: Assets/Flooded_Grounds/Content/Meshes/mBuildings/mStructures/Struct_Billboard_C.fbx
  artifactKey: Guid(c6f8b1e6328df5c4da4eb3ca2d663008) Importer(2089858483,b0f066a214c2f5e87bad3c948f4d605d)
Start importing Assets/Flooded_Grounds/Content/Meshes/mBuildings/mStructures/Struct_Billboard_C.fbx using Guid(c6f8b1e6328df5c4da4eb3ca2d663008) Importer(2089858483,b0f066a214c2f5e87bad3c948f4d605d) (ScriptedImporter) -> (artifact id: '6c5b26f220be53b61477eadac3df08c0') in 0.0269452 seconds
Number of updated asset objects reloaded before import = 0Number of asset objects unloaded after import = 20

========================================================================
Received Import Request.
  Time since last request: 0.000024 seconds.
  path: Assets/Flooded_Grounds/Content/Meshes/mBuildings/mStructures/Struct_Pavilion_A.fbx
  artifactKey: Guid(96bc21f18d784134caccf6246836dcc0) Importer(2089858483,b0f066a214c2f5e87bad3c948f4d605d)
Start importing Assets/Flooded_Grounds/Content/Meshes/mBuildings/mStructures/Struct_Pavilion_A.fbx using Guid(96bc21f18d784134caccf6246836dcc0) Importer(2089858483,b0f066a214c2f5e87bad3c948f4d605d) (ScriptedImporter) -> (artifact id: '00773b5625782cc03ebc81e38393da53') in 0.0309367 seconds
Number of updated asset objects reloaded before import = 0Number of asset objects unloaded after import = 20

========================================================================
Received Import Request.
  Time since last request: 0.000019 seconds.
  path: Assets/Flooded_Grounds/Content/Meshes/mBuildings/mVilla2/Villa2_Base_Cor_A.fbx
  artifactKey: Guid(473e0550bfcf5744d908d07506e67a7d) Importer(2089858483,b0f066a214c2f5e87bad3c948f4d605d)
Start importing Assets/Flooded_Grounds/Content/Meshes/mBuildings/mVilla2/Villa2_Base_Cor_A.fbx using Guid(473e0550bfcf5744d908d07506e67a7d) Importer(2089858483,b0f066a214c2f5e87bad3c948f4d605d) (ScriptedImporter) -> (artifact id: '500797c9064c17062b09d1917892dc34') in 0.0356841 seconds
Number of updated asset objects reloaded before import = 0Number of asset objects unloaded after import = 7

========================================================================
Received Import Request.
  Time since last request: 0.000019 seconds.
  path: Assets/Flooded_Grounds/Content/Meshes/mBuildings/mVilla2/Villa2_Deco_Handrail1_Mid_A.fbx
  artifactKey: Guid(e1b329b5ccf8aea4d82ee4ef7c5f0e05) Importer(2089858483,b0f066a214c2f5e87bad3c948f4d605d)
Start importing Assets/Flooded_Grounds/Content/Meshes/mBuildings/mVilla2/Villa2_Deco_Handrail1_Mid_A.fbx using Guid(e1b329b5ccf8aea4d82ee4ef7c5f0e05) Importer(2089858483,b0f066a214c2f5e87bad3c948f4d605d) (ScriptedImporter) -> (artifact id: '923d9636096bd2c2a6cc5df2ba26f88c') in 0.0140236 seconds
Number of updated asset objects reloaded before import = 0Number of asset objects unloaded after import = 7

========================================================================
Received Import Request.
  Time since last request: 0.000021 seconds.
  path: Assets/Flooded_Grounds/Content/Meshes/mProps/lo_Prop_Sofa_A.fbx
  artifactKey: Guid(8d26495cd3a904b4da2f6c636f9c466c) Importer(2089858483,b0f066a214c2f5e87bad3c948f4d605d)
Start importing Assets/Flooded_Grounds/Content/Meshes/mProps/lo_Prop_Sofa_A.fbx using Guid(8d26495cd3a904b4da2f6c636f9c466c) Importer(2089858483,b0f066a214c2f5e87bad3c948f4d605d) (ScriptedImporter) -> (artifact id: '7799065b38c1891e335621b6af6f838c') in 0.0148885 seconds
Number of updated asset objects reloaded before import = 0Number of asset objects unloaded after import = 15

========================================================================
Received Import Request.
  Time since last request: 0.000030 seconds.
  path: Assets/Flooded_Grounds/Content/Meshes/mBuildings/mVilla1/Villa1_Deco_Handrail1_Mid_A.fbx
  artifactKey: Guid(6a7c44512bf914d4b8dcbba24c18036d) Importer(2089858483,b0f066a214c2f5e87bad3c948f4d605d)
Start importing Assets/Flooded_Grounds/Content/Meshes/mBuildings/mVilla1/Villa1_Deco_Handrail1_Mid_A.fbx using Guid(6a7c44512bf914d4b8dcbba24c18036d) Importer(2089858483,b0f066a214c2f5e87bad3c948f4d605d) (ScriptedImporter) -> (artifact id: 'b8d5f039a1ca3a8a7429ca66e26ec6a9') in 0.0145864 seconds
Number of updated asset objects reloaded before import = 0Number of asset objects unloaded after import = 7

========================================================================
Received Import Request.
  Time since last request: 0.000021 seconds.
  path: Assets/Flooded_Grounds/Content/Textures/GR_Dirt1_AS.tif
  artifactKey: Guid(02673374cc571ec438a822816aabffff) Importer(2089858483,b0f066a214c2f5e87bad3c948f4d605d)
Start importing Assets/Flooded_Grounds/Content/Textures/GR_Dirt1_AS.tif using Guid(02673374cc571ec438a822816aabffff) Importer(2089858483,b0f066a214c2f5e87bad3c948f4d605d) (ScriptedImporter) -> (artifact id: 'af2c20d304b597a6398f5410086f96be') in 0.01317 seconds
Number of updated asset objects reloaded before import = 0Number of asset objects unloaded after import = 1

========================================================================
Received Import Request.
  Time since last request: 0.000019 seconds.
  path: Assets/Flooded_Grounds/Prefabs/Nature/Trees/TreeCreator_Small_B.prefab
  artifactKey: Guid(01643aaa7b23a2a45a76b3dc86715fab) Importer(2089858483,b0f066a214c2f5e87bad3c948f4d605d)
Start importing Assets/Flooded_Grounds/Prefabs/Nature/Trees/TreeCreator_Small_B.prefab using Guid(01643aaa7b23a2a45a76b3dc86715fab) Importer(2089858483,b0f066a214c2f5e87bad3c948f4d605d) (ScriptedImporter) -> (artifact id: 'd757730b279a4fa21208fb15edb6fd4a') in 0.0470076 seconds
Number of updated asset objects reloaded before import = 0Number of asset objects unloaded after import = 33

========================================================================
Received Import Request.
  Time since last request: 0.000015 seconds.
  path: Assets/Flooded_Grounds/Content/Meshes/mBuildings/mVilla2/Villa2_Deco_Column_Mid_A.fbx
  artifactKey: Guid(94a4dae0316550a4e9e4c2b30543c7bd) Importer(2089858483,b0f066a214c2f5e87bad3c948f4d605d)
Start importing Assets/Flooded_Grounds/Content/Meshes/mBuildings/mVilla2/Villa2_Deco_Column_Mid_A.fbx using Guid(94a4dae0316550a4e9e4c2b30543c7bd) Importer(2089858483,b0f066a214c2f5e87bad3c948f4d605d) (ScriptedImporter) -> (artifact id: 'b32efda0dfc56a9265ac31eb65068471') in 0.0123696 seconds
Number of updated asset objects reloaded before import = 0Number of asset objects unloaded after import = 7

========================================================================
Received Import Request.
  Time since last request: 0.000024 seconds.
  path: Assets/Flooded_Grounds/Prefabs/Props/Prop_Pulpit_A.prefab
  artifactKey: Guid(c2e8a3a68e2bc204b950f65c7c7ecef6) Importer(2089858483,b0f066a214c2f5e87bad3c948f4d605d)
Start importing Assets/Flooded_Grounds/Prefabs/Props/Prop_Pulpit_A.prefab using Guid(c2e8a3a68e2bc204b950f65c7c7ecef6) Importer(2089858483,b0f066a214c2f5e87bad3c948f4d605d) (ScriptedImporter) -> (artifact id: '7dd3cba2269aeaefbba5f73783cb27d0') in 0.0093398 seconds
Number of updated asset objects reloaded before import = 0Number of asset objects unloaded after import = 17

========================================================================
Received Import Request.
  Time since last request: 0.000029 seconds.
  path: Assets/Flooded_Grounds/PostProcessing/Runtime/PostProcessingModel.cs
  artifactKey: Guid(28413153a26e53342baf1a7b2c3711c3) Importer(2089858483,b0f066a214c2f5e87bad3c948f4d605d)
Start importing Assets/Flooded_Grounds/PostProcessing/Runtime/PostProcessingModel.cs using Guid(28413153a26e53342baf1a7b2c3711c3) Importer(2089858483,b0f066a214c2f5e87bad3c948f4d605d) (ScriptedImporter) -> (artifact id: 'a3bc3d93536b560b6deec87701875feb') in 0.0086723 seconds
Number of updated asset objects reloaded before import = 0Number of asset objects unloaded after import = 0

========================================================================
Received Import Request.
  Time since last request: 0.000013 seconds.
  path: Assets/Flooded_Grounds/Prefabs/Buildings/Structures1/Struct_ExtStairs_B.prefab
  artifactKey: Guid(4a1c69b90f1bb304a928f19ce913cecc) Importer(2089858483,b0f066a214c2f5e87bad3c948f4d605d)
Start importing Assets/Flooded_Grounds/Prefabs/Buildings/Structures1/Struct_ExtStairs_B.prefab using Guid(4a1c69b90f1bb304a928f19ce913cecc) Importer(2089858483,b0f066a214c2f5e87bad3c948f4d605d) (ScriptedImporter) -> (artifact id: '4080dbbce1e07585a5e418dc60f32a27') in 0.0104241 seconds
Number of updated asset objects reloaded before import = 0Number of asset objects unloaded after import = 23

========================================================================
Received Import Request.
  Time since last request: 0.000017 seconds.
  path: Assets/Flooded_Grounds/Prefabs/Buildings/Villa2/Villa2_Deco_Column_Top_B.prefab
  artifactKey: Guid(38a7a7adba1d0aa49bb822e1054ae053) Importer(2089858483,b0f066a214c2f5e87bad3c948f4d605d)
Start importing Assets/Flooded_Grounds/Prefabs/Buildings/Villa2/Villa2_Deco_Column_Top_B.prefab using Guid(38a7a7adba1d0aa49bb822e1054ae053) Importer(2089858483,b0f066a214c2f5e87bad3c948f4d605d) (ScriptedImporter) -> (artifact id: '873f9cd4addc329e9d01c76a3986428c') in 0.0184116 seconds
Number of updated asset objects reloaded before import = 0Number of asset objects unloaded after import = 9

========================================================================
Received Import Request.
  Time since last request: 0.000016 seconds.
  path: Assets/Flooded_Grounds/PostProcessing/Runtime/Utils
  artifactKey: Guid(18fb6a6b698945843a16c2d0111a7af2) Importer(2089858483,b0f066a214c2f5e87bad3c948f4d605d)
Start importing Assets/Flooded_Grounds/PostProcessing/Runtime/Utils using Guid(18fb6a6b698945843a16c2d0111a7af2) Importer(2089858483,b0f066a214c2f5e87bad3c948f4d605d) (ScriptedImporter) -> (artifact id: 'bf08287187cef19b7b441e8c279a8f4c') in 0.0107952 seconds
Number of updated asset objects reloaded before import = 0Number of asset objects unloaded after import = 1

========================================================================
Received Import Request.
  Time since last request: 0.000021 seconds.
  path: Assets/Flooded_Grounds/Content/Meshes/mBuildings/mVilla2/Villa2_Base_Stairs_A.fbx
  artifactKey: Guid(c13f39f1ce11d7748b3e1f112635cbba) Importer(2089858483,b0f066a214c2f5e87bad3c948f4d605d)
Start importing Assets/Flooded_Grounds/Content/Meshes/mBuildings/mVilla2/Villa2_Base_Stairs_A.fbx using Guid(c13f39f1ce11d7748b3e1f112635cbba) Importer(2089858483,b0f066a214c2f5e87bad3c948f4d605d) (ScriptedImporter) -> (artifact id: '9fff804262a1e1d37cd5ce16b23132b6') in 0.0151763 seconds
Number of updated asset objects reloaded before import = 0Number of asset objects unloaded after import = 7

========================================================================
Received Import Request.
  Time since last request: 0.000028 seconds.
  path: Assets/Flooded_Grounds/Prefabs/Sounds
  artifactKey: Guid(1838b351770f5db4e864448dc7387a07) Importer(2089858483,b0f066a214c2f5e87bad3c948f4d605d)
Start importing Assets/Flooded_Grounds/Prefabs/Sounds using Guid(1838b351770f5db4e864448dc7387a07) Importer(2089858483,b0f066a214c2f5e87bad3c948f4d605d) (ScriptedImporter) -> (artifact id: 'ef3a61db38f53e2054dd8fc602631926') in 0.0100116 seconds
Number of updated asset objects reloaded before import = 0Number of asset objects unloaded after import = 1

========================================================================
Received Import Request.
  Time since last request: 0.000014 seconds.
  path: Assets/Flooded_Grounds/Content/Trees/SrcMaterials/Trunk2.mat
  artifactKey: Guid(d203f03e80eaaa04793f65768ad06710) Importer(2089858483,b0f066a214c2f5e87bad3c948f4d605d)
Start importing Assets/Flooded_Grounds/Content/Trees/SrcMaterials/Trunk2.mat using Guid(d203f03e80eaaa04793f65768ad06710) Importer(2089858483,b0f066a214c2f5e87bad3c948f4d605d) (ScriptedImporter) -> (artifact id: 'bec26506e2360db3b904de9298cad141') in 0.0124945 seconds
Number of updated asset objects reloaded before import = 0Number of asset objects unloaded after import = 2

========================================================================
Received Import Request.
  Time since last request: 0.000020 seconds.
  path: Assets/Flooded_Grounds/Prefabs/Nature/Trees/TreeCreator_Tall_C_Textures/diffuse.png
  artifactKey: Guid(d7f9639a9987293409af61852e3395c7) Importer(2089858483,b0f066a214c2f5e87bad3c948f4d605d)
Start importing Assets/Flooded_Grounds/Prefabs/Nature/Trees/TreeCreator_Tall_C_Textures/diffuse.png using Guid(d7f9639a9987293409af61852e3395c7) Importer(2089858483,b0f066a214c2f5e87bad3c948f4d605d) (ScriptedImporter) -> (artifact id: 'ae4eba4aef12aec5dce5732a3bf1ad28') in 0.0134521 seconds
Number of updated asset objects reloaded before import = 0Number of asset objects unloaded after import = 1

========================================================================
Received Import Request.
  Time since last request: 0.000016 seconds.
  path: Assets/Flooded_Grounds/Content/Trees/SrcMaterials/BushFlower.mat
  artifactKey: Guid(0342f626db4640949b5957c4231e5a2d) Importer(2089858483,b0f066a214c2f5e87bad3c948f4d605d)
Start importing Assets/Flooded_Grounds/Content/Trees/SrcMaterials/BushFlower.mat using Guid(0342f626db4640949b5957c4231e5a2d) Importer(2089858483,b0f066a214c2f5e87bad3c948f4d605d) (ScriptedImporter) -> (artifact id: '8015798f19dfcde5da3b965e7f981154') in 0.0786076 seconds
Number of updated asset objects reloaded before import = 0Number of asset objects unloaded after import = 3

========================================================================
Received Import Request.
  Time since last request: 0.000023 seconds.
  path: Assets/Flooded_Grounds/Content/Textures/PROP_Gravestones1_A.tif
  artifactKey: Guid(36c1af4765cc5e94da5e1bc2fb6a7077) Importer(2089858483,b0f066a214c2f5e87bad3c948f4d605d)
Start importing Assets/Flooded_Grounds/Content/Textures/PROP_Gravestones1_A.tif using Guid(36c1af4765cc5e94da5e1bc2fb6a7077) Importer(2089858483,b0f066a214c2f5e87bad3c948f4d605d) (ScriptedImporter) -> (artifact id: '62eba3a881096d75ecd77144a9535c53') in 0.0151997 seconds
Number of updated asset objects reloaded before import = 0Number of asset objects unloaded after import = 1

========================================================================
Received Import Request.
  Time since last request: 0.000032 seconds.
  path: Assets/Flooded_Grounds/Prefabs/Helpers
  artifactKey: Guid(f895f34ade0839344bd5e489732abcc2) Importer(2089858483,b0f066a214c2f5e87bad3c948f4d605d)
Start importing Assets/Flooded_Grounds/Prefabs/Helpers using Guid(f895f34ade0839344bd5e489732abcc2) Importer(2089858483,b0f066a214c2f5e87bad3c948f4d605d) (ScriptedImporter) -> (artifact id: 'cc0f91686de88e5399f15183ccfcc318') in 0.0095107 seconds
Number of updated asset objects reloaded before import = 0Number of asset objects unloaded after import = 1

========================================================================
Received Import Request.
  Time since last request: 0.000014 seconds.
  path: Assets/Flooded_Grounds/Prefabs/Buildings/Structures1/Struct_Fence1_Column_A_DM.prefab
  artifactKey: Guid(8cfafaa03df8a814bbaeecb52ab759cb) Importer(2089858483,b0f066a214c2f5e87bad3c948f4d605d)
Start importing Assets/Flooded_Grounds/Prefabs/Buildings/Structures1/Struct_Fence1_Column_A_DM.prefab using Guid(8cfafaa03df8a814bbaeecb52ab759cb) Importer(2089858483,b0f066a214c2f5e87bad3c948f4d605d) (ScriptedImporter) -> (artifact id: '2fde640f6be0dda1d3aa2f3531c008e8') in 0.0163796 seconds
Number of updated asset objects reloaded before import = 0Number of asset objects unloaded after import = 10

========================================================================
Received Import Request.
  Time since last request: 0.000015 seconds.
  path: Assets/Flooded_Grounds/Prefabs/Props/Prop_Lamp_E.prefab
  artifactKey: Guid(5d0e2f3c9733ad24c8a19d2e89ac5add) Importer(2089858483,b0f066a214c2f5e87bad3c948f4d605d)
Start importing Assets/Flooded_Grounds/Prefabs/Props/Prop_Lamp_E.prefab using Guid(5d0e2f3c9733ad24c8a19d2e89ac5add) Importer(2089858483,b0f066a214c2f5e87bad3c948f4d605d) (ScriptedImporter) -> (artifact id: '05ad2199857b594208c6e640a582adef') in 0.028434 seconds
Number of updated asset objects reloaded before import = 0Number of asset objects unloaded after import = 17

========================================================================
Received Import Request.
  Time since last request: 0.000020 seconds.
  path: Assets/Flooded_Grounds/Content/Meshes/mNature/mBushes/DecoBush_D.fbx
  artifactKey: Guid(6a8ad6fc9049800429f4239ea517123a) Importer(2089858483,b0f066a214c2f5e87bad3c948f4d605d)
Start importing Assets/Flooded_Grounds/Content/Meshes/mNature/mBushes/DecoBush_D.fbx using Guid(6a8ad6fc9049800429f4239ea517123a) Importer(2089858483,b0f066a214c2f5e87bad3c948f4d605d) (ScriptedImporter) -> (artifact id: 'b586b4abe32ff0fe7d0c2cd75e2f16f7') in 0.025078 seconds
Number of updated asset objects reloaded before import = 0Number of asset objects unloaded after import = 7

========================================================================
Received Import Request.
  Time since last request: 0.000020 seconds.
  path: Assets/Flooded_Grounds/Prefabs/Buildings/Villa1/Villa1_Wall_Mid_E.prefab
  artifactKey: Guid(0629b26a98ce01a46b7bf9348c41bb30) Importer(2089858483,b0f066a214c2f5e87bad3c948f4d605d)
Start importing Assets/Flooded_Grounds/Prefabs/Buildings/Villa1/Villa1_Wall_Mid_E.prefab using Guid(0629b26a98ce01a46b7bf9348c41bb30) Importer(2089858483,b0f066a214c2f5e87bad3c948f4d605d) (ScriptedImporter) -> (artifact id: 'a6b9cb24d18d9eb5f546a73185d33b79') in 0.0136279 seconds
Number of updated asset objects reloaded before import = 0Number of asset objects unloaded after import = 9

========================================================================
Received Import Request.
  Time since last request: 0.000029 seconds.
  path: Assets/Flooded_Grounds/PostProcessing/Resources/Bluenoise64/LDR_LLL1_0.png
  artifactKey: Guid(50b54341495978843a6f85583ed4417d) Importer(2089858483,b0f066a214c2f5e87bad3c948f4d605d)
Start importing Assets/Flooded_Grounds/PostProcessing/Resources/Bluenoise64/LDR_LLL1_0.png using Guid(50b54341495978843a6f85583ed4417d) Importer(2089858483,b0f066a214c2f5e87bad3c948f4d605d) (ScriptedImporter) -> (artifact id: '41eecf4526d7170454c4e0bce3934f7a') in 0.0125026 seconds
Number of updated asset objects reloaded before import = 0Number of asset objects unloaded after import = 1

========================================================================
Received Import Request.
  Time since last request: 0.000016 seconds.
  path: Assets/Flooded_Grounds/PostProcessing/Runtime/Components/GrainComponent.cs
  artifactKey: Guid(6ff793ec42153c34799eed059982bac3) Importer(2089858483,b0f066a214c2f5e87bad3c948f4d605d)
Start importing Assets/Flooded_Grounds/PostProcessing/Runtime/Components/GrainComponent.cs using Guid(6ff793ec42153c34799eed059982bac3) Importer(2089858483,b0f066a214c2f5e87bad3c948f4d605d) (ScriptedImporter) -> (artifact id: 'e4f1dd434b151a3cd7c06597003edd3b') in 0.0101996 seconds
Number of updated asset objects reloaded before import = 0Number of asset objects unloaded after import = 0

========================================================================
Received Import Request.
  Time since last request: 0.000021 seconds.
  path: Assets/Flooded_Grounds/Prefabs/Buildings/Villa1/Villa1_Top_Cor_A.prefab
  artifactKey: Guid(c07e4a61a403f6c4d9c06befc65876fd) Importer(2089858483,b0f066a214c2f5e87bad3c948f4d605d)
Start importing Assets/Flooded_Grounds/Prefabs/Buildings/Villa1/Villa1_Top_Cor_A.prefab using Guid(c07e4a61a403f6c4d9c06befc65876fd) Importer(2089858483,b0f066a214c2f5e87bad3c948f4d605d) (ScriptedImporter) -> (artifact id: '6019334adb7cd079911aceb2cbd0f15a') in 0.0139732 seconds
Number of updated asset objects reloaded before import = 0Number of asset objects unloaded after import = 9

========================================================================
Received Import Request.
  Time since last request: 0.000020 seconds.
  path: Assets/Flooded_Grounds/Content/Textures/BLD_Villa1_AO.tif
  artifactKey: Guid(ba402f1b7239e624694502c95edce603) Importer(2089858483,b0f066a214c2f5e87bad3c948f4d605d)
Start importing Assets/Flooded_Grounds/Content/Textures/BLD_Villa1_AO.tif using Guid(ba402f1b7239e624694502c95edce603) Importer(2089858483,b0f066a214c2f5e87bad3c948f4d605d) (ScriptedImporter) -> (artifact id: '88a53e4285ccb19720d6b329a645da05') in 0.0144111 seconds
Number of updated asset objects reloaded before import = 0Number of asset objects unloaded after import = 1

========================================================================
Received Import Request.
  Time since last request: 0.000019 seconds.
  path: Assets/Flooded_Grounds/Content/Meshes/mBackgrounds/BGR_Factory_A.fbx
  artifactKey: Guid(a201c7c761d9632468fb3896c03314d6) Importer(2089858483,b0f066a214c2f5e87bad3c948f4d605d)
Start importing Assets/Flooded_Grounds/Content/Meshes/mBackgrounds/BGR_Factory_A.fbx using Guid(a201c7c761d9632468fb3896c03314d6) Importer(2089858483,b0f066a214c2f5e87bad3c948f4d605d) (ScriptedImporter) -> (artifact id: '3697bfaf22a019500c433057b8c5ca0b') in 0.0151662 seconds
Number of updated asset objects reloaded before import = 0Number of asset objects unloaded after import = 7

========================================================================
Received Import Request.
  Time since last request: 0.000031 seconds.
  path: Assets/Flooded_Grounds/Prefabs/Buildings/Cabins/Cabin2_Ext1.prefab
  artifactKey: Guid(c391fb740f9eb854b8f5f65fdee0e866) Importer(2089858483,b0f066a214c2f5e87bad3c948f4d605d)
Start importing Assets/Flooded_Grounds/Prefabs/Buildings/Cabins/Cabin2_Ext1.prefab using Guid(c391fb740f9eb854b8f5f65fdee0e866) Importer(2089858483,b0f066a214c2f5e87bad3c948f4d605d) (ScriptedImporter) -> (artifact id: '67447340c8928600d41b006a8cf1dca3') in 0.0129637 seconds
Number of updated asset objects reloaded before import = 0Number of asset objects unloaded after import = 9

========================================================================
Received Import Request.
  Time since last request: 0.000018 seconds.
  path: Assets/Flooded_Grounds/Prefabs/Buildings/Villa1
  artifactKey: Guid(cfc6929cdbfe72741bdfe5a6afafcb13) Importer(2089858483,b0f066a214c2f5e87bad3c948f4d605d)
Start importing Assets/Flooded_Grounds/Prefabs/Buildings/Villa1 using Guid(cfc6929cdbfe72741bdfe5a6afafcb13) Importer(2089858483,b0f066a214c2f5e87bad3c948f4d605d) (ScriptedImporter) -> (artifact id: '0be2676d8e5f9c465d1c9952e9d2ebf3') in 0.0089203 seconds
Number of updated asset objects reloaded before import = 0Number of asset objects unloaded after import = 1

========================================================================
Received Import Request.
  Time since last request: 0.000015 seconds.
  path: Assets/Flooded_Grounds/Prefabs/Buildings/Villa2/Villa2_Top_Cor_B.prefab
  artifactKey: Guid(bd79f7f83a9f64c41abd4b5203ff3971) Importer(2089858483,b0f066a214c2f5e87bad3c948f4d605d)
Start importing Assets/Flooded_Grounds/Prefabs/Buildings/Villa2/Villa2_Top_Cor_B.prefab using Guid(bd79f7f83a9f64c41abd4b5203ff3971) Importer(2089858483,b0f066a214c2f5e87bad3c948f4d605d) (ScriptedImporter) -> (artifact id: '22203f29d45ac33c72669334dee822cb') in 0.0132358 seconds
Number of updated asset objects reloaded before import = 0Number of asset objects unloaded after import = 9

========================================================================
Received Import Request.
  Time since last request: 0.000017 seconds.
  path: Assets/Flooded_Grounds/PostProcessing/Resources/Shaders/ColorGrading.cginc
  artifactKey: Guid(26a62c2e30be83547bdfa9fe837165e3) Importer(2089858483,b0f066a214c2f5e87bad3c948f4d605d)
Start importing Assets/Flooded_Grounds/PostProcessing/Resources/Shaders/ColorGrading.cginc using Guid(26a62c2e30be83547bdfa9fe837165e3) Importer(2089858483,b0f066a214c2f5e87bad3c948f4d605d) (ScriptedImporter) -> (artifact id: '80c96d444607365f1f7ed056c18781c3') in 0.0112045 seconds
Number of updated asset objects reloaded before import = 0Number of asset objects unloaded after import = 1

========================================================================
Received Import Request.
  Time since last request: 0.000021 seconds.
  path: Assets/Flooded_Grounds/PostProcessing/Resources/Bluenoise64/LDR_LLL1_55.png
  artifactKey: Guid(5e542d0126a2c7848b66bffc428905fd) Importer(2089858483,b0f066a214c2f5e87bad3c948f4d605d)
Start importing Assets/Flooded_Grounds/PostProcessing/Resources/Bluenoise64/LDR_LLL1_55.png using Guid(5e542d0126a2c7848b66bffc428905fd) Importer(2089858483,b0f066a214c2f5e87bad3c948f4d605d) (ScriptedImporter) -> (artifact id: 'f7039c31372e0d2d5d5efce33a9201a7') in 0.0122996 seconds
Number of updated asset objects reloaded before import = 0Number of asset objects unloaded after import = 1

========================================================================
Received Import Request.
  Time since last request: 0.000021 seconds.
  path: Assets/Flooded_Grounds/Content/Meshes/mNature/mRocks/lo_Rock_B.fbx
  artifactKey: Guid(5194e6cdfd55bf8438ebf6e665a18e9c) Importer(2089858483,b0f066a214c2f5e87bad3c948f4d605d)
Start importing Assets/Flooded_Grounds/Content/Meshes/mNature/mRocks/lo_Rock_B.fbx using Guid(5194e6cdfd55bf8438ebf6e665a18e9c) Importer(2089858483,b0f066a214c2f5e87bad3c948f4d605d) (ScriptedImporter) -> (artifact id: '9547b3e83bc36ef6cafe895d2d5de67d') in 0.0168366 seconds
Number of updated asset objects reloaded before import = 0Number of asset objects unloaded after import = 20

========================================================================
Received Import Request.
  Time since last request: 0.000017 seconds.
  path: Assets/Flooded_Grounds/Content/Meshes/mBuildings/mGreenHouse/GreenHouse1_End_A.fbx
  artifactKey: Guid(ac7cddd11f4e207499d4f0adad2f3604) Importer(2089858483,b0f066a214c2f5e87bad3c948f4d605d)
Start importing Assets/Flooded_Grounds/Content/Meshes/mBuildings/mGreenHouse/GreenHouse1_End_A.fbx using Guid(ac7cddd11f4e207499d4f0adad2f3604) Importer(2089858483,b0f066a214c2f5e87bad3c948f4d605d) (ScriptedImporter) -> (artifact id: '874bd96299521bb2dd38296ab6284af8') in 0.0164276 seconds
Number of updated asset objects reloaded before import = 0Number of asset objects unloaded after import = 7

========================================================================
Received Import Request.
  Time since last request: 0.000017 seconds.
  path: Assets/Flooded_Grounds/Content/Textures/PROP_Gravestones1_N.tif
  artifactKey: Guid(7cd0e8a8815bb0143a259b81bab8c78a) Importer(2089858483,b0f066a214c2f5e87bad3c948f4d605d)
Start importing Assets/Flooded_Grounds/Content/Textures/PROP_Gravestones1_N.tif using Guid(7cd0e8a8815bb0143a259b81bab8c78a) Importer(2089858483,b0f066a214c2f5e87bad3c948f4d605d) (ScriptedImporter) -> (artifact id: 'adfaae5792e93a1def933b187dd527d5') in 0.0237575 seconds
Number of updated asset objects reloaded before import = 0Number of asset objects unloaded after import = 1

========================================================================
Received Import Request.
  Time since last request: 0.000021 seconds.
  path: Assets/Flooded_Grounds/PostProcessing/Resources/Bluenoise64/LDR_LLL1_14.png
  artifactKey: Guid(f6439b54b28f3884eb67579dec0b6f21) Importer(2089858483,b0f066a214c2f5e87bad3c948f4d605d)
Start importing Assets/Flooded_Grounds/PostProcessing/Resources/Bluenoise64/LDR_LLL1_14.png using Guid(f6439b54b28f3884eb67579dec0b6f21) Importer(2089858483,b0f066a214c2f5e87bad3c948f4d605d) (ScriptedImporter) -> (artifact id: '665414235208f15747ef5d4a872d7dc6') in 0.0137174 seconds
Number of updated asset objects reloaded before import = 0Number of asset objects unloaded after import = 1

========================================================================
Received Import Request.
  Time since last request: 0.000019 seconds.
  path: Assets/Flooded_Grounds/Content/Meshes/mProps/lo_Prop_Lamp_B.fbx
  artifactKey: Guid(456d7278bbe007241b6fdb6cb5b90de0) Importer(2089858483,b0f066a214c2f5e87bad3c948f4d605d)
Start importing Assets/Flooded_Grounds/Content/Meshes/mProps/lo_Prop_Lamp_B.fbx using Guid(456d7278bbe007241b6fdb6cb5b90de0) Importer(2089858483,b0f066a214c2f5e87bad3c948f4d605d) (ScriptedImporter) -> (artifact id: '5a2bafd956efed162089b62e9e7a3607') in 0.0135189 seconds
Number of updated asset objects reloaded before import = 0Number of asset objects unloaded after import = 15

========================================================================
Received Import Request.
  Time since last request: 0.000023 seconds.
  path: Assets/Flooded_Grounds/Prefabs/Buildings/BrickHouse/BrickHouse_IntStairs_A.prefab
  artifactKey: Guid(f20c46319d796fd49812eef9f80d87a6) Importer(2089858483,b0f066a214c2f5e87bad3c948f4d605d)
Start importing Assets/Flooded_Grounds/Prefabs/Buildings/BrickHouse/BrickHouse_IntStairs_A.prefab using Guid(f20c46319d796fd49812eef9f80d87a6) Importer(2089858483,b0f066a214c2f5e87bad3c948f4d605d) (ScriptedImporter) -> (artifact id: '744c004ea8016541d44e2bbbfc424ff0') in 0.0156993 seconds
Number of updated asset objects reloaded before import = 0Number of asset objects unloaded after import = 10

========================================================================
Received Import Request.
  Time since last request: 0.000015 seconds.
  path: Assets/Flooded_Grounds/Content/Textures/NAT_Hedge1_A.tif
  artifactKey: Guid(4afee4e1180c3b94cae45ca1e64d7c24) Importer(2089858483,b0f066a214c2f5e87bad3c948f4d605d)
Start importing Assets/Flooded_Grounds/Content/Textures/NAT_Hedge1_A.tif using Guid(4afee4e1180c3b94cae45ca1e64d7c24) Importer(2089858483,b0f066a214c2f5e87bad3c948f4d605d) (ScriptedImporter) -> (artifact id: '481d62617f2f1820b8458d660365f678') in 0.0131976 seconds
Number of updated asset objects reloaded before import = 0Number of asset objects unloaded after import = 1

========================================================================
Received Import Request.
  Time since last request: 0.000015 seconds.
  path: Assets/Flooded_Grounds/Content/Textures/DET_Rust1_N.tif
  artifactKey: Guid(e1302a654ba0d9c49b645d40bedd313d) Importer(2089858483,b0f066a214c2f5e87bad3c948f4d605d)
Start importing Assets/Flooded_Grounds/Content/Textures/DET_Rust1_N.tif using Guid(e1302a654ba0d9c49b645d40bedd313d) Importer(2089858483,b0f066a214c2f5e87bad3c948f4d605d) (ScriptedImporter) -> (artifact id: '2966467e060e3e956bcc897858be4dce') in 0.0133524 seconds
Number of updated asset objects reloaded before import = 0Number of asset objects unloaded after import = 1

========================================================================
Received Import Request.
  Time since last request: 0.000021 seconds.
  path: Assets/Flooded_Grounds/Content/Meshes/mBuildings/mVilla2/Villa2_Deco_Handrail1_Mid_A_DM.fbx
  artifactKey: Guid(eb3d997ec2fd70045be2ef32ef3c5e03) Importer(2089858483,b0f066a214c2f5e87bad3c948f4d605d)
Start importing Assets/Flooded_Grounds/Content/Meshes/mBuildings/mVilla2/Villa2_Deco_Handrail1_Mid_A_DM.fbx using Guid(eb3d997ec2fd70045be2ef32ef3c5e03) Importer(2089858483,b0f066a214c2f5e87bad3c948f4d605d) (ScriptedImporter) -> (artifact id: '089a0002e2cfadc64cb5c3c78b04b9c1') in 0.0167971 seconds
Number of updated asset objects reloaded before import = 0Number of asset objects unloaded after import = 7

========================================================================
Received Import Request.
  Time since last request: 0.000021 seconds.
  path: Assets/Flooded_Grounds/PostProcessing/Runtime/Attributes/MinAttribute.cs
  artifactKey: Guid(9af2f505033843c46a362e251937acb1) Importer(2089858483,b0f066a214c2f5e87bad3c948f4d605d)
Start importing Assets/Flooded_Grounds/PostProcessing/Runtime/Attributes/MinAttribute.cs using Guid(9af2f505033843c46a362e251937acb1) Importer(2089858483,b0f066a214c2f5e87bad3c948f4d605d) (ScriptedImporter) -> (artifact id: '4b2ee2fb93c266c1363010099b6e863c') in 0.0101913 seconds
Number of updated asset objects reloaded before import = 0Number of asset objects unloaded after import = 0

========================================================================
Received Import Request.
  Time since last request: 0.000030 seconds.
  path: Assets/Flooded_Grounds/Content/Meshes/mProps/lo_Prop_Car_A.fbx
  artifactKey: Guid(320890f06b29ef743af9c7fa85b2ef46) Importer(2089858483,b0f066a214c2f5e87bad3c948f4d605d)
Start importing Assets/Flooded_Grounds/Content/Meshes/mProps/lo_Prop_Car_A.fbx using Guid(320890f06b29ef743af9c7fa85b2ef46) Importer(2089858483,b0f066a214c2f5e87bad3c948f4d605d) (ScriptedImporter) -> (artifact id: 'c346ed64391f3b04ee1f90a06978feaa') in 0.0281744 seconds
Number of updated asset objects reloaded before import = 0Number of asset objects unloaded after import = 20

========================================================================
Received Import Request.
  Time since last request: 0.000022 seconds.
  path: Assets/Flooded_Grounds/Content/Meshes/mProps/lo_Prop_SmallTable_A.fbx
  artifactKey: Guid(74088f6e691cf8545a0446010adcc943) Importer(2089858483,b0f066a214c2f5e87bad3c948f4d605d)
Start importing Assets/Flooded_Grounds/Content/Meshes/mProps/lo_Prop_SmallTable_A.fbx using Guid(74088f6e691cf8545a0446010adcc943) Importer(2089858483,b0f066a214c2f5e87bad3c948f4d605d) (ScriptedImporter) -> (artifact id: 'ae288a78ce43dc8798a4c502d8e6efbf') in 0.0160219 seconds
Number of updated asset objects reloaded before import = 0Number of asset objects unloaded after import = 15

========================================================================
Received Import Request.
  Time since last request: 0.000018 seconds.
  path: Assets/Flooded_Grounds/Prefabs/Buildings/Villa1/Villa1_Base_Mid_A.prefab
  artifactKey: Guid(eb76103868aa7dc4c8e39613a5835fb5) Importer(2089858483,b0f066a214c2f5e87bad3c948f4d605d)
Start importing Assets/Flooded_Grounds/Prefabs/Buildings/Villa1/Villa1_Base_Mid_A.prefab using Guid(eb76103868aa7dc4c8e39613a5835fb5) Importer(2089858483,b0f066a214c2f5e87bad3c948f4d605d) (ScriptedImporter) -> (artifact id: '6ca765d9f29e68bae9496a2bbff5a9a5') in 0.0123761 seconds
Number of updated asset objects reloaded before import = 0Number of asset objects unloaded after import = 9

========================================================================
Received Import Request.
  Time since last request: 0.000017 seconds.
  path: Assets/Flooded_Grounds/PostProcessing/Editor/Monitors/VectorscopeMonitor.cs
  artifactKey: Guid(805119df0d94800418006c621cc99cc2) Importer(2089858483,b0f066a214c2f5e87bad3c948f4d605d)
Start importing Assets/Flooded_Grounds/PostProcessing/Editor/Monitors/VectorscopeMonitor.cs using Guid(805119df0d94800418006c621cc99cc2) Importer(2089858483,b0f066a214c2f5e87bad3c948f4d605d) (ScriptedImporter) -> (artifact id: 'cf2d3d391c276f3cd3ddce5b04bcd2b6') in 0.009396 seconds
Number of updated asset objects reloaded before import = 0Number of asset objects unloaded after import = 0

========================================================================
Received Import Request.
  Time since last request: 0.000020 seconds.
  path: Assets/Flooded_Grounds/Content/Meshes/mBuildings/mVilla1/Villa1_Base_Stairs_A.fbx
  artifactKey: Guid(6ffd7e9a2e2250941b5ab74292e78c27) Importer(2089858483,b0f066a214c2f5e87bad3c948f4d605d)
Start importing Assets/Flooded_Grounds/Content/Meshes/mBuildings/mVilla1/Villa1_Base_Stairs_A.fbx using Guid(6ffd7e9a2e2250941b5ab74292e78c27) Importer(2089858483,b0f066a214c2f5e87bad3c948f4d605d) (ScriptedImporter) -> (artifact id: '99ae9b5b0da2491935bceb2e6a14aa3c') in 0.0159023 seconds
Number of updated asset objects reloaded before import = 0Number of asset objects unloaded after import = 7

========================================================================
Received Import Request.
  Time since last request: 0.000035 seconds.
  path: Assets/Flooded_Grounds/Prefabs/Buildings/Villa1/Villa1_Base_Cor_A.prefab
  artifactKey: Guid(78a0483eabda41a40ab66ec11a4434a4) Importer(2089858483,b0f066a214c2f5e87bad3c948f4d605d)
Start importing Assets/Flooded_Grounds/Prefabs/Buildings/Villa1/Villa1_Base_Cor_A.prefab using Guid(78a0483eabda41a40ab66ec11a4434a4) Importer(2089858483,b0f066a214c2f5e87bad3c948f4d605d) (ScriptedImporter) -> (artifact id: '306da98489319b8e328e84c932072fd1') in 0.0131524 seconds
Number of updated asset objects reloaded before import = 0Number of asset objects unloaded after import = 9

========================================================================
Received Import Request.
  Time since last request: 0.000019 seconds.
  path: Assets/Flooded_Grounds/Content/Textures/PROP_Boat1_N.tif
  artifactKey: Guid(9cd88bf3fa6832549bd247ff65e228f2) Importer(2089858483,b0f066a214c2f5e87bad3c948f4d605d)
Start importing Assets/Flooded_Grounds/Content/Textures/PROP_Boat1_N.tif using Guid(9cd88bf3fa6832549bd247ff65e228f2) Importer(2089858483,b0f066a214c2f5e87bad3c948f4d605d) (ScriptedImporter) -> (artifact id: 'f0d0a3c0ecadd35ec3be216cb8583eb1') in 0.0253155 seconds
Number of updated asset objects reloaded before import = 0Number of asset objects unloaded after import = 1

========================================================================
Received Import Request.
  Time since last request: 0.000036 seconds.
  path: Assets/Flooded_Grounds/Prefabs/Props/Prop_Lamp_A.prefab
  artifactKey: Guid(c9ec0cf2c9954d144bcfcefa4161913f) Importer(2089858483,b0f066a214c2f5e87bad3c948f4d605d)
Start importing Assets/Flooded_Grounds/Prefabs/Props/Prop_Lamp_A.prefab using Guid(c9ec0cf2c9954d144bcfcefa4161913f) Importer(2089858483,b0f066a214c2f5e87bad3c948f4d605d) (ScriptedImporter) -> (artifact id: '10960123ba1dda0d705913d87f8d8c0b') in 0.0114549 seconds
Number of updated asset objects reloaded before import = 0Number of asset objects unloaded after import = 16

========================================================================
Received Import Request.
  Time since last request: 0.000016 seconds.
  path: Assets/Flooded_Grounds/Prefabs/Buildings/IndBuilding1/IndBuilding1_Deco_Column_Top.prefab
  artifactKey: Guid(112948aafeb21724f8d6f18be1b0127c) Importer(2089858483,b0f066a214c2f5e87bad3c948f4d605d)
Start importing Assets/Flooded_Grounds/Prefabs/Buildings/IndBuilding1/IndBuilding1_Deco_Column_Top.prefab using Guid(112948aafeb21724f8d6f18be1b0127c) Importer(2089858483,b0f066a214c2f5e87bad3c948f4d605d) (ScriptedImporter) -> (artifact id: '4786f0aad3d7efcfbde2bb77f5e6affc') in 0.0151306 seconds
Number of updated asset objects reloaded before import = 0Number of asset objects unloaded after import = 9

========================================================================
Received Import Request.
  Time since last request: 0.000022 seconds.
  path: Assets/Flooded_Grounds/Prefabs/Buildings/IndBuilding2/IndBuilding2_End_A.prefab
  artifactKey: Guid(9cada3c7564448941a1a0056e87ccc16) Importer(2089858483,b0f066a214c2f5e87bad3c948f4d605d)
Start importing Assets/Flooded_Grounds/Prefabs/Buildings/IndBuilding2/IndBuilding2_End_A.prefab using Guid(9cada3c7564448941a1a0056e87ccc16) Importer(2089858483,b0f066a214c2f5e87bad3c948f4d605d) (ScriptedImporter) -> (artifact id: '8a73926326f9d7dca6d86eb4b5c033fa') in 0.0150083 seconds
Number of updated asset objects reloaded before import = 0Number of asset objects unloaded after import = 10

========================================================================
Received Import Request.
  Time since last request: 0.000029 seconds.
  path: Assets/Flooded_Grounds/Content/Sounds/Water.mp3
  artifactKey: Guid(18bddfe234e3d47479a19d75d0b0203c) Importer(2089858483,b0f066a214c2f5e87bad3c948f4d605d)
Start importing Assets/Flooded_Grounds/Content/Sounds/Water.mp3 using Guid(18bddfe234e3d47479a19d75d0b0203c) Importer(2089858483,b0f066a214c2f5e87bad3c948f4d605d) (ScriptedImporter) -> (artifact id: '43ef6a4915d6e3fcb90a88a0832d846d') in 0.1165019 seconds
Number of updated asset objects reloaded before import = 0Number of asset objects unloaded after import = 1

========================================================================
Received Import Request.
  Time since last request: 0.000016 seconds.
  path: Assets/Flooded_Grounds/PostProcessing/Runtime/Models/UserLutModel.cs
  artifactKey: Guid(3a7afd753a89c4140b80c855e15f69d6) Importer(2089858483,b0f066a214c2f5e87bad3c948f4d605d)
Start importing Assets/Flooded_Grounds/PostProcessing/Runtime/Models/UserLutModel.cs using Guid(3a7afd753a89c4140b80c855e15f69d6) Importer(2089858483,b0f066a214c2f5e87bad3c948f4d605d) (ScriptedImporter) -> (artifact id: '4609af2a40803ac98d2a7eb0e0aa3dc1') in 0.0088234 seconds
Number of updated asset objects reloaded before import = 0Number of asset objects unloaded after import = 0

========================================================================
Received Import Request.
  Time since last request: 0.000017 seconds.
  path: Assets/Flooded_Grounds/Content/Meshes/mBackgrounds/BGR_Pipe_B.fbx
  artifactKey: Guid(99ccd835683a68c4390956909c69bd60) Importer(2089858483,b0f066a214c2f5e87bad3c948f4d605d)
Start importing Assets/Flooded_Grounds/Content/Meshes/mBackgrounds/BGR_Pipe_B.fbx using Guid(99ccd835683a68c4390956909c69bd60) Importer(2089858483,b0f066a214c2f5e87bad3c948f4d605d) (ScriptedImporter) -> (artifact id: 'cf219f58474bef68f49f056ab47c283c') in 0.0135422 seconds
Number of updated asset objects reloaded before import = 0Number of asset objects unloaded after import = 7

========================================================================
Received Import Request.
  Time since last request: 0.000024 seconds.
  path: Assets/Flooded_Grounds/Prefabs/Buildings/Villa2/Villa2_Deco_Handrail1_Cor_A.prefab
  artifactKey: Guid(1e64807e83049164f9cb5f18c560b4ac) Importer(2089858483,b0f066a214c2f5e87bad3c948f4d605d)
Start importing Assets/Flooded_Grounds/Prefabs/Buildings/Villa2/Villa2_Deco_Handrail1_Cor_A.prefab using Guid(1e64807e83049164f9cb5f18c560b4ac) Importer(2089858483,b0f066a214c2f5e87bad3c948f4d605d) (ScriptedImporter) -> (artifact id: 'e28b417d4376d6f800814534607486da') in 0.0134013 seconds
Number of updated asset objects reloaded before import = 0Number of asset objects unloaded after import = 10

========================================================================
Received Import Request.
  Time since last request: 0.000018 seconds.
  path: Assets/Flooded_Grounds/Prefabs/Buildings/Barns/Barn2_End_A.prefab
  artifactKey: Guid(187cfe41b73208f4ca3c7033eb15603d) Importer(2089858483,b0f066a214c2f5e87bad3c948f4d605d)
Start importing Assets/Flooded_Grounds/Prefabs/Buildings/Barns/Barn2_End_A.prefab using Guid(187cfe41b73208f4ca3c7033eb15603d) Importer(2089858483,b0f066a214c2f5e87bad3c948f4d605d) (ScriptedImporter) -> (artifact id: '38d28e402fff64b8a6c3464a4127ad6d') in 0.0142536 seconds
Number of updated asset objects reloaded before import = 0Number of asset objects unloaded after import = 10

========================================================================
Received Import Request.
  Time since last request: 0.000013 seconds.
  path: Assets/Flooded_Grounds/Prefabs/Buildings/Villa2/Villa2_IntStairs_B.prefab
  artifactKey: Guid(4b7d9b40e1557ad478dd49cbeb97696a) Importer(2089858483,b0f066a214c2f5e87bad3c948f4d605d)
Start importing Assets/Flooded_Grounds/Prefabs/Buildings/Villa2/Villa2_IntStairs_B.prefab using Guid(4b7d9b40e1557ad478dd49cbeb97696a) Importer(2089858483,b0f066a214c2f5e87bad3c948f4d605d) (ScriptedImporter) -> (artifact id: '9858d59a6e3dc5bdb22ecd90853c5766') in 0.015899 seconds
Number of updated asset objects reloaded before import = 0Number of asset objects unloaded after import = 10

========================================================================
Received Import Request.
  Time since last request: 0.000018 seconds.
  path: Assets/Flooded_Grounds/Content/Meshes/mBuildings/mBarns/Barn1_End_B_COL.fbx
  artifactKey: Guid(19fcdc837dbc1c84f89a2780f00dcd99) Importer(2089858483,b0f066a214c2f5e87bad3c948f4d605d)
Start importing Assets/Flooded_Grounds/Content/Meshes/mBuildings/mBarns/Barn1_End_B_COL.fbx using Guid(19fcdc837dbc1c84f89a2780f00dcd99) Importer(2089858483,b0f066a214c2f5e87bad3c948f4d605d) (ScriptedImporter) -> (artifact id: '8f3e1004445d77579d11ac89d66977bf') in 0.0142536 seconds
Number of updated asset objects reloaded before import = 0Number of asset objects unloaded after import = 7

========================================================================
Received Import Request.
  Time since last request: 0.000020 seconds.
  path: Assets/Flooded_Grounds/Content/Textures/BLD_Structures2_AO.tif
  artifactKey: Guid(c3aaae17f2cfd734f89aca122e477a02) Importer(2089858483,b0f066a214c2f5e87bad3c948f4d605d)
Start importing Assets/Flooded_Grounds/Content/Textures/BLD_Structures2_AO.tif using Guid(c3aaae17f2cfd734f89aca122e477a02) Importer(2089858483,b0f066a214c2f5e87bad3c948f4d605d) (ScriptedImporter) -> (artifact id: '2976ac69b199d4b04051afc55e1a5002') in 0.0135456 seconds
Number of updated asset objects reloaded before import = 0Number of asset objects unloaded after import = 1

========================================================================
Received Import Request.
  Time since last request: 0.000021 seconds.
  path: Assets/Flooded_Grounds/PostProcessing/Resources/Shaders/Uber.shader
  artifactKey: Guid(8ce0a6f4c8cae334d8a5617f302b6769) Importer(2089858483,b0f066a214c2f5e87bad3c948f4d605d)
Start importing Assets/Flooded_Grounds/PostProcessing/Resources/Shaders/Uber.shader using Guid(8ce0a6f4c8cae334d8a5617f302b6769) Importer(2089858483,b0f066a214c2f5e87bad3c948f4d605d) (ScriptedImporter) -> (artifact id: 'ac149caae395d176cfd026419b646163') in 0.0082263 seconds
Number of updated asset objects reloaded before import = 0Number of asset objects unloaded after import = 1

========================================================================
Received Import Request.
  Time since last request: 0.000013 seconds.
  path: Assets/Flooded_Grounds/Content/Meshes/mProps/lo_Prop_ChurchBench_A_DM.fbx
  artifactKey: Guid(cf186547dc2647147bc8703966249057) Importer(2089858483,b0f066a214c2f5e87bad3c948f4d605d)
Start importing Assets/Flooded_Grounds/Content/Meshes/mProps/lo_Prop_ChurchBench_A_DM.fbx using Guid(cf186547dc2647147bc8703966249057) Importer(2089858483,b0f066a214c2f5e87bad3c948f4d605d) (ScriptedImporter) -> (artifact id: '174e8d9d4f56e75e16eed3ea0482bdb1') in 0.0130106 seconds
Number of updated asset objects reloaded before import = 0Number of asset objects unloaded after import = 15

========================================================================
Received Import Request.
  Time since last request: 0.000016 seconds.
  path: Assets/Flooded_Grounds/Content/Meshes/mBuildings/mStructures/Struct_Fence1_Gate_A_Door_DM.fbx
  artifactKey: Guid(ae21f94be6c7d374db2a242be202ccec) Importer(2089858483,b0f066a214c2f5e87bad3c948f4d605d)
Start importing Assets/Flooded_Grounds/Content/Meshes/mBuildings/mStructures/Struct_Fence1_Gate_A_Door_DM.fbx using Guid(ae21f94be6c7d374db2a242be202ccec) Importer(2089858483,b0f066a214c2f5e87bad3c948f4d605d) (ScriptedImporter) -> (artifact id: '4e33f7fe18395b4a7fd90fd1fef4b8da') in 0.015129 seconds
Number of updated asset objects reloaded before import = 0Number of asset objects unloaded after import = 7

========================================================================
Received Import Request.
  Time since last request: 0.000016 seconds.
  path: Assets/Flooded_Grounds/Prefabs/Nature/Trees/TreeCreator_Bush_A_Textures/normal_specular.png
  artifactKey: Guid(53055e6f318187d4086d26c88c945f97) Importer(2089858483,b0f066a214c2f5e87bad3c948f4d605d)
Start importing Assets/Flooded_Grounds/Prefabs/Nature/Trees/TreeCreator_Bush_A_Textures/normal_specular.png using Guid(53055e6f318187d4086d26c88c945f97) Importer(2089858483,b0f066a214c2f5e87bad3c948f4d605d) (ScriptedImporter) -> (artifact id: '6e8385476419fba977202267d0631440') in 0.013176 seconds
Number of updated asset objects reloaded before import = 0Number of asset objects unloaded after import = 1

========================================================================
Received Import Request.
  Time since last request: 0.000022 seconds.
  path: Assets/Flooded_Grounds/Prefabs/Buildings/IndBuilding1/IndBuilding1_Deco_Column_Mid.prefab
  artifactKey: Guid(53ac28d4b9ad6684181c2de777dc2f4f) Importer(2089858483,b0f066a214c2f5e87bad3c948f4d605d)
Start importing Assets/Flooded_Grounds/Prefabs/Buildings/IndBuilding1/IndBuilding1_Deco_Column_Mid.prefab using Guid(53ac28d4b9ad6684181c2de777dc2f4f) Importer(2089858483,b0f066a214c2f5e87bad3c948f4d605d) (ScriptedImporter) -> (artifact id: 'b13ff3ffccde5156f175a57cdde1be01') in 0.0121961 seconds
Number of updated asset objects reloaded before import = 0Number of asset objects unloaded after import = 9

========================================================================
Received Import Request.
  Time since last request: 0.000027 seconds.
  path: Assets/Flooded_Grounds/Content/Meshes/mBuildings/mStructures/Struct_Docking_A.fbx
  artifactKey: Guid(7c1e212f5d8be114db83421031fbf37b) Importer(2089858483,b0f066a214c2f5e87bad3c948f4d605d)
Start importing Assets/Flooded_Grounds/Content/Meshes/mBuildings/mStructures/Struct_Docking_A.fbx using Guid(7c1e212f5d8be114db83421031fbf37b) Importer(2089858483,b0f066a214c2f5e87bad3c948f4d605d) (ScriptedImporter) -> (artifact id: '2fc94e364f10edbd76b26b3ca49cc247') in 0.017523 seconds
Number of updated asset objects reloaded before import = 0Number of asset objects unloaded after import = 20

========================================================================
Received Import Request.
  Time since last request: 0.000016 seconds.
  path: Assets/Flooded_Grounds/Content/Textures/PROP_SmallProps2_N.tif
  artifactKey: Guid(04dceaee8a3adf84bbf594eeddddf726) Importer(2089858483,b0f066a214c2f5e87bad3c948f4d605d)
Start importing Assets/Flooded_Grounds/Content/Textures/PROP_SmallProps2_N.tif using Guid(04dceaee8a3adf84bbf594eeddddf726) Importer(2089858483,b0f066a214c2f5e87bad3c948f4d605d) (ScriptedImporter) -> (artifact id: 'fe538ba204acfb848cabdba28315faf8') in 0.012896 seconds
Number of updated asset objects reloaded before import = 0Number of asset objects unloaded after import = 1

========================================================================
Received Import Request.
  Time since last request: 0.000013 seconds.
  path: Assets/Flooded_Grounds/Prefabs/Buildings/IndBuilding1/IndBuilding1_Base_Cor_A.prefab
  artifactKey: Guid(0a81ac6994fc89e46890e21d8e33ab34) Importer(2089858483,b0f066a214c2f5e87bad3c948f4d605d)
Start importing Assets/Flooded_Grounds/Prefabs/Buildings/IndBuilding1/IndBuilding1_Base_Cor_A.prefab using Guid(0a81ac6994fc89e46890e21d8e33ab34) Importer(2089858483,b0f066a214c2f5e87bad3c948f4d605d) (ScriptedImporter) -> (artifact id: 'eef741f3217ea29a07e809d482d3fe39') in 0.0139166 seconds
Number of updated asset objects reloaded before import = 0Number of asset objects unloaded after import = 9

========================================================================
Received Import Request.
  Time since last request: 0.000014 seconds.
  path: Assets/Flooded_Grounds/PostProcessing/Runtime/Components/VignetteComponent.cs
  artifactKey: Guid(39074aa97f4be23438147346f081c7f3) Importer(2089858483,b0f066a214c2f5e87bad3c948f4d605d)
Start importing Assets/Flooded_Grounds/PostProcessing/Runtime/Components/VignetteComponent.cs using Guid(39074aa97f4be23438147346f081c7f3) Importer(2089858483,b0f066a214c2f5e87bad3c948f4d605d) (ScriptedImporter) -> (artifact id: '26be844b5ec3986a2872c0d5ed20ae09') in 0.0109975 seconds
Number of updated asset objects reloaded before import = 0Number of asset objects unloaded after import = 0

========================================================================
Received Import Request.
  Time since last request: 0.000017 seconds.
  path: Assets/Flooded_Grounds/Content/Textures/HLP_BlankNormal.tif
  artifactKey: Guid(34894f0cefebc01468c18d5579f2d9e4) Importer(2089858483,b0f066a214c2f5e87bad3c948f4d605d)
Start importing Assets/Flooded_Grounds/Content/Textures/HLP_BlankNormal.tif using Guid(34894f0cefebc01468c18d5579f2d9e4) Importer(2089858483,b0f066a214c2f5e87bad3c948f4d605d) (ScriptedImporter) -> (artifact id: '76e272955173439a989486b069a02926') in 0.0124997 seconds
Number of updated asset objects reloaded before import = 0Number of asset objects unloaded after import = 1

========================================================================
Received Import Request.
  Time since last request: 0.000023 seconds.
  path: Assets/Flooded_Grounds/Content/Textures/PROP_Beds1_A.tif
  artifactKey: Guid(742a3801ef4e3704f999d7d2b2c55cfb) Importer(2089858483,b0f066a214c2f5e87bad3c948f4d605d)
Start importing Assets/Flooded_Grounds/Content/Textures/PROP_Beds1_A.tif using Guid(742a3801ef4e3704f999d7d2b2c55cfb) Importer(2089858483,b0f066a214c2f5e87bad3c948f4d605d) (ScriptedImporter) -> (artifact id: '585cb5c38965c676135b4b50e1dcbace') in 0.012131 seconds
Number of updated asset objects reloaded before import = 0Number of asset objects unloaded after import = 1

========================================================================
Received Import Request.
  Time since last request: 0.000017 seconds.
  path: Assets/Flooded_Grounds/PostProcessing/Resources/Shaders/TAA.cginc
  artifactKey: Guid(241b7a6a033e9dc4da9d2595cef7f477) Importer(2089858483,b0f066a214c2f5e87bad3c948f4d605d)
Start importing Assets/Flooded_Grounds/PostProcessing/Resources/Shaders/TAA.cginc using Guid(241b7a6a033e9dc4da9d2595cef7f477) Importer(2089858483,b0f066a214c2f5e87bad3c948f4d605d) (ScriptedImporter) -> (artifact id: '12b4801bf28e1bf043cf6c3164a8b39c') in 0.0089701 seconds
Number of updated asset objects reloaded before import = 0Number of asset objects unloaded after import = 1

========================================================================
Received Import Request.
  Time since last request: 0.000020 seconds.
  path: Assets/Flooded_Grounds/PostProcessing/Editor Resources/Monitors/HistogramCompute.compute
  artifactKey: Guid(51b7e4b4448c98f4a849081110fd6212) Importer(2089858483,b0f066a214c2f5e87bad3c948f4d605d)
Start importing Assets/Flooded_Grounds/PostProcessing/Editor Resources/Monitors/HistogramCompute.compute using Guid(51b7e4b4448c98f4a849081110fd6212) Importer(2089858483,b0f066a214c2f5e87bad3c948f4d605d) (ScriptedImporter) -> (artifact id: 'e8c89ebefadae6d42facad6ad9aec052') in 0.0089362 seconds
Number of updated asset objects reloaded before import = 0Number of asset objects unloaded after import = 1

========================================================================
Received Import Request.
  Time since last request: 0.000018 seconds.
  path: Assets/Flooded_Grounds/Content/Meshes/mBuildings/mVilla2/Villa2_Base_Cor_B.fbx
  artifactKey: Guid(aff33108ca713d3419f969f76a000678) Importer(2089858483,b0f066a214c2f5e87bad3c948f4d605d)
Start importing Assets/Flooded_Grounds/Content/Meshes/mBuildings/mVilla2/Villa2_Base_Cor_B.fbx using Guid(aff33108ca713d3419f969f76a000678) Importer(2089858483,b0f066a214c2f5e87bad3c948f4d605d) (ScriptedImporter) -> (artifact id: '2da71a195f2a4780c0f8d00ce62fda98') in 0.0131713 seconds
Number of updated asset objects reloaded before import = 0Number of asset objects unloaded after import = 7

========================================================================
Received Import Request.
  Time since last request: 0.000022 seconds.
  path: Assets/Flooded_Grounds/Prefabs/Sounds/3D_Taps.prefab
  artifactKey: Guid(5c7ab60be45c27348a11ef4a24df7c72) Importer(2089858483,b0f066a214c2f5e87bad3c948f4d605d)
Start importing Assets/Flooded_Grounds/Prefabs/Sounds/3D_Taps.prefab using Guid(5c7ab60be45c27348a11ef4a24df7c72) Importer(2089858483,b0f066a214c2f5e87bad3c948f4d605d) (ScriptedImporter) -> (artifact id: '81c5f338684426712d9cce7ad7d7029a') in 0.0258578 seconds
Number of updated asset objects reloaded before import = 0Number of asset objects unloaded after import = 6

========================================================================
Received Import Request.
  Time since last request: 0.000025 seconds.
  path: Assets/Flooded_Grounds/Content/Textures/BLD_IndBuilding1_N.tif
  artifactKey: Guid(7b3e37e57f656034b9058de7d72c851f) Importer(2089858483,b0f066a214c2f5e87bad3c948f4d605d)
Start importing Assets/Flooded_Grounds/Content/Textures/BLD_IndBuilding1_N.tif using Guid(7b3e37e57f656034b9058de7d72c851f) Importer(2089858483,b0f066a214c2f5e87bad3c948f4d605d) (ScriptedImporter) -> (artifact id: 'f0736b3ae169941caec31fbdd60f3c8f') in 0.0192536 seconds
Number of updated asset objects reloaded before import = 0Number of asset objects unloaded after import = 1

========================================================================
Received Import Request.
  Time since last request: 0.000030 seconds.
  path: Assets/Flooded_Grounds/PostProcessing/Editor Resources/Monitors/VectorscopeCompute.compute
  artifactKey: Guid(45de9ff58691e934c9810dc23de2ba50) Importer(2089858483,b0f066a214c2f5e87bad3c948f4d605d)
Start importing Assets/Flooded_Grounds/PostProcessing/Editor Resources/Monitors/VectorscopeCompute.compute using Guid(45de9ff58691e934c9810dc23de2ba50) Importer(2089858483,b0f066a214c2f5e87bad3c948f4d605d) (ScriptedImporter) -> (artifact id: '469d27098daaf5920252d25344e50fe2') in 0.0105856 seconds
Number of updated asset objects reloaded before import = 0Number of asset objects unloaded after import = 1

========================================================================
Received Import Request.
  Time since last request: 0.000017 seconds.
  path: Assets/Flooded_Grounds/Content/Textures/PROP_SmallProps1_N.tif
  artifactKey: Guid(9a023cc720ddf584aa6fdd93c95293e6) Importer(2089858483,b0f066a214c2f5e87bad3c948f4d605d)
Start importing Assets/Flooded_Grounds/Content/Textures/PROP_SmallProps1_N.tif using Guid(9a023cc720ddf584aa6fdd93c95293e6) Importer(2089858483,b0f066a214c2f5e87bad3c948f4d605d) (ScriptedImporter) -> (artifact id: '2a7abb01f11640bd7d0e6d1bc307cb76') in 0.0153306 seconds
Number of updated asset objects reloaded before import = 0Number of asset objects unloaded after import = 1

========================================================================
Received Import Request.
  Time since last request: 0.000019 seconds.
  path: Assets/Flooded_Grounds/Prefabs/Buildings/Villa1/Villa1_Deco_Handrail1_Mid_A_DM.prefab
  artifactKey: Guid(8c6ce316555e68a41a558dece7d76b8d) Importer(2089858483,b0f066a214c2f5e87bad3c948f4d605d)
Start importing Assets/Flooded_Grounds/Prefabs/Buildings/Villa1/Villa1_Deco_Handrail1_Mid_A_DM.prefab using Guid(8c6ce316555e68a41a558dece7d76b8d) Importer(2089858483,b0f066a214c2f5e87bad3c948f4d605d) (ScriptedImporter) -> (artifact id: 'f346efea014cad8b34992fa7cc29e197') in 0.0136923 seconds
Number of updated asset objects reloaded before import = 0Number of asset objects unloaded after import = 9

========================================================================
Received Prepare
Begin MonoManager ReloadAssembly
[Licensing::Client] Successfully resolved entitlement details
ADTM: Control thread waiting for realtime thread timed out, have to lock...
- Loaded All Assemblies, in  1.537 seconds
Refreshing native plugins compatible for Editor in 0.73 ms, found 3 plugins.
Native extension for WindowsStandalone target not found
[Package Manager] Failed to launch server process. Reason: Unity was launched with the -noUpm command-line argument
[Package Manager] Unable to send message (not connected to server process).
[Package Manager] Cannot connect to Unity Package Manager local server
ScheduleIndexationOnStartup MainProcess:False IndexOnStartup:True
Mono: successfully reloaded assembly
- Finished resetting the current domain, in  0.476 seconds
Domain Reload Profiling: 2013ms
	BeginReloadAssembly (1181ms)
		ExecutionOrderSort (0ms)
		DisableScriptedObjects (4ms)
		BackupInstance (0ms)
		ReleaseScriptingObjects (0ms)
		CreateAndSetChildDomain (1054ms)
	RebuildCommonClasses (25ms)
	RebuildNativeTypeToScriptingClass (10ms)
	initialDomainReloadingComplete (29ms)
	LoadAllAssembliesAndSetupDomain (291ms)
		LoadAssemblies (253ms)
		RebuildTransferFunctionScriptingTraits (0ms)
		AnalyzeDomain (116ms)
			TypeCache.Refresh (7ms)
				TypeCache.ScanAssembly (0ms)
			BuildScriptInfoCaches (100ms)
			ResolveRequiredComponents (6ms)
	FinalizeReload (476ms)
		ReleaseScriptCaches (0ms)
		RebuildScriptCaches (0ms)
		SetupLoadedEditorAssemblies (366ms)
			LogAssemblyErrors (0ms)
			InitializePlatformSupportModulesInManaged (1ms)
			SetLoadedEditorAssemblies (3ms)
			BeforeProcessingInitializeOnLoad (97ms)
			ProcessInitializeOnLoadAttributes (216ms)
			ProcessInitializeOnLoadMethodAttributes (41ms)
			AfterProcessingInitializeOnLoad (8ms)
			EditorAssembliesLoaded (0ms)
		ExecutionOrderSort2 (0ms)
		AwakeInstancesAfterBackupRestoration (11ms)
Refreshing native plugins compatible for Editor in 0.84 ms, found 3 plugins.
Preloading 0 native plugins for Editor in 0.00 ms.
Unloading 21 Unused Serialized files (Serialized files now loaded: 0)
Unloading 6360 unused Assets / (4.9 MB). Loaded Objects now: 7230.
Memory consumption went from 170.6 MB to 165.7 MB.
Total: 7.776000 ms (FindLiveObjects: 0.726200 ms CreateObjectMapping: 0.257100 ms MarkObjects: 4.324100 ms  DeleteObjects: 2.468000 ms)

Prepare: number of updated asset objects reloaded= 0
========================================================================
Received Import Request.
  Time since last request: 459.313413 seconds.
  path: Assets/Flooded_Grounds/Scenes/Scene_A/LightingData.asset
  artifactKey: Guid(b2096a5c2235a0a48a9af9a3a42f4b87) Importer(815301076,1909f56bfc062723c751e8b465ee728b)
Start importing Assets/Flooded_Grounds/Scenes/Scene_A/LightingData.asset using Guid(b2096a5c2235a0a48a9af9a3a42f4b87) Importer(815301076,1909f56bfc062723c751e8b465ee728b) (PreviewImporter) -> (artifact id: '220895a314bc22029d5d957f9b610c05') in 0.0203276 seconds
Number of updated asset objects reloaded before import = 0Number of asset objects unloaded after import = 2

========================================================================
Received Import Request.
  Time since last request: 2.283495 seconds.
  path: Assets/Flooded_Grounds/Scenes/Postprocess_FloodedGrounds.asset
  artifactKey: Guid(29ac70c6bc481c64fb76807cbc16dc82) Importer(815301076,1909f56bfc062723c751e8b465ee728b)
Start importing Assets/Flooded_Grounds/Scenes/Postprocess_FloodedGrounds.asset using Guid(29ac70c6bc481c64fb76807cbc16dc82) Importer(815301076,1909f56bfc062723c751e8b465ee728b) (PreviewImporter) -> (artifact id: 'bb1c0e6936e3e8ffe7901f34709221ba') in 0.0041155 seconds
Number of updated asset objects reloaded before import = 0Number of asset objects unloaded after import = 1

========================================================================
Received Import Request.
  Time since last request: 5.804699 seconds.
  path: Assets/Flooded_Grounds/Content/Animations
  artifactKey: Guid(88d2ed1657dfc3041942d4a7e4abe7c8) Importer(815301076,1909f56bfc062723c751e8b465ee728b)
Start importing Assets/Flooded_Grounds/Content/Animations using Guid(88d2ed1657dfc3041942d4a7e4abe7c8) Importer(815301076,1909f56bfc062723c751e8b465ee728b) (PreviewImporter) -> (artifact id: 'ce9d7378d35ca729a749a50c309462c5') in 0.0005807 seconds
Number of updated asset objects reloaded before import = 0Number of asset objects unloaded after import = 0

========================================================================
Received Import Request.
  Time since last request: 20.075562 seconds.
  path: Assets/Flooded_Grounds/Content
  artifactKey: Guid(2e150d6ce3d33f84295eac3b1ec2f056) Importer(815301076,1909f56bfc062723c751e8b465ee728b)
Start importing Assets/Flooded_Grounds/Content using Guid(2e150d6ce3d33f84295eac3b1ec2f056) Importer(815301076,1909f56bfc062723c751e8b465ee728b) (PreviewImporter) -> (artifact id: '0bd3fd636f949a2d5fde230633b935e5') in 0.0004655 seconds
Number of updated asset objects reloaded before import = 0Number of asset objects unloaded after import = 0

========================================================================
Received Import Request.
  Time since last request: 4.629819 seconds.
  path: Assets/Flooded_Grounds/Content/Materials/ATM_DustParticle.mat
  artifactKey: Guid(43af489cd38ff014e8e9a7a8cea78a7e) Importer(815301076,1909f56bfc062723c751e8b465ee728b)
Start importing Assets/Flooded_Grounds/Content/Materials/ATM_DustParticle.mat using Guid(43af489cd38ff014e8e9a7a8cea78a7e) Importer(815301076,1909f56bfc062723c751e8b465ee728b) (PreviewImporter) -> (artifact id: '976b5c3d778fbc3411180bdf95caa6d9') in 0.4275035 seconds
Number of updated asset objects reloaded before import = 0Number of asset objects unloaded after import = 2

========================================================================
Received Import Request.
  Time since last request: 0.000022 seconds.
  path: Assets/Flooded_Grounds/Content/Materials/PROP_Boat1.mat
  artifactKey: Guid(e84fb6d56e433824fad1b71e95adaa05) Importer(815301076,1909f56bfc062723c751e8b465ee728b)
Start importing Assets/Flooded_Grounds/Content/Materials/PROP_Boat1.mat using Guid(e84fb6d56e433824fad1b71e95adaa05) Importer(815301076,1909f56bfc062723c751e8b465ee728b) (PreviewImporter) -> (artifact id: '0d8f50a5f629e041b35561b729489dfb') in 0.0343095 seconds
Number of updated asset objects reloaded before import = 0Number of asset objects unloaded after import = 11

========================================================================
Received Import Request.
  Time since last request: 0.000039 seconds.
  path: Assets/Flooded_Grounds/Content/Materials/NAT_CobbleRocks1.mat
  artifactKey: Guid(eead33dff5f6ab2478ffa03b71e6e931) Importer(815301076,1909f56bfc062723c751e8b465ee728b)
Start importing Assets/Flooded_Grounds/Content/Materials/NAT_CobbleRocks1.mat using Guid(eead33dff5f6ab2478ffa03b71e6e931) Importer(815301076,1909f56bfc062723c751e8b465ee728b) (PreviewImporter) -> (artifact id: 'fc0ce1b0f7bba6619d6f6dae5f2a3142') in 0.0286425 seconds
Number of updated asset objects reloaded before import = 0Number of asset objects unloaded after import = 8

========================================================================
Received Import Request.
  Time since last request: 0.000031 seconds.
  path: Assets/Flooded_Grounds/Content/Materials/BLD_Structures1_LOD.mat
  artifactKey: Guid(4868299c5b3ac2848925175126b6d2fa) Importer(815301076,1909f56bfc062723c751e8b465ee728b)
Start importing Assets/Flooded_Grounds/Content/Materials/BLD_Structures1_LOD.mat using Guid(4868299c5b3ac2848925175126b6d2fa) Importer(815301076,1909f56bfc062723c751e8b465ee728b) (PreviewImporter) -> (artifact id: '18ade20fea51afc2f874a0282be52fa5') in 0.011486 seconds
Number of updated asset objects reloaded before import = 0Number of asset objects unloaded after import = 3

========================================================================
Received Import Request.
  Time since last request: 0.000028 seconds.
  path: Assets/Flooded_Grounds/Content/Materials/BGR_Sky1.mat
  artifactKey: Guid(1612dc54605b67947bed7b6e6b4f48c4) Importer(815301076,1909f56bfc062723c751e8b465ee728b)
Start importing Assets/Flooded_Grounds/Content/Materials/BGR_Sky1.mat using Guid(1612dc54605b67947bed7b6e6b4f48c4) Importer(815301076,1909f56bfc062723c751e8b465ee728b) (PreviewImporter) -> (artifact id: 'd4f75049dc09a7977daa7651c0a7965a') in 0.0147213 seconds
Number of updated asset objects reloaded before import = 0Number of asset objects unloaded after import = 3

========================================================================
Received Import Request.
  Time since last request: 0.000027 seconds.
  path: Assets/Flooded_Grounds/Content/Materials/PROP_SmallProps2.mat
  artifactKey: Guid(9107b4df6f0b8d44092ad6117a1db3d4) Importer(815301076,1909f56bfc062723c751e8b465ee728b)
Start importing Assets/Flooded_Grounds/Content/Materials/PROP_SmallProps2.mat using Guid(9107b4df6f0b8d44092ad6117a1db3d4) Importer(815301076,1909f56bfc062723c751e8b465ee728b) (PreviewImporter) -> (artifact id: '297d9cecba825c9fe73ba28678b91f06') in 0.0139413 seconds
Number of updated asset objects reloaded before import = 0Number of asset objects unloaded after import = 10

========================================================================
Received Import Request.
  Time since last request: 0.000023 seconds.
  path: Assets/Flooded_Grounds/Content/Materials/NAT_GroundMoss.mat
  artifactKey: Guid(07fadee667c4d2b4d95d85c8eddf79a9) Importer(815301076,1909f56bfc062723c751e8b465ee728b)
Start importing Assets/Flooded_Grounds/Content/Materials/NAT_GroundMoss.mat using Guid(07fadee667c4d2b4d95d85c8eddf79a9) Importer(815301076,1909f56bfc062723c751e8b465ee728b) (PreviewImporter) -> (artifact id: 'aaebc8a06dac5d43adc18c38a90ec8fc') in 0.0089191 seconds
Number of updated asset objects reloaded before import = 0Number of asset objects unloaded after import = 3

========================================================================
Received Import Request.
  Time since last request: 0.000026 seconds.
  path: Assets/Flooded_Grounds/Content/Materials/HLP_Grid.mat
  artifactKey: Guid(e7336c2c46c86f54b9ad60ce08b10dec) Importer(815301076,1909f56bfc062723c751e8b465ee728b)
Start importing Assets/Flooded_Grounds/Content/Materials/HLP_Grid.mat using Guid(e7336c2c46c86f54b9ad60ce08b10dec) Importer(815301076,1909f56bfc062723c751e8b465ee728b) (PreviewImporter) -> (artifact id: '846af4f0fc7ff37c33b7545b9d12af3c') in 0.0068282 seconds
Number of updated asset objects reloaded before import = 0Number of asset objects unloaded after import = 2

========================================================================
Received Import Request.
  Time since last request: 0.000046 seconds.
  path: Assets/Flooded_Grounds/Content/Materials/PROP_FlyingSaucer_Mossy.mat
  artifactKey: Guid(5f922f9d8a0eb6b49af35dc7edb53897) Importer(815301076,1909f56bfc062723c751e8b465ee728b)
Start importing Assets/Flooded_Grounds/Content/Materials/PROP_FlyingSaucer_Mossy.mat using Guid(5f922f9d8a0eb6b49af35dc7edb53897) Importer(815301076,1909f56bfc062723c751e8b465ee728b) (PreviewImporter) -> (artifact id: '7c3b3d25988be1869b48e8c1b3271acd') in 0.0174327 seconds
Number of updated asset objects reloaded before import = 0Number of asset objects unloaded after import = 9

========================================================================
Received Import Request.
  Time since last request: 0.000028 seconds.
  path: Assets/Flooded_Grounds/Content/Materials/MSC_HumanScale.mat
  artifactKey: Guid(d43da3634ccda7e4dbfd7e94e3071c6f) Importer(815301076,1909f56bfc062723c751e8b465ee728b)
Start importing Assets/Flooded_Grounds/Content/Materials/MSC_HumanScale.mat using Guid(d43da3634ccda7e4dbfd7e94e3071c6f) Importer(815301076,1909f56bfc062723c751e8b465ee728b) (PreviewImporter) -> (artifact id: '24d9f69c9b17f61412e9ddc8e961a578') in 0.0063339 seconds
Number of updated asset objects reloaded before import = 0Number of asset objects unloaded after import = 1

========================================================================
Received Import Request.
  Time since last request: 0.000057 seconds.
  path: Assets/Flooded_Grounds/Content/Materials/BLD_Structures2_LOD.mat
  artifactKey: Guid(0a5e5d99899513c4eb2d420489f08ccd) Importer(815301076,1909f56bfc062723c751e8b465ee728b)
Start importing Assets/Flooded_Grounds/Content/Materials/BLD_Structures2_LOD.mat using Guid(0a5e5d99899513c4eb2d420489f08ccd) Importer(815301076,1909f56bfc062723c751e8b465ee728b) (PreviewImporter) -> (artifact id: '7d98d425ea2a8a5051efedd464fe1d5d') in 0.0140951 seconds
Number of updated asset objects reloaded before import = 0Number of asset objects unloaded after import = 8

========================================================================
Received Import Request.
  Time since last request: 0.000020 seconds.
  path: Assets/Flooded_Grounds/Content/Materials/BLD_BrickHouse1.mat
  artifactKey: Guid(47922826feb9d49488af116a75bc66c4) Importer(815301076,1909f56bfc062723c751e8b465ee728b)
Start importing Assets/Flooded_Grounds/Content/Materials/BLD_BrickHouse1.mat using Guid(47922826feb9d49488af116a75bc66c4) Importer(815301076,1909f56bfc062723c751e8b465ee728b) (PreviewImporter) -> (artifact id: '4915f0ab853fede600c0a21df70ac226') in 0.0193537 seconds
Number of updated asset objects reloaded before import = 0Number of asset objects unloaded after import = 7

========================================================================
Received Import Request.
  Time since last request: 0.000025 seconds.
  path: Assets/Flooded_Grounds/Content/Materials/BLD_Cabins.mat
  artifactKey: Guid(2d96e79d3d44b824381f64be7765f5c2) Importer(815301076,1909f56bfc062723c751e8b465ee728b)
Start importing Assets/Flooded_Grounds/Content/Materials/BLD_Cabins.mat using Guid(2d96e79d3d44b824381f64be7765f5c2) Importer(815301076,1909f56bfc062723c751e8b465ee728b) (PreviewImporter) -> (artifact id: '726fe15f6932135250aa520570adfd97') in 0.021698 seconds
Number of updated asset objects reloaded before import = 0Number of asset objects unloaded after import = 9

========================================================================
Received Import Request.
  Time since last request: 0.000023 seconds.
  path: Assets/Flooded_Grounds/Content/Materials/PROP_Car1_Rusty.mat
  artifactKey: Guid(a874786ec890ec242b71602e1a9134d3) Importer(815301076,1909f56bfc062723c751e8b465ee728b)
Start importing Assets/Flooded_Grounds/Content/Materials/PROP_Car1_Rusty.mat using Guid(a874786ec890ec242b71602e1a9134d3) Importer(815301076,1909f56bfc062723c751e8b465ee728b) (PreviewImporter) -> (artifact id: '70e06240219c4340c69c69ab8a0b9886') in 0.0208504 seconds
Number of updated asset objects reloaded before import = 0Number of asset objects unloaded after import = 9

========================================================================
Received Import Request.
  Time since last request: 0.000053 seconds.
  path: Assets/Flooded_Grounds/Content/Materials/HLP_BlockerCube.mat
  artifactKey: Guid(8f6da883fc822d448a34f8decce1a838) Importer(815301076,1909f56bfc062723c751e8b465ee728b)
Start importing Assets/Flooded_Grounds/Content/Materials/HLP_BlockerCube.mat using Guid(8f6da883fc822d448a34f8decce1a838) Importer(815301076,1909f56bfc062723c751e8b465ee728b) (PreviewImporter) -> (artifact id: 'bcc17b046f593a231e3d753754e9cb15') in 0.0246639 seconds
Number of updated asset objects reloaded before import = 0Number of asset objects unloaded after import = 2

========================================================================
Received Import Request.
  Time since last request: 0.000017 seconds.
  path: Assets/Flooded_Grounds/Content/Materials/PROP_Gravestones1.mat
  artifactKey: Guid(e6f5834528a499646b75d68c40b11659) Importer(815301076,1909f56bfc062723c751e8b465ee728b)
Start importing Assets/Flooded_Grounds/Content/Materials/PROP_Gravestones1.mat using Guid(e6f5834528a499646b75d68c40b11659) Importer(815301076,1909f56bfc062723c751e8b465ee728b) (PreviewImporter) -> (artifact id: '4c0df80e4b7337d38488df871f215465') in 0.022629 seconds
Number of updated asset objects reloaded before import = 0Number of asset objects unloaded after import = 11

========================================================================
Received Import Request.
  Time since last request: 0.000031 seconds.
  path: Assets/Flooded_Grounds/Content/Materials/BLD_Structures1.mat
  artifactKey: Guid(bece166f1833f674d9c16ea5184455ca) Importer(815301076,1909f56bfc062723c751e8b465ee728b)
Start importing Assets/Flooded_Grounds/Content/Materials/BLD_Structures1.mat using Guid(bece166f1833f674d9c16ea5184455ca) Importer(815301076,1909f56bfc062723c751e8b465ee728b) (PreviewImporter) -> (artifact id: '2ec328a4a68e5f49d57a60bb6f26b779') in 0.0205021 seconds
Number of updated asset objects reloaded before import = 0Number of asset objects unloaded after import = 7

========================================================================
Received Import Request.
  Time since last request: 0.000020 seconds.
  path: Assets/Flooded_Grounds/Content/Materials/BLD_Villa1.mat
  artifactKey: Guid(cabe3fb983aee104ea795ed6af48204a) Importer(815301076,1909f56bfc062723c751e8b465ee728b)
Start importing Assets/Flooded_Grounds/Content/Materials/BLD_Villa1.mat using Guid(cabe3fb983aee104ea795ed6af48204a) Importer(815301076,1909f56bfc062723c751e8b465ee728b) (PreviewImporter) -> (artifact id: 'd18dd42cf952a040fa9c66b49f082873') in 0.0217121 seconds
Number of updated asset objects reloaded before import = 0Number of asset objects unloaded after import = 7

========================================================================
Received Import Request.
  Time since last request: 0.000028 seconds.
  path: Assets/Flooded_Grounds/Content/Materials/PROP_Beds1.mat
  artifactKey: Guid(048551a7027c3774882e78dd53e504c7) Importer(815301076,1909f56bfc062723c751e8b465ee728b)
Start importing Assets/Flooded_Grounds/Content/Materials/PROP_Beds1.mat using Guid(048551a7027c3774882e78dd53e504c7) Importer(815301076,1909f56bfc062723c751e8b465ee728b) (PreviewImporter) -> (artifact id: 'b7ab76cd12afe4064d91ed99e0837953') in 0.0140308 seconds
Number of updated asset objects reloaded before import = 0Number of asset objects unloaded after import = 10

========================================================================
Received Import Request.
  Time since last request: 0.000032 seconds.
  path: Assets/Flooded_Grounds/Content/Materials/BLD_Church1.mat
  artifactKey: Guid(67839f18cb008324fad823e901f01b33) Importer(815301076,1909f56bfc062723c751e8b465ee728b)
Start importing Assets/Flooded_Grounds/Content/Materials/BLD_Church1.mat using Guid(67839f18cb008324fad823e901f01b33) Importer(815301076,1909f56bfc062723c751e8b465ee728b) (PreviewImporter) -> (artifact id: 'e14cb3aa91bf0c90ff92d09af1ec23cf') in 0.0181852 seconds
Number of updated asset objects reloaded before import = 0Number of asset objects unloaded after import = 7

========================================================================
Received Import Request.
  Time since last request: 0.000023 seconds.
  path: Assets/Flooded_Grounds/Content/Materials/BLD_Rubble1.mat
  artifactKey: Guid(aa892dd8e16aef04697a0b7649944fd2) Importer(815301076,1909f56bfc062723c751e8b465ee728b)
Start importing Assets/Flooded_Grounds/Content/Materials/BLD_Rubble1.mat using Guid(aa892dd8e16aef04697a0b7649944fd2) Importer(815301076,1909f56bfc062723c751e8b465ee728b) (PreviewImporter) -> (artifact id: 'a1df5b65839d71b99b168febbc8b6f95') in 0.0094514 seconds
Number of updated asset objects reloaded before import = 0Number of asset objects unloaded after import = 5

========================================================================
Received Import Request.
  Time since last request: 2.131086 seconds.
  path: Assets/Flooded_Grounds/Content/Sounds/Horn.mp3
  artifactKey: Guid(560cd90a01d7d4040bfc37a476b2a7a3) Importer(815301076,1909f56bfc062723c751e8b465ee728b)
Start importing Assets/Flooded_Grounds/Content/Sounds/Horn.mp3 using Guid(560cd90a01d7d4040bfc37a476b2a7a3) Importer(815301076,1909f56bfc062723c751e8b465ee728b) (PreviewImporter) -> (artifact id: '12d89c9dfa97f4d7623e67c503d7d811') in 0.0383957 seconds
Number of updated asset objects reloaded before import = 0Number of asset objects unloaded after import = 2

========================================================================
Received Import Request.
  Time since last request: 0.000027 seconds.
  path: Assets/Flooded_Grounds/Content/Sounds/Wind.mp3
  artifactKey: Guid(2dc9a029d0f6a4d4f95eca9f86b410f2) Importer(815301076,1909f56bfc062723c751e8b465ee728b)
Start importing Assets/Flooded_Grounds/Content/Sounds/Wind.mp3 using Guid(2dc9a029d0f6a4d4f95eca9f86b410f2) Importer(815301076,1909f56bfc062723c751e8b465ee728b) (PreviewImporter) -> (artifact id: '800ec0460140c391538f04bb88e79a64') in 0.0757944 seconds
Number of updated asset objects reloaded before import = 0Number of asset objects unloaded after import = 2

========================================================================
Received Import Request.
  Time since last request: 0.275870 seconds.
  path: Assets/Flooded_Grounds/Content/Textures/ATM_Leaf1_AS.tif
  artifactKey: Guid(613c9ad9dfc6b484697801f5268522ff) Importer(815301076,1909f56bfc062723c751e8b465ee728b)
Start importing Assets/Flooded_Grounds/Content/Textures/ATM_Leaf1_AS.tif using Guid(613c9ad9dfc6b484697801f5268522ff) Importer(815301076,1909f56bfc062723c751e8b465ee728b) (PreviewImporter) -> (artifact id: '390b4ac6ee2c3cf4a4b84d33bbc0f170') in 0.0142952 seconds
Number of updated asset objects reloaded before import = 0Number of asset objects unloaded after import = 2

========================================================================
Received Import Request.
  Time since last request: 0.000019 seconds.
  path: Assets/Flooded_Grounds/Content/Textures/BGR_RefCube1.tif
  artifactKey: Guid(3b5eaa969aa89fb45b025e2ff7d7695a) Importer(815301076,1909f56bfc062723c751e8b465ee728b)
Start importing Assets/Flooded_Grounds/Content/Textures/BGR_RefCube1.tif using Guid(3b5eaa969aa89fb45b025e2ff7d7695a) Importer(815301076,1909f56bfc062723c751e8b465ee728b) (PreviewImporter) -> (artifact id: '4b481a1ff4146b43864de51e63bf1dbb') in 0.0281891 seconds
Number of updated asset objects reloaded before import = 0Number of asset objects unloaded after import = 1

========================================================================
Received Import Request.
  Time since last request: 0.000036 seconds.
  path: Assets/Flooded_Grounds/Content/Textures/BLD_Doors1_MS.tif
  artifactKey: Guid(d5cc8eaa1e44ec14d86470c81aa2e1a9) Importer(815301076,1909f56bfc062723c751e8b465ee728b)
Start importing Assets/Flooded_Grounds/Content/Textures/BLD_Doors1_MS.tif using Guid(d5cc8eaa1e44ec14d86470c81aa2e1a9) Importer(815301076,1909f56bfc062723c751e8b465ee728b) (PreviewImporter) -> (artifact id: '0480086f36015ec685ebb7d6728bb5ae') in 0.0182775 seconds
Number of updated asset objects reloaded before import = 0Number of asset objects unloaded after import = 2

========================================================================
Received Import Request.
  Time since last request: 0.000030 seconds.
  path: Assets/Flooded_Grounds/Content/Textures/BLD_Rubble1_N.tif
  artifactKey: Guid(c80a25e70d3edec40be25d1dc44dedb3) Importer(815301076,1909f56bfc062723c751e8b465ee728b)
Start importing Assets/Flooded_Grounds/Content/Textures/BLD_Rubble1_N.tif using Guid(c80a25e70d3edec40be25d1dc44dedb3) Importer(815301076,1909f56bfc062723c751e8b465ee728b) (PreviewImporter) -> (artifact id: 'd2d88341c0e0cc3f156fde9b059bf444') in 0.0365207 seconds
Number of updated asset objects reloaded before import = 0Number of asset objects unloaded after import = 2

========================================================================
Received Import Request.
  Time since last request: 0.000026 seconds.
  path: Assets/Flooded_Grounds/Content/Textures/BLD_Bridge1_A.tif
  artifactKey: Guid(098fa56b6e8c3344cbce9e8a884c490b) Importer(815301076,1909f56bfc062723c751e8b465ee728b)
Start importing Assets/Flooded_Grounds/Content/Textures/BLD_Bridge1_A.tif using Guid(098fa56b6e8c3344cbce9e8a884c490b) Importer(815301076,1909f56bfc062723c751e8b465ee728b) (PreviewImporter) -> (artifact id: '4b896373287eb2620d82499ce9626af1') in 0.0196478 seconds
Number of updated asset objects reloaded before import = 0Number of asset objects unloaded after import = 2

========================================================================
Received Import Request.
  Time since last request: 0.000021 seconds.
  path: Assets/Flooded_Grounds/Content/Textures/BLD_Villa1_AO.tif
  artifactKey: Guid(ba402f1b7239e624694502c95edce603) Importer(815301076,1909f56bfc062723c751e8b465ee728b)
Start importing Assets/Flooded_Grounds/Content/Textures/BLD_Villa1_AO.tif using Guid(ba402f1b7239e624694502c95edce603) Importer(815301076,1909f56bfc062723c751e8b465ee728b) (PreviewImporter) -> (artifact id: '1af9a2458242d57e07b624e5816152c2') in 0.0217758 seconds
Number of updated asset objects reloaded before import = 0Number of asset objects unloaded after import = 2

========================================================================
Received Import Request.
  Time since last request: 0.000020 seconds.
  path: Assets/Flooded_Grounds/Content/Textures/BLD_Bridge1_N.tif
  artifactKey: Guid(0a56a508c36cb464ea77f74cf7219c56) Importer(815301076,1909f56bfc062723c751e8b465ee728b)
Start importing Assets/Flooded_Grounds/Content/Textures/BLD_Bridge1_N.tif using Guid(0a56a508c36cb464ea77f74cf7219c56) Importer(815301076,1909f56bfc062723c751e8b465ee728b) (PreviewImporter) -> (artifact id: '9c53353d40ab0a107b63d4f7a5b0466d') in 0.030606 seconds
Number of updated asset objects reloaded before import = 0Number of asset objects unloaded after import = 2

========================================================================
Received Import Request.
  Time since last request: 0.000034 seconds.
  path: Assets/Flooded_Grounds/Content/Textures/BLD_Doors1_N.tif
  artifactKey: Guid(005e0597e4d08ef4f9a7db961e7e973f) Importer(815301076,1909f56bfc062723c751e8b465ee728b)
Start importing Assets/Flooded_Grounds/Content/Textures/BLD_Doors1_N.tif using Guid(005e0597e4d08ef4f9a7db961e7e973f) Importer(815301076,1909f56bfc062723c751e8b465ee728b) (PreviewImporter) -> (artifact id: '6e3274955096f212c5fa3214c1323a1a') in 0.0170411 seconds
Number of updated asset objects reloaded before import = 0Number of asset objects unloaded after import = 2

========================================================================
Received Import Request.
  Time since last request: 5.839340 seconds.
  path: Assets/Flooded_Grounds/Prefabs/Atmospherics/ATM_Leaves_B.prefab
  artifactKey: Guid(ab1d7b194de648340a71ccc21062a218) Importer(815301076,1909f56bfc062723c751e8b465ee728b)
Start importing Assets/Flooded_Grounds/Prefabs/Atmospherics/ATM_Leaves_B.prefab using Guid(ab1d7b194de648340a71ccc21062a218) Importer(815301076,1909f56bfc062723c751e8b465ee728b) (PreviewImporter) -> (artifact id: 'a52e7a04d97711d0da3d1f74ef55e859') in 0.0319251 seconds
Number of updated asset objects reloaded before import = 0Number of asset objects unloaded after import = 8

========================================================================
Received Import Request.
  Time since last request: 1.170689 seconds.
  path: Assets/Flooded_Grounds/Prefabs/Backgrounds/BGR_LargePipe_A.prefab
  artifactKey: Guid(a3afb07f3df9b5e4a8c5d28803a625eb) Importer(815301076,1909f56bfc062723c751e8b465ee728b)
Start importing Assets/Flooded_Grounds/Prefabs/Backgrounds/BGR_LargePipe_A.prefab using Guid(a3afb07f3df9b5e4a8c5d28803a625eb) Importer(815301076,1909f56bfc062723c751e8b465ee728b) (PreviewImporter) -> (artifact id: '03d4266f66827a643a235ecb8aad66a8') in 0.032279 seconds
Number of updated asset objects reloaded before import = 0Number of asset objects unloaded after import = 14

========================================================================
Received Import Request.
  Time since last request: 2.776874 seconds.
  path: Assets/Flooded_Grounds/Prefabs/Buildings/Barns/Barn1_End_B.prefab
  artifactKey: Guid(c5eecfcfa4f017648b3c8d62a4286b46) Importer(815301076,1909f56bfc062723c751e8b465ee728b)
Start importing Assets/Flooded_Grounds/Prefabs/Buildings/Barns/Barn1_End_B.prefab using Guid(c5eecfcfa4f017648b3c8d62a4286b46) Importer(815301076,1909f56bfc062723c751e8b465ee728b) (PreviewImporter) -> (artifact id: '0a98331e2d3352171aacc6b06df43792') in 0.049915 seconds
Number of updated asset objects reloaded before import = 0Number of asset objects unloaded after import = 18

========================================================================
Received Import Request.
  Time since last request: 0.000023 seconds.
  path: Assets/Flooded_Grounds/Prefabs/Buildings/Barns/Barn2_End_B.prefab
  artifactKey: Guid(9503dd374b0a87e4b8739d2906cd3f6f) Importer(815301076,1909f56bfc062723c751e8b465ee728b)
Start importing Assets/Flooded_Grounds/Prefabs/Buildings/Barns/Barn2_End_B.prefab using Guid(9503dd374b0a87e4b8739d2906cd3f6f) Importer(815301076,1909f56bfc062723c751e8b465ee728b) (PreviewImporter) -> (artifact id: '73b8d01a2e248fd2f465317646c6c6c5') in 0.04495 seconds
Number of updated asset objects reloaded before import = 0Number of asset objects unloaded after import = 18

========================================================================
Received Import Request.
  Time since last request: 0.235452 seconds.
  path: Assets/Flooded_Grounds/Prefabs/Buildings/BrickHouse/BrickHouse_Deco_Handrail_Cap_A.prefab
  artifactKey: Guid(57aced364abddec4c936cf4c8f9bf1c8) Importer(815301076,1909f56bfc062723c751e8b465ee728b)
Start importing Assets/Flooded_Grounds/Prefabs/Buildings/BrickHouse/BrickHouse_Deco_Handrail_Cap_A.prefab using Guid(57aced364abddec4c936cf4c8f9bf1c8) Importer(815301076,1909f56bfc062723c751e8b465ee728b) (PreviewImporter) -> (artifact id: '7d859e08bbdfd91d914d34442a233150') in 0.0358636 seconds
Number of updated asset objects reloaded before import = 0Number of asset objects unloaded after import = 15

========================================================================
Received Import Request.
  Time since last request: 0.000022 seconds.
  path: Assets/Flooded_Grounds/Prefabs/Buildings/BrickHouse/BrickHouse_Floor_Mid_A_DM_A.prefab
  artifactKey: Guid(929978fd58ecd9f4a8dfb230290db510) Importer(815301076,1909f56bfc062723c751e8b465ee728b)
Start importing Assets/Flooded_Grounds/Prefabs/Buildings/BrickHouse/BrickHouse_Floor_Mid_A_DM_A.prefab using Guid(929978fd58ecd9f4a8dfb230290db510) Importer(815301076,1909f56bfc062723c751e8b465ee728b) (PreviewImporter) -> (artifact id: '7426471c22b788ffe38d2cfdc51d42f7') in 0.0373614 seconds
Number of updated asset objects reloaded before import = 0Number of asset objects unloaded after import = 15

========================================================================
Received Import Request.
  Time since last request: 0.000018 seconds.
  path: Assets/Flooded_Grounds/Prefabs/Buildings/BrickHouse/BrickHouse_Ext_A.prefab
  artifactKey: Guid(84c0630e2101a764bb50018ae3b3ae41) Importer(815301076,1909f56bfc062723c751e8b465ee728b)
Start importing Assets/Flooded_Grounds/Prefabs/Buildings/BrickHouse/BrickHouse_Ext_A.prefab using Guid(84c0630e2101a764bb50018ae3b3ae41) Importer(815301076,1909f56bfc062723c751e8b465ee728b) (PreviewImporter) -> (artifact id: '01bf73cef1e89c6d9f295661e972724b') in 0.036186 seconds
Number of updated asset objects reloaded before import = 0Number of asset objects unloaded after import = 15

========================================================================
Received Import Request.
  Time since last request: 0.000024 seconds.
  path: Assets/Flooded_Grounds/Prefabs/Buildings/BrickHouse/BrickHouse_Floor_Mid_A_DM_B.prefab
  artifactKey: Guid(172519860681a8b4cba807037132dde8) Importer(815301076,1909f56bfc062723c751e8b465ee728b)
Start importing Assets/Flooded_Grounds/Prefabs/Buildings/BrickHouse/BrickHouse_Floor_Mid_A_DM_B.prefab using Guid(172519860681a8b4cba807037132dde8) Importer(815301076,1909f56bfc062723c751e8b465ee728b) (PreviewImporter) -> (artifact id: '222e4c78922e83c8536871dc8e609edb') in 0.0336122 seconds
Number of updated asset objects reloaded before import = 0Number of asset objects unloaded after import = 16

========================================================================
Received Import Request.
  Time since last request: 0.392990 seconds.
  path: Assets/Flooded_Grounds/Prefabs/Buildings/Churches/Church1_Deco_WindowGlass_A.prefab
  artifactKey: Guid(fa96530a2d3d74a4796598aa6fdfecb2) Importer(815301076,1909f56bfc062723c751e8b465ee728b)
Start importing Assets/Flooded_Grounds/Prefabs/Buildings/Churches/Church1_Deco_WindowGlass_A.prefab using Guid(fa96530a2d3d74a4796598aa6fdfecb2) Importer(815301076,1909f56bfc062723c751e8b465ee728b) (PreviewImporter) -> (artifact id: 'a0b57b1b361141feafec894336f549b8') in 0.0363415 seconds
Number of updated asset objects reloaded before import = 0Number of asset objects unloaded after import = 12

========================================================================
Received Import Request.
  Time since last request: 3.971494 seconds.
  path: Assets/Flooded_Grounds/Prefabs/Nature/Trees/TreeCreator_Crinkly_B.prefab
  artifactKey: Guid(1a7d988da17e44741aabfb0c94a2035b) Importer(815301076,1909f56bfc062723c751e8b465ee728b)
Start importing Assets/Flooded_Grounds/Prefabs/Nature/Trees/TreeCreator_Crinkly_B.prefab using Guid(1a7d988da17e44741aabfb0c94a2035b) Importer(815301076,1909f56bfc062723c751e8b465ee728b) (PreviewImporter) -> (artifact id: '916cd5da8e4450584338db2f7ddcf3d3') in 0.0970518 seconds
Number of updated asset objects reloaded before import = 0Number of asset objects unloaded after import = 27

========================================================================
Received Import Request.
  Time since last request: 0.149399 seconds.
  path: Assets/Flooded_Grounds/Prefabs/Nature/Rocks/CobbleRock_C.prefab
  artifactKey: Guid(675dd002390c04947b66a330d6ce7727) Importer(815301076,1909f56bfc062723c751e8b465ee728b)
Start importing Assets/Flooded_Grounds/Prefabs/Nature/Rocks/CobbleRock_C.prefab using Guid(675dd002390c04947b66a330d6ce7727) Importer(815301076,1909f56bfc062723c751e8b465ee728b) (PreviewImporter) -> (artifact id: '29093126107750982535a5422b8bebe7') in 0.0780056 seconds
Number of updated asset objects reloaded before import = 0Number of asset objects unloaded after import = 28

========================================================================
Received Import Request.
  Time since last request: 0.177766 seconds.
  path: Assets/Flooded_Grounds/Prefabs/Nature/Grass/Grass_Med_C.prefab
  artifactKey: Guid(de006beaac36de64d9a2c3569ad1be67) Importer(815301076,1909f56bfc062723c751e8b465ee728b)
Start importing Assets/Flooded_Grounds/Prefabs/Nature/Grass/Grass_Med_C.prefab using Guid(de006beaac36de64d9a2c3569ad1be67) Importer(815301076,1909f56bfc062723c751e8b465ee728b) (PreviewImporter) -> (artifact id: '3c8b63b3c620286b253024cc3a08c789') in 0.0326369 seconds
Number of updated asset objects reloaded before import = 0Number of asset objects unloaded after import = 10

========================================================================
Received Import Request.
  Time since last request: 0.931944 seconds.
  path: Assets/Flooded_Grounds/Prefabs/Sounds/2D_Wind.prefab
  artifactKey: Guid(01ac61172cf97144dbbfbc83fc317917) Importer(815301076,1909f56bfc062723c751e8b465ee728b)
Start importing Assets/Flooded_Grounds/Prefabs/Sounds/2D_Wind.prefab using Guid(01ac61172cf97144dbbfbc83fc317917) Importer(815301076,1909f56bfc062723c751e8b465ee728b) (PreviewImporter) -> (artifact id: '24293d9800fce2cc22d5e63fd00a1a06') in 0.0013778 seconds
Number of updated asset objects reloaded before import = 0Number of asset objects unloaded after import = 5

========================================================================
Received Import Request.
  Time since last request: 8.623330 seconds.
  path: Assets/Flooded_Grounds/Prefabs/Buildings/Villa1/Villa1_Base_Mid_B.prefab
  artifactKey: Guid(113eb02b1f4058248bf628b2fde16564) Importer(815301076,1909f56bfc062723c751e8b465ee728b)
Start importing Assets/Flooded_Grounds/Prefabs/Buildings/Villa1/Villa1_Base_Mid_B.prefab using Guid(113eb02b1f4058248bf628b2fde16564) Importer(815301076,1909f56bfc062723c751e8b465ee728b) (PreviewImporter) -> (artifact id: 'bd9ba8b5ab5852294d83bec8a56b8143') in 0.0472194 seconds
Number of updated asset objects reloaded before import = 0Number of asset objects unloaded after import = 15

========================================================================
Received Import Request.
  Time since last request: 0.000019 seconds.
  path: Assets/Flooded_Grounds/Prefabs/Buildings/Villa1/Villa1_Roof_Mid_A.prefab
  artifactKey: Guid(6c1222a5c1b101d4b8780debc7845431) Importer(815301076,1909f56bfc062723c751e8b465ee728b)
Start importing Assets/Flooded_Grounds/Prefabs/Buildings/Villa1/Villa1_Roof_Mid_A.prefab using Guid(6c1222a5c1b101d4b8780debc7845431) Importer(815301076,1909f56bfc062723c751e8b465ee728b) (PreviewImporter) -> (artifact id: '6703ea9530000ce20d19d37323bdef01') in 0.142481 seconds
Number of updated asset objects reloaded before import = 0Number of asset objects unloaded after import = 15

========================================================================
Received Import Request.
  Time since last request: 0.000024 seconds.
  path: Assets/Flooded_Grounds/Prefabs/Buildings/Villa1/Villa1_Wall_Mid_C.prefab
  artifactKey: Guid(1eb7717755343d844afec811c03c3ba2) Importer(815301076,1909f56bfc062723c751e8b465ee728b)
Start importing Assets/Flooded_Grounds/Prefabs/Buildings/Villa1/Villa1_Wall_Mid_C.prefab using Guid(1eb7717755343d844afec811c03c3ba2) Importer(815301076,1909f56bfc062723c751e8b465ee728b) (PreviewImporter) -> (artifact id: '4708886a5a01e8132e1d4ed0761ffe4a') in 0.0315845 seconds
Number of updated asset objects reloaded before import = 0Number of asset objects unloaded after import = 15

========================================================================
Received Import Request.
  Time since last request: 0.000026 seconds.
  path: Assets/Flooded_Grounds/Prefabs/Buildings/Villa1/Villa1_Wall_Cor_A.prefab
  artifactKey: Guid(f75c1a412cade5e44931c36aad22a16c) Importer(815301076,1909f56bfc062723c751e8b465ee728b)
Start importing Assets/Flooded_Grounds/Prefabs/Buildings/Villa1/Villa1_Wall_Cor_A.prefab using Guid(f75c1a412cade5e44931c36aad22a16c) Importer(815301076,1909f56bfc062723c751e8b465ee728b) (PreviewImporter) -> (artifact id: '0f833cd13db35105e2038a6be118962a') in 0.0331666 seconds
Number of updated asset objects reloaded before import = 0Number of asset objects unloaded after import = 15

========================================================================
Received Import Request.
  Time since last request: 0.000022 seconds.
  path: Assets/Flooded_Grounds/Prefabs/Buildings/Villa1/Villa1_Top_Mid_B.prefab
  artifactKey: Guid(88fbf37b7e4fff740bf50f2441298c8b) Importer(815301076,1909f56bfc062723c751e8b465ee728b)
Start importing Assets/Flooded_Grounds/Prefabs/Buildings/Villa1/Villa1_Top_Mid_B.prefab using Guid(88fbf37b7e4fff740bf50f2441298c8b) Importer(815301076,1909f56bfc062723c751e8b465ee728b) (PreviewImporter) -> (artifact id: '2b70e7c61136187a9e0952aad696f1dd') in 0.0276499 seconds
Number of updated asset objects reloaded before import = 0Number of asset objects unloaded after import = 15

========================================================================
Received Import Request.
  Time since last request: 0.000024 seconds.
  path: Assets/Flooded_Grounds/Prefabs/Buildings/Villa1/Villa1_Floor_Mid_A_4x.prefab
  artifactKey: Guid(e268c3025a2a0864f9c404b68a8cedcd) Importer(815301076,1909f56bfc062723c751e8b465ee728b)
Start importing Assets/Flooded_Grounds/Prefabs/Buildings/Villa1/Villa1_Floor_Mid_A_4x.prefab using Guid(e268c3025a2a0864f9c404b68a8cedcd) Importer(815301076,1909f56bfc062723c751e8b465ee728b) (PreviewImporter) -> (artifact id: '04eb41b7e51a8f416d62a685a16d38a7') in 0.0269004 seconds
Number of updated asset objects reloaded before import = 0Number of asset objects unloaded after import = 15

========================================================================
Received Import Request.
  Time since last request: 0.000020 seconds.
  path: Assets/Flooded_Grounds/Prefabs/Buildings/Villa1/Villa1_Deco_IntDivider_A.prefab
  artifactKey: Guid(9141863ac11ac0e4d8288c88f8d38bc0) Importer(815301076,1909f56bfc062723c751e8b465ee728b)
Start importing Assets/Flooded_Grounds/Prefabs/Buildings/Villa1/Villa1_Deco_IntDivider_A.prefab using Guid(9141863ac11ac0e4d8288c88f8d38bc0) Importer(815301076,1909f56bfc062723c751e8b465ee728b) (PreviewImporter) -> (artifact id: '26bcf08ed685f3bc7484c016dd901550') in 0.0271091 seconds
Number of updated asset objects reloaded before import = 0Number of asset objects unloaded after import = 18

========================================================================
Received Import Request.
  Time since last request: 31.128744 seconds.
  path: Assets/Flooded_Grounds/Content/Textures/GR_Breakup1_A.tif
  artifactKey: Guid(2c912b5ea76df334684f8f50f436bf17) Importer(815301076,1909f56bfc062723c751e8b465ee728b)
Start importing Assets/Flooded_Grounds/Content/Textures/GR_Breakup1_A.tif using Guid(2c912b5ea76df334684f8f50f436bf17) Importer(815301076,1909f56bfc062723c751e8b465ee728b) (PreviewImporter) -> (artifact id: '49242ab59bed197bf7fbedb858d48347') in 0.0753502 seconds
Number of updated asset objects reloaded before import = 0Number of asset objects unloaded after import = 2

========================================================================
Received Import Request.
  Time since last request: 11.315588 seconds.
  path: Assets/Flooded_Grounds/Content/Meshes/mBackgrounds/BGR_LargePipe_A.fbx
  artifactKey: Guid(40477e487f4bf334cbc3a784a139828b) Importer(815301076,1909f56bfc062723c751e8b465ee728b)
Start importing Assets/Flooded_Grounds/Content/Meshes/mBackgrounds/BGR_LargePipe_A.fbx using Guid(40477e487f4bf334cbc3a784a139828b) Importer(815301076,1909f56bfc062723c751e8b465ee728b) (PreviewImporter) -> (artifact id: '1fcee484943ab86e0ad150d1afe9307c') in 0.0183966 seconds
Number of updated asset objects reloaded before import = 0Number of asset objects unloaded after import = 7

========================================================================
Received Import Request.
  Time since last request: 8.874019 seconds.
  path: Assets/Flooded_Grounds/Content/Meshes/mBuildings/mBarns/Barn1_End_A_COL.fbx
  artifactKey: Guid(463070d5ce3e2304d93ca9efb2d7635a) Importer(815301076,1909f56bfc062723c751e8b465ee728b)
Start importing Assets/Flooded_Grounds/Content/Meshes/mBuildings/mBarns/Barn1_End_A_COL.fbx using Guid(463070d5ce3e2304d93ca9efb2d7635a) Importer(815301076,1909f56bfc062723c751e8b465ee728b) (PreviewImporter) -> (artifact id: 'b7a98b16489090b951002ba7a0b78f74') in 0.1079209 seconds
Number of updated asset objects reloaded before import = 0Number of asset objects unloaded after import = 7

========================================================================
Received Import Request.
  Time since last request: 0.000017 seconds.
  path: Assets/Flooded_Grounds/Content/Meshes/mBuildings/mBarns/Barn1_Mid_A_COL.fbx
  artifactKey: Guid(35176c214241e184099eef1ebab21045) Importer(815301076,1909f56bfc062723c751e8b465ee728b)
Start importing Assets/Flooded_Grounds/Content/Meshes/mBuildings/mBarns/Barn1_Mid_A_COL.fbx using Guid(35176c214241e184099eef1ebab21045) Importer(815301076,1909f56bfc062723c751e8b465ee728b) (PreviewImporter) -> (artifact id: 'de581ffd61a4ecf6bede8495d28fcf52') in 0.0136019 seconds
Number of updated asset objects reloaded before import = 0Number of asset objects unloaded after import = 7

========================================================================
Received Import Request.
  Time since last request: 0.484886 seconds.
  path: Assets/Flooded_Grounds/Content/Meshes/mBuildings/mBrickHouse/BrickHouse_Deco_Handrail_Cap_A.fbx
  artifactKey: Guid(9d2fbeb234f30424fba739ae8008f79a) Importer(815301076,1909f56bfc062723c751e8b465ee728b)
Start importing Assets/Flooded_Grounds/Content/Meshes/mBuildings/mBrickHouse/BrickHouse_Deco_Handrail_Cap_A.fbx using Guid(9d2fbeb234f30424fba739ae8008f79a) Importer(815301076,1909f56bfc062723c751e8b465ee728b) (PreviewImporter) -> (artifact id: '396c89b87992d9dc1e431cae6689d0ad') in 0.0132231 seconds
Number of updated asset objects reloaded before import = 0Number of asset objects unloaded after import = 7

========================================================================
Received Import Request.
  Time since last request: 0.000017 seconds.
  path: Assets/Flooded_Grounds/Content/Meshes/mBuildings/mBrickHouse/BrickHouse_IntWall_C.fbx
  artifactKey: Guid(8dea3d00786ffc0459f4908c132f8854) Importer(815301076,1909f56bfc062723c751e8b465ee728b)
Start importing Assets/Flooded_Grounds/Content/Meshes/mBuildings/mBrickHouse/BrickHouse_IntWall_C.fbx using Guid(8dea3d00786ffc0459f4908c132f8854) Importer(815301076,1909f56bfc062723c751e8b465ee728b) (PreviewImporter) -> (artifact id: 'cb8f905f98f96ca85cac40e12ef55861') in 0.0129522 seconds
Number of updated asset objects reloaded before import = 0Number of asset objects unloaded after import = 7

========================================================================
Received Import Request.
  Time since last request: 0.000020 seconds.
  path: Assets/Flooded_Grounds/Content/Meshes/mBuildings/mBrickHouse/BrickHouse_Floor_Mid_A_DM_B.fbx
  artifactKey: Guid(d98081a7d2d7c444bb1ae9bfd4d41051) Importer(815301076,1909f56bfc062723c751e8b465ee728b)
Start importing Assets/Flooded_Grounds/Content/Meshes/mBuildings/mBrickHouse/BrickHouse_Floor_Mid_A_DM_B.fbx using Guid(d98081a7d2d7c444bb1ae9bfd4d41051) Importer(815301076,1909f56bfc062723c751e8b465ee728b) (PreviewImporter) -> (artifact id: '209d6c460044b48b347d7eb03f9a4c7a') in 0.0127343 seconds
Number of updated asset objects reloaded before import = 0Number of asset objects unloaded after import = 7

========================================================================
Received Import Request.
  Time since last request: 0.000021 seconds.
  path: Assets/Flooded_Grounds/Content/Meshes/mBuildings/mBrickHouse/BrickHouse_Deco_WindowGlass_B.fbx
  artifactKey: Guid(831ac8c49e7f5e640b96ac39a4795e1e) Importer(815301076,1909f56bfc062723c751e8b465ee728b)
Start importing Assets/Flooded_Grounds/Content/Meshes/mBuildings/mBrickHouse/BrickHouse_Deco_WindowGlass_B.fbx using Guid(831ac8c49e7f5e640b96ac39a4795e1e) Importer(815301076,1909f56bfc062723c751e8b465ee728b) (PreviewImporter) -> (artifact id: 'ea827ba47f047256bb7fb8b7f2ed643b') in 0.0140574 seconds
Number of updated asset objects reloaded before import = 0Number of asset objects unloaded after import = 7

========================================================================
Received Prepare
Begin MonoManager ReloadAssembly
[Licensing::Client] Successfully resolved entitlement details
ADTM: Control thread waiting for realtime thread timed out, have to lock...
- Loaded All Assemblies, in  1.713 seconds
Refreshing native plugins compatible for Editor in 0.75 ms, found 3 plugins.
Native extension for WindowsStandalone target not found
[Package Manager] Failed to launch server process. Reason: Unity was launched with the -noUpm command-line argument
[Package Manager] Unable to send message (not connected to server process).
[Package Manager] Cannot connect to Unity Package Manager local server
ScheduleIndexationOnStartup MainProcess:False IndexOnStartup:True
Mono: successfully reloaded assembly
- Finished resetting the current domain, in  0.618 seconds
Domain Reload Profiling: 2330ms
	BeginReloadAssembly (1226ms)
		ExecutionOrderSort (0ms)
		DisableScriptedObjects (17ms)
		BackupInstance (0ms)
		ReleaseScriptingObjects (0ms)
		CreateAndSetChildDomain (1057ms)
	RebuildCommonClasses (34ms)
	RebuildNativeTypeToScriptingClass (13ms)
	initialDomainReloadingComplete (30ms)
	LoadAllAssembliesAndSetupDomain (408ms)
		LoadAssemblies (358ms)
		RebuildTransferFunctionScriptingTraits (0ms)
		AnalyzeDomain (152ms)
			TypeCache.Refresh (5ms)
				TypeCache.ScanAssembly (0ms)
			BuildScriptInfoCaches (135ms)
			ResolveRequiredComponents (8ms)
	FinalizeReload (618ms)
		ReleaseScriptCaches (0ms)
		RebuildScriptCaches (0ms)
		SetupLoadedEditorAssemblies (482ms)
			LogAssemblyErrors (0ms)
			InitializePlatformSupportModulesInManaged (1ms)
			SetLoadedEditorAssemblies (4ms)
			BeforeProcessingInitializeOnLoad (137ms)
			ProcessInitializeOnLoadAttributes (277ms)
			ProcessInitializeOnLoadMethodAttributes (53ms)
			AfterProcessingInitializeOnLoad (9ms)
			EditorAssembliesLoaded (0ms)
		ExecutionOrderSort2 (0ms)
		AwakeInstancesAfterBackupRestoration (15ms)
Refreshing native plugins compatible for Editor in 1.22 ms, found 3 plugins.
Preloading 0 native plugins for Editor in 0.00 ms.
Unloading 21 Unused Serialized files (Serialized files now loaded: 0)
Unloading 6361 unused Assets / (4.4 MB). Loaded Objects now: 7310.
Memory consumption went from 181.0 MB to 176.5 MB.
Total: 10.650800 ms (FindLiveObjects: 1.038200 ms CreateObjectMapping: 0.398200 ms MarkObjects: 6.213800 ms  DeleteObjects: 2.999700 ms)

Prepare: number of updated asset objects reloaded= 0
Editor requested this worker to shutdown with reason: Scaling down because of idle timeout
AssetImportWorker is now disconnected from the server
Process exiting
Exiting without the bug reporter. Application will terminate with return code 0