[Licensing::Module] Trying to connect to existing licensing client channel...
Built from '6000.3/staging' branch; Version is '6000.3.4f1 (fdd3b8998ec4) revision 16634808'; Using compiler version '194234433'; Build Type 'Release'
OS: 'Windows 11  (10.0.26200) Professional' Language: 'ko' Physical Memory: 64659 MB
[Licensing::IpcConnector] Successfully connected to: "LicenseClient-ajffj" at "2026-04-20T08:19:52.3925384Z"
BatchMode: 1, IsHumanControllingUs: 0, StartBugReporterOnCrash: 0, Is64bit: 1
System  architecture: x64
Process architecture: x64
Date: 2026-04-20T08:19:52Z
[Licensing::Client] Code 10 while verifying Licensing Client signature (process Id: 20808, path: "E:/Unity/Unity Hub/UnityLicensingClient_V1/Unity.Licensing.Client.exe")
[Licensing::Module] LicensingClient has failed validation; ignoring
[Licensing::Client] Error: HandshakeResponse reported an error:
	ResponseCode: 505
	ResponseStatus: Unsupported protocol version '1.17.4'.
[Licensing::Module] Error: Failed to handshake to channel: "LicenseClient-ajffj"
[Licensing::IpcConnector] LicenseClient-ajffj channel disconnected successfully.
[Licensing::IpcConnector] Successfully connected to: "LicenseClient-ajffj-6000.3.4" at "2026-04-20T08:19:52.4365217Z"

COMMAND LINE ARGUMENTS:
C:\Program Files\Unity\Hub\Editor\6000.3.4f1\Editor\Unity.exe
-adb2
-batchMode
-noUpm
-name
AssetImportWorker11
-projectPath
E:/Unity/TPS_Project/TpsProject
-logFile
Logs/AssetImportWorker11.log
-srvPort
6187
-licensingIpc
LicenseClient-ajffj
-job-worker-count
11
-background-job-worker-count
8
-gc-helper-count
1
-name
AssetImport
Successfully changed project path to: E:/Unity/TPS_Project/TpsProject
E:/Unity/TPS_Project/TpsProject
[UnityMemory] Configuration Parameters - Can be set up in boot.config
    "memorysetup-temp-allocator-size-nav-mesh-worker=65536"
    "memorysetup-temp-allocator-size-audio-worker=65536"
    "memorysetup-temp-allocator-size-gfx=262144"
    "memorysetup-allocator-temp-initial-block-size-main=262144"
    "memorysetup-allocator-temp-initial-block-size-worker=262144"
    "memorysetup-temp-allocator-size-background-worker=32768"
    "memorysetup-temp-allocator-size-job-worker=262144"
    "memorysetup-temp-allocator-size-preload-manager=33554432"
    "memorysetup-temp-allocator-size-gi-baking-worker=262144"
    "memorysetup-temp-allocator-size-gi-baking-worker=262144"
    "memorysetup-temp-allocator-size-gi-baking-worker=262144"
    "memorysetup-temp-allocator-size-gi-baking-worker=262144"
    "memorysetup-temp-allocator-size-gi-baking-worker=262144"
    "memorysetup-bucket-allocator-granularity=16"
    "memorysetup-bucket-allocator-bucket-count=8"
    "memorysetup-bucket-allocator-block-size=33554432"
    "memorysetup-bucket-allocator-block-count=8"
    "memorysetup-main-allocator-block-size=16777216"
    "memorysetup-thread-allocator-block-size=16777216"
    "memorysetup-gfx-main-allocator-block-size=16777216"
    "memorysetup-gfx-thread-allocator-block-size=16777216"
    "memorysetup-cache-allocator-block-size=4194304"
    "memorysetup-typetree-allocator-block-size=2097152"
    "memorysetup-profiler-bucket-allocator-granularity=16"
    "memorysetup-profiler-bucket-allocator-bucket-count=8"
    "memorysetup-profiler-bucket-allocator-block-size=33554432"
    "memorysetup-profiler-bucket-allocator-block-count=8"
    "memorysetup-profiler-allocator-block-size=16777216"
    "memorysetup-profiler-editor-allocator-block-size=1048576"
    "memorysetup-temp-allocator-size-main=16777216"
    "memorysetup-job-temp-allocator-block-size=2097152"
    "memorysetup-job-temp-allocator-block-size-background=1048576"
    "memorysetup-job-temp-allocator-reduction-small-platforms=262144"
    "memorysetup-temp-allocator-size-cloud-worker=32768"
Player connection [19304]  Target information:

Player connection [19304]  * "[IP] 192.168.0.3 [Port] 0 [Flags] 2 [Guid] 3494011893 [EditorId] 3494011893 [Version] 1048832 [Id] WindowsEditor(7,DESKTOP-3QPCFMO) [Debug] 1 [PackageName] WindowsEditor [ProjectName] Editor" 

Player connection [19304] Host joined multi-casting on [225.0.0.222:54997]...
Player connection [19304] Host joined alternative multi-casting on [225.0.0.222:34997]...
JobSystem: Creating JobQueue using job-worker-count value 11
Input System module state changed to: Initialized.
[Physics::Module] Initialized fallback backend.
[Physics::Module] Id: 0xdecafbad
Library Redirect Path: Library/
[Physics::Module] Selected backend.
[Physics::Module] Name: PhysX
[Physics::Module] Id: 0xf2b8ea05
[Physics::Module] SDK Version: 4.1.2
[Physics::Module] Integration Version: 1.0.0
[Physics::Module] Threading Mode: Multi-Threaded
Refreshing native plugins compatible for Editor in 1.83 ms, found 3 plugins.
Preloading 0 native plugins for Editor in 0.00 ms.
Initialize engine version: 6000.3.4f1 (fdd3b8998ec4)
[Subsystems] Discovering subsystems at path C:/Program Files/Unity/Hub/Editor/6000.3.4f1/Editor/Data/Resources/UnitySubsystems
[Subsystems] Discovering subsystems at path E:/Unity/TPS_Project/TpsProject/Assets
GfxDevice: creating device client; kGfxThreadingModeNonThreaded
Direct3D:
    Version:  Direct3D 11.0 [level 11.1]
    Renderer: NVIDIA GeForce RTX 3070 (ID=0x2484)
    Vendor:   NVIDIA
    VRAM:     8018 MB
    Driver:   32.0.15.9186
Initialize mono
Mono path[0] = 'C:/Program Files/Unity/Hub/Editor/6000.3.4f1/Editor/Data/Managed'
Mono path[1] = 'C:/Program Files/Unity/Hub/Editor/6000.3.4f1/Editor/Data/MonoBleedingEdge/lib/mono/unityjit-win32'
Mono config path = 'C:/Program Files/Unity/Hub/Editor/6000.3.4f1/Editor/Data/MonoBleedingEdge/etc'
Using monoOptions --debugger-agent=transport=dt_socket,embedding=1,server=y,suspend=n,address=127.0.0.1:56700
Begin MonoManager ReloadAssembly
Registering precompiled unity dll's ...
Register platform support module: C:/Program Files/Unity/Hub/Editor/6000.3.4f1/Editor/Data/PlaybackEngines/WindowsStandaloneSupport/UnityEditor.WindowsStandalone.Extensions.dll
Registered in 0.003129 seconds.
- Loaded All Assemblies, in  0.373 seconds
Native extension for WindowsStandalone target not found
[Licensing::Client] Handshaking with LicensingClient:
  Version:                 1.17.4+4293ba1
  Session Id:              28f2c3ab89974b51bcd6830bdee6f259
  Correlation Id:          37df60d828c7be8c3c8e2435d570d8df
  External correlation Id: 7346660502521887602
  Machine Id:              quNDNEHvSPhWQgiArlte8FV3K/U=
[Licensing::Module] Successfully connected to LicensingClient on channel: "LicenseClient-ajffj-6000.3.4" (connect: 0.00s, validation: 0.00s, handshake: 0.95s)
[Licensing::IpcConnector] Successfully connected to: "LicenseClient-ajffj-6000.3.4-notifications" at "2026-04-20T08:19:53.398004Z"
[Licensing::Module] Licensing Background thread has ended after 1.01s
ScheduleIndexationOnStartup MainProcess:False IndexOnStartup:True
Mono: successfully reloaded assembly
- Finished resetting the current domain, in  0.341 seconds
Domain Reload Profiling: 708ms
	BeginReloadAssembly (127ms)
		ExecutionOrderSort (0ms)
		DisableScriptedObjects (0ms)
		BackupInstance (0ms)
		ReleaseScriptingObjects (0ms)
		CreateAndSetChildDomain (1ms)
	RebuildCommonClasses (32ms)
	RebuildNativeTypeToScriptingClass (11ms)
	initialDomainReloadingComplete (47ms)
	LoadAllAssembliesAndSetupDomain (151ms)
		LoadAssemblies (121ms)
		RebuildTransferFunctionScriptingTraits (0ms)
		AnalyzeDomain (149ms)
			TypeCache.Refresh (147ms)
				TypeCache.ScanAssembly (135ms)
			BuildScriptInfoCaches (0ms)
			ResolveRequiredComponents (0ms)
	FinalizeReload (341ms)
		ReleaseScriptCaches (0ms)
		RebuildScriptCaches (0ms)
		SetupLoadedEditorAssemblies (299ms)
			LogAssemblyErrors (0ms)
			InitializePlatformSupportModulesInManaged (40ms)
			SetLoadedEditorAssemblies (3ms)
			BeforeProcessingInitializeOnLoad (66ms)
			ProcessInitializeOnLoadAttributes (123ms)
			ProcessInitializeOnLoadMethodAttributes (67ms)
			AfterProcessingInitializeOnLoad (0ms)
			EditorAssembliesLoaded (0ms)
		ExecutionOrderSort2 (0ms)
		AwakeInstancesAfterBackupRestoration (0ms)
========================================================================
Worker process is ready to serve import requests
Import Worker Mode flag is 0x00
Begin MonoManager ReloadAssembly
[Licensing::Client] Successfully resolved entitlement details
[Licensing::Module] License group:
  Id: 14568646326981-UnityPersXXXX
  Product: Unity Personal
  Type: Assigned
  Expiration: Unlimited
- Loaded All Assemblies, in  0.691 seconds
Refreshing native plugins compatible for Editor in 1.03 ms, found 3 plugins.
Native extension for WindowsStandalone target not found
Package Manager log level set to [2]
[Package Manager] Failed to launch server process. Reason: Unity was launched with the -noUpm command-line argument
[Package Manager] Unable to send message (not connected to server process).
[Package Manager] Cannot connect to Unity Package Manager local server
ScheduleIndexationOnStartup MainProcess:False IndexOnStartup:True
Mono: successfully reloaded assembly
- Finished resetting the current domain, in  0.595 seconds
Domain Reload Profiling: 1282ms
	BeginReloadAssembly (186ms)
		ExecutionOrderSort (0ms)
		DisableScriptedObjects (5ms)
		BackupInstance (0ms)
		ReleaseScriptingObjects (0ms)
		CreateAndSetChildDomain (39ms)
	RebuildCommonClasses (33ms)
	RebuildNativeTypeToScriptingClass (10ms)
	initialDomainReloadingComplete (36ms)
	LoadAllAssembliesAndSetupDomain (421ms)
		LoadAssemblies (324ms)
		RebuildTransferFunctionScriptingTraits (0ms)
		AnalyzeDomain (198ms)
			TypeCache.Refresh (150ms)
				TypeCache.ScanAssembly (137ms)
			BuildScriptInfoCaches (37ms)
			ResolveRequiredComponents (8ms)
	FinalizeReload (595ms)
		ReleaseScriptCaches (0ms)
		RebuildScriptCaches (0ms)
		SetupLoadedEditorAssemblies (434ms)
			LogAssemblyErrors (0ms)
			InitializePlatformSupportModulesInManaged (1ms)
			SetLoadedEditorAssemblies (4ms)
			BeforeProcessingInitializeOnLoad (114ms)
			ProcessInitializeOnLoadAttributes (264ms)
			ProcessInitializeOnLoadMethodAttributes (42ms)
			AfterProcessingInitializeOnLoad (9ms)
			EditorAssembliesLoaded (0ms)
		ExecutionOrderSort2 (0ms)
		AwakeInstancesAfterBackupRestoration (5ms)
Launched and connected shader compiler UnityShaderCompiler.exe after 0.01 seconds
Refreshing native plugins compatible for Editor in 1.69 ms, found 3 plugins.
Preloading 0 native plugins for Editor in 0.00 ms.
Unloading 20 Unused Serialized files (Serialized files now loaded: 0)
Unloading 6365 unused Assets / (6.5 MB). Loaded Objects now: 7222.
Memory consumption went from 176.1 MB to 169.5 MB.
Total: 19.313500 ms (FindLiveObjects: 1.431600 ms CreateObjectMapping: 5.082600 ms MarkObjects: 8.142500 ms  DeleteObjects: 4.654800 ms)

========================================================================
Received Import Request.
  Time since last request: 8868.876968 seconds.
  path: Assets/TextMesh Pro/Examples & Extras/Resources/Fonts & Materials/Bangers SDF - Drop Shadow - 2 Pass.mat
  artifactKey: Guid(947a44964e53bf0448ff698b2a2219c0) Importer(815301076,1909f56bfc062723c751e8b465ee728b)
Start importing Assets/TextMesh Pro/Examples & Extras/Resources/Fonts & Materials/Bangers SDF - Drop Shadow - 2 Pass.mat using Guid(947a44964e53bf0448ff698b2a2219c0) Importer(815301076,1909f56bfc062723c751e8b465ee728b) (PreviewImporter) -> (artifact id: '32a042d6ce2d5b5f061d1aed3b3e6289') in 0.4419803 seconds
Number of updated asset objects reloaded before import = 0Number of asset objects unloaded after import = 2

========================================================================
Received Import Request.
  Time since last request: 0.899360 seconds.
  path: Assets/TextMesh Pro/Resources/Fonts & Materials/LiberationSans SDF - Drop Shadow.mat
  artifactKey: Guid(e73a58f6e2794ae7b1b7e50b7fb811b0) Importer(815301076,1909f56bfc062723c751e8b465ee728b)
Start importing Assets/TextMesh Pro/Resources/Fonts & Materials/LiberationSans SDF - Drop Shadow.mat using Guid(e73a58f6e2794ae7b1b7e50b7fb811b0) Importer(815301076,1909f56bfc062723c751e8b465ee728b) (PreviewImporter) -> (artifact id: '16e2d32cf5a5d2a257fbaacc8e6ca09c') in 0.0527855 seconds
Number of updated asset objects reloaded before import = 0Number of asset objects unloaded after import = 2

========================================================================
Received Import Request.
  Time since last request: 0.000020 seconds.
  path: Assets/TextMesh Pro/Resources/Fonts & Materials/LiberationSans SDF.asset
  artifactKey: Guid(8f586378b4e144a9851e7b34d9b748ee) Importer(815301076,1909f56bfc062723c751e8b465ee728b)
Start importing Assets/TextMesh Pro/Resources/Fonts & Materials/LiberationSans SDF.asset using Guid(8f586378b4e144a9851e7b34d9b748ee) Importer(815301076,1909f56bfc062723c751e8b465ee728b) (PreviewImporter) -> (artifact id: '937c8d5b3c92286de3e48a97560c830a') in 0.0325824 seconds
Number of updated asset objects reloaded before import = 0Number of asset objects unloaded after import = 9

========================================================================
Received Import Request.
  Time since last request: 0.000039 seconds.
  path: Assets/Flooded_Grounds/Content/Trees/SrcMeshes/Materials/No Name.mat
  artifactKey: Guid(9b287fc6ac746294ab90a1dd4ec5e9d9) Importer(815301076,1909f56bfc062723c751e8b465ee728b)
Start importing Assets/Flooded_Grounds/Content/Trees/SrcMeshes/Materials/No Name.mat using Guid(9b287fc6ac746294ab90a1dd4ec5e9d9) Importer(815301076,1909f56bfc062723c751e8b465ee728b) (PreviewImporter) -> (artifact id: 'acc328bf3a6c92fd73826ed7f8bba25b') in 0.0119249 seconds
Number of updated asset objects reloaded before import = 0Number of asset objects unloaded after import = 1

========================================================================
Received Import Request.
  Time since last request: 0.245149 seconds.
  path: Assets/TextMesh Pro/Examples & Extras/Resources/Fonts & Materials/Oswald Bold SDF.asset
  artifactKey: Guid(0161d805a3764c089bef00bfe00793f5) Importer(815301076,1909f56bfc062723c751e8b465ee728b)
Start importing Assets/TextMesh Pro/Examples & Extras/Resources/Fonts & Materials/Oswald Bold SDF.asset using Guid(0161d805a3764c089bef00bfe00793f5) Importer(815301076,1909f56bfc062723c751e8b465ee728b) (PreviewImporter) -> (artifact id: '2aa8ac66d64f82f0f30306fcead89fb0') in 0.0129569 seconds
Number of updated asset objects reloaded before import = 0Number of asset objects unloaded after import = 6

========================================================================
Received Import Request.
  Time since last request: 0.054376 seconds.
  path: Assets/SciFiWarriorPBRHPPolyart/Textures/Robot 1.mat
  artifactKey: Guid(7cff963b96332a545aa09ad7c0eae099) Importer(815301076,1909f56bfc062723c751e8b465ee728b)
Start importing Assets/SciFiWarriorPBRHPPolyart/Textures/Robot 1.mat using Guid(7cff963b96332a545aa09ad7c0eae099) Importer(815301076,1909f56bfc062723c751e8b465ee728b) (PreviewImporter) -> (artifact id: 'dbdeadf375462c2923f4e91637aadeac') in 0.01706 seconds
Number of updated asset objects reloaded before import = 0Number of asset objects unloaded after import = 2

========================================================================
Received Import Request.
  Time since last request: 0.000015 seconds.
  path: Assets/TextMesh Pro/Examples & Extras/Resources/Fonts & Materials/Roboto-Bold SDF - Surface.mat
  artifactKey: Guid(e6b276ec991f467aa14ef1f3cc665993) Importer(815301076,1909f56bfc062723c751e8b465ee728b)
Start importing Assets/TextMesh Pro/Examples & Extras/Resources/Fonts & Materials/Roboto-Bold SDF - Surface.mat using Guid(e6b276ec991f467aa14ef1f3cc665993) Importer(815301076,1909f56bfc062723c751e8b465ee728b) (PreviewImporter) -> (artifact id: '09d66e3e382a25cdb5e66ab675337d42') in 0.0067301 seconds
Number of updated asset objects reloaded before import = 0Number of asset objects unloaded after import = 2

========================================================================
Received Import Request.
  Time since last request: 0.000029 seconds.
  path: Assets/TextMesh Pro/Shaders/TMP_SDF-HDRP LIT.shadergraph
  artifactKey: Guid(ca2ed216f98028c4dae6c5224a952b3c) Importer(815301076,1909f56bfc062723c751e8b465ee728b)
Start importing Assets/TextMesh Pro/Shaders/TMP_SDF-HDRP LIT.shadergraph using Guid(ca2ed216f98028c4dae6c5224a952b3c) Importer(815301076,1909f56bfc062723c751e8b465ee728b) (PreviewImporter) -> (artifact id: '8a6955a7a4dc8f63866088346c9648bf') in 0.0119456 seconds
Number of updated asset objects reloaded before import = 0Number of asset objects unloaded after import = 2

========================================================================
Received Import Request.
  Time since last request: 0.000029 seconds.
  path: Assets/TextMesh Pro/Shaders/TMP_SDF-HDRP UNLIT.shadergraph
  artifactKey: Guid(f63d574838ccfb44f84acc05fed0af48) Importer(815301076,1909f56bfc062723c751e8b465ee728b)
Start importing Assets/TextMesh Pro/Shaders/TMP_SDF-HDRP UNLIT.shadergraph using Guid(f63d574838ccfb44f84acc05fed0af48) Importer(815301076,1909f56bfc062723c751e8b465ee728b) (PreviewImporter) -> (artifact id: 'af216f7442f64dea56f5798320d56c93') in 0.0063985 seconds
Number of updated asset objects reloaded before import = 0Number of asset objects unloaded after import = 2

========================================================================
Received Import Request.
  Time since last request: 0.000017 seconds.
  path: Assets/TextMesh Pro/Examples & Extras/Resources/Fonts & Materials/Unity SDF - HDRP LIT - Bloom.mat
  artifactKey: Guid(8d176c01131de8f46ad61094e29d79b2) Importer(815301076,1909f56bfc062723c751e8b465ee728b)
Start importing Assets/TextMesh Pro/Examples & Extras/Resources/Fonts & Materials/Unity SDF - HDRP LIT - Bloom.mat using Guid(8d176c01131de8f46ad61094e29d79b2) Importer(815301076,1909f56bfc062723c751e8b465ee728b) (PreviewImporter) -> (artifact id: '8233bd41bdd9b170cbbfc2864d049692') in 0.0116693 seconds
Number of updated asset objects reloaded before import = 0Number of asset objects unloaded after import = 3

========================================================================
Received Import Request.
  Time since last request: 0.000023 seconds.
  path: Assets/TextMesh Pro/Examples & Extras/Resources/Fonts & Materials/Unity SDF.asset
  artifactKey: Guid(c9adb1f542a93ae489bacfeae21e8394) Importer(815301076,1909f56bfc062723c751e8b465ee728b)
Start importing Assets/TextMesh Pro/Examples & Extras/Resources/Fonts & Materials/Unity SDF.asset using Guid(c9adb1f542a93ae489bacfeae21e8394) Importer(815301076,1909f56bfc062723c751e8b465ee728b) (PreviewImporter) -> (artifact id: '647b48f5f2d2cdd25f44439ce5903388') in 0.0178423 seconds
Number of updated asset objects reloaded before import = 0Number of asset objects unloaded after import = 5

========================================================================
Received Import Request.
  Time since last request: 0.000030 seconds.
  path: Assets/TextMesh Pro/Shaders/TMP_SDF-URP Lit.shadergraph
  artifactKey: Guid(a3d800b099a06e0478fb790c5e79057a) Importer(815301076,1909f56bfc062723c751e8b465ee728b)
Start importing Assets/TextMesh Pro/Shaders/TMP_SDF-URP Lit.shadergraph using Guid(a3d800b099a06e0478fb790c5e79057a) Importer(815301076,1909f56bfc062723c751e8b465ee728b) (PreviewImporter) -> (artifact id: 'e196f5e2a2327a630bbf2df17a828cc4') in 1.9657477 seconds
Number of updated asset objects reloaded before import = 0Number of asset objects unloaded after import = 3

========================================================================
Received Import Request.
  Time since last request: 231.001682 seconds.
  path: Assets/Flooded_Grounds/Prefabs/Nature/Bushes/DecoBush_D.prefab
  artifactKey: Guid(ae4e40571a130a0459daec567e503f34) Importer(2089858483,b0f066a214c2f5e87bad3c948f4d605d)
Start importing Assets/Flooded_Grounds/Prefabs/Nature/Bushes/DecoBush_D.prefab using Guid(ae4e40571a130a0459daec567e503f34) Importer(2089858483,b0f066a214c2f5e87bad3c948f4d605d) (ScriptedImporter) -> (artifact id: 'fa76ae01ae18ec5190bb0b734016eead') in 0.0802589 seconds
Number of updated asset objects reloaded before import = 0Number of asset objects unloaded after import = 9

========================================================================
Received Import Request.
  Time since last request: 0.000030 seconds.
  path: Assets/Flooded_Grounds/Prefabs/Props/Prop_Painting_A.prefab
  artifactKey: Guid(041b5985f303614469cc18a9f5eca9d3) Importer(2089858483,b0f066a214c2f5e87bad3c948f4d605d)
Start importing Assets/Flooded_Grounds/Prefabs/Props/Prop_Painting_A.prefab using Guid(041b5985f303614469cc18a9f5eca9d3) Importer(2089858483,b0f066a214c2f5e87bad3c948f4d605d) (ScriptedImporter) -> (artifact id: '6b04efff3fa9c7b39f2a7319d35f25a4') in 0.0097924 seconds
Number of updated asset objects reloaded before import = 0Number of asset objects unloaded after import = 8

========================================================================
Received Import Request.
  Time since last request: 0.000028 seconds.
  path: Assets/Flooded_Grounds/Prefabs/Nature/Rocks/CobbleRock_B.prefab
  artifactKey: Guid(149f31fa3c070bf44a66da3a784cdc43) Importer(2089858483,b0f066a214c2f5e87bad3c948f4d605d)
Start importing Assets/Flooded_Grounds/Prefabs/Nature/Rocks/CobbleRock_B.prefab using Guid(149f31fa3c070bf44a66da3a784cdc43) Importer(2089858483,b0f066a214c2f5e87bad3c948f4d605d) (ScriptedImporter) -> (artifact id: '7248e3b82082416df5e8fc6218512bf0') in 0.009983 seconds
Number of updated asset objects reloaded before import = 0Number of asset objects unloaded after import = 20

========================================================================
Received Import Request.
  Time since last request: 0.000025 seconds.
  path: Assets/Flooded_Grounds/Prefabs/Buildings/Villa2/Villa2_Wall_Int_B.prefab
  artifactKey: Guid(5d4f7bb6ba9a6da4cab8ff0db61e4e59) Importer(2089858483,b0f066a214c2f5e87bad3c948f4d605d)
Start importing Assets/Flooded_Grounds/Prefabs/Buildings/Villa2/Villa2_Wall_Int_B.prefab using Guid(5d4f7bb6ba9a6da4cab8ff0db61e4e59) Importer(2089858483,b0f066a214c2f5e87bad3c948f4d605d) (ScriptedImporter) -> (artifact id: '80c57c75c85859103042df54fb91b0dd') in 0.0166508 seconds
Number of updated asset objects reloaded before import = 0Number of asset objects unloaded after import = 9

========================================================================
Received Import Request.
  Time since last request: 0.000026 seconds.
  path: Assets/Flooded_Grounds/Prefabs/Buildings/Structures1/Struct_Pole_A.prefab
  artifactKey: Guid(5601521e5fc5f7743993db1ebd891042) Importer(2089858483,b0f066a214c2f5e87bad3c948f4d605d)
Start importing Assets/Flooded_Grounds/Prefabs/Buildings/Structures1/Struct_Pole_A.prefab using Guid(5601521e5fc5f7743993db1ebd891042) Importer(2089858483,b0f066a214c2f5e87bad3c948f4d605d) (ScriptedImporter) -> (artifact id: 'bbf67a786f750c36de10244839f8f7df') in 0.0103913 seconds
Number of updated asset objects reloaded before import = 0Number of asset objects unloaded after import = 17

========================================================================
Received Import Request.
  Time since last request: 0.000024 seconds.
  path: Assets/Flooded_Grounds/Prefabs/Buildings/IndBuilding1/IndBuilding1_Wall_Mid_B.prefab
  artifactKey: Guid(0e2897fcb74ccda48aee1804d6464e2b) Importer(2089858483,b0f066a214c2f5e87bad3c948f4d605d)
Start importing Assets/Flooded_Grounds/Prefabs/Buildings/IndBuilding1/IndBuilding1_Wall_Mid_B.prefab using Guid(0e2897fcb74ccda48aee1804d6464e2b) Importer(2089858483,b0f066a214c2f5e87bad3c948f4d605d) (ScriptedImporter) -> (artifact id: 'a0cc492362b5de4ae5ac69f8cdb99f67') in 0.0113498 seconds
Number of updated asset objects reloaded before import = 0Number of asset objects unloaded after import = 9

========================================================================
Received Import Request.
  Time since last request: 0.000019 seconds.
  path: Assets/Flooded_Grounds/Prefabs/Buildings/Villa1/Villa1_Top_Mid_A.prefab
  artifactKey: Guid(419a8536db6f54646b66c61dcdf5a2d6) Importer(2089858483,b0f066a214c2f5e87bad3c948f4d605d)
Start importing Assets/Flooded_Grounds/Prefabs/Buildings/Villa1/Villa1_Top_Mid_A.prefab using Guid(419a8536db6f54646b66c61dcdf5a2d6) Importer(2089858483,b0f066a214c2f5e87bad3c948f4d605d) (ScriptedImporter) -> (artifact id: '09d27b8023f2b8022748188b2527d4b0') in 0.0113225 seconds
Number of updated asset objects reloaded before import = 0Number of asset objects unloaded after import = 9

========================================================================
Received Import Request.
  Time since last request: 0.000027 seconds.
  path: Assets/Flooded_Grounds/Prefabs/Sounds/2D_Wind.prefab
  artifactKey: Guid(01ac61172cf97144dbbfbc83fc317917) Importer(2089858483,b0f066a214c2f5e87bad3c948f4d605d)
Start importing Assets/Flooded_Grounds/Prefabs/Sounds/2D_Wind.prefab using Guid(01ac61172cf97144dbbfbc83fc317917) Importer(2089858483,b0f066a214c2f5e87bad3c948f4d605d) (ScriptedImporter) -> (artifact id: '40504ad8bb1398d25eaa189b01a6b9c6') in 0.0742999 seconds
Number of updated asset objects reloaded before import = 0Number of asset objects unloaded after import = 6

========================================================================
Received Import Request.
  Time since last request: 0.000028 seconds.
  path: Assets/Flooded_Grounds/Prefabs/Nature/Trees/TreeCreator_Small_A.prefab
  artifactKey: Guid(df52958adb4ad56498c57fde8525380d) Importer(2089858483,b0f066a214c2f5e87bad3c948f4d605d)
Start importing Assets/Flooded_Grounds/Prefabs/Nature/Trees/TreeCreator_Small_A.prefab using Guid(df52958adb4ad56498c57fde8525380d) Importer(2089858483,b0f066a214c2f5e87bad3c948f4d605d) (ScriptedImporter) -> (artifact id: '2cca6dc7678f36dd9bd658481a8203ac') in 0.0478024 seconds
Number of updated asset objects reloaded before import = 0Number of asset objects unloaded after import = 28

========================================================================
Received Import Request.
  Time since last request: 0.000019 seconds.
  path: Assets/Flooded_Grounds/Prefabs/Buildings/IndBuilding1/IndBuilding1_Wall_Int_A.prefab
  artifactKey: Guid(b5c6f1e15b5541a4990e2f0b2715e6be) Importer(2089858483,b0f066a214c2f5e87bad3c948f4d605d)
Start importing Assets/Flooded_Grounds/Prefabs/Buildings/IndBuilding1/IndBuilding1_Wall_Int_A.prefab using Guid(b5c6f1e15b5541a4990e2f0b2715e6be) Importer(2089858483,b0f066a214c2f5e87bad3c948f4d605d) (ScriptedImporter) -> (artifact id: '8ae4a5c894a6078afac45c51029eaeb3') in 0.0087012 seconds
Number of updated asset objects reloaded before import = 0Number of asset objects unloaded after import = 9

========================================================================
Received Import Request.
  Time since last request: 0.000019 seconds.
  path: Assets/Flooded_Grounds/Prefabs/Nature/Rocks/CobbleRock_C.prefab
  artifactKey: Guid(675dd002390c04947b66a330d6ce7727) Importer(2089858483,b0f066a214c2f5e87bad3c948f4d605d)
Start importing Assets/Flooded_Grounds/Prefabs/Nature/Rocks/CobbleRock_C.prefab using Guid(675dd002390c04947b66a330d6ce7727) Importer(2089858483,b0f066a214c2f5e87bad3c948f4d605d) (ScriptedImporter) -> (artifact id: '0ed7e0c572783485cd444b765190dd03') in 0.0101991 seconds
Number of updated asset objects reloaded before import = 0Number of asset objects unloaded after import = 20

========================================================================
Received Import Request.
  Time since last request: 0.000033 seconds.
  path: Assets/Flooded_Grounds/Prefabs/Buildings/IndBuilding1/IndBuilding1_Top_Mid_A.prefab
  artifactKey: Guid(4364c4769d122564abbf7277ef60854f) Importer(2089858483,b0f066a214c2f5e87bad3c948f4d605d)
Start importing Assets/Flooded_Grounds/Prefabs/Buildings/IndBuilding1/IndBuilding1_Top_Mid_A.prefab using Guid(4364c4769d122564abbf7277ef60854f) Importer(2089858483,b0f066a214c2f5e87bad3c948f4d605d) (ScriptedImporter) -> (artifact id: '8e81f5bf7a6a9c488d8ef3a39caf1122') in 0.0125489 seconds
Number of updated asset objects reloaded before import = 0Number of asset objects unloaded after import = 9

========================================================================
Received Import Request.
  Time since last request: 0.000037 seconds.
  path: Assets/Flooded_Grounds/Prefabs/Buildings/Villa1/Villa1_Ext_A.prefab
  artifactKey: Guid(287365a760f34774c89f2f14c93e3251) Importer(2089858483,b0f066a214c2f5e87bad3c948f4d605d)
Start importing Assets/Flooded_Grounds/Prefabs/Buildings/Villa1/Villa1_Ext_A.prefab using Guid(287365a760f34774c89f2f14c93e3251) Importer(2089858483,b0f066a214c2f5e87bad3c948f4d605d) (ScriptedImporter) -> (artifact id: '01eb26a5800513bfb9993abe15e0af37') in 0.013802 seconds
Number of updated asset objects reloaded before import = 0Number of asset objects unloaded after import = 10

========================================================================
Received Import Request.
  Time since last request: 0.000046 seconds.
  path: Assets/Flooded_Grounds/Prefabs/Buildings/Structures1/Struct_FlowerBox_A.prefab
  artifactKey: Guid(8996c8680be073342a111a684ca95e17) Importer(2089858483,b0f066a214c2f5e87bad3c948f4d605d)
Start importing Assets/Flooded_Grounds/Prefabs/Buildings/Structures1/Struct_FlowerBox_A.prefab using Guid(8996c8680be073342a111a684ca95e17) Importer(2089858483,b0f066a214c2f5e87bad3c948f4d605d) (ScriptedImporter) -> (artifact id: '91d5a6dc00898e38ea756d8f1cf6d24e') in 0.0122368 seconds
Number of updated asset objects reloaded before import = 0Number of asset objects unloaded after import = 10

========================================================================
Received Import Request.
  Time since last request: 0.000028 seconds.
  path: Assets/Flooded_Grounds/Content/Animations/Prop_Boat_A_Bobbing_Ctrl.controller
  artifactKey: Guid(4787a8630f4502f4d83e467e907b2359) Importer(2089858483,b0f066a214c2f5e87bad3c948f4d605d)
Start importing Assets/Flooded_Grounds/Content/Animations/Prop_Boat_A_Bobbing_Ctrl.controller using Guid(4787a8630f4502f4d83e467e907b2359) Importer(2089858483,b0f066a214c2f5e87bad3c948f4d605d) (ScriptedImporter) -> (artifact id: '068495c5542fd85ffd46b327d9723ca5') in 0.0115655 seconds
Number of updated asset objects reloaded before import = 0Number of asset objects unloaded after import = 4

========================================================================
Received Import Request.
  Time since last request: 0.000033 seconds.
  path: Assets/Flooded_Grounds/Content/Materials/PROP_FlyingSaucer_Mossy.mat
  artifactKey: Guid(5f922f9d8a0eb6b49af35dc7edb53897) Importer(2089858483,b0f066a214c2f5e87bad3c948f4d605d)
Start importing Assets/Flooded_Grounds/Content/Materials/PROP_FlyingSaucer_Mossy.mat using Guid(5f922f9d8a0eb6b49af35dc7edb53897) Importer(2089858483,b0f066a214c2f5e87bad3c948f4d605d) (ScriptedImporter) -> (artifact id: 'a6dab9f06d3aae281d0fe8c4b64f4bff') in 0.0276583 seconds
Number of updated asset objects reloaded before import = 0Number of asset objects unloaded after import = 9

========================================================================
Received Import Request.
  Time since last request: 0.000026 seconds.
  path: Assets/Flooded_Grounds/Prefabs/Buildings/Structures1/Pavement1_Side_A.prefab
  artifactKey: Guid(e1e020ca14b039847905ba13f31b33be) Importer(2089858483,b0f066a214c2f5e87bad3c948f4d605d)
Start importing Assets/Flooded_Grounds/Prefabs/Buildings/Structures1/Pavement1_Side_A.prefab using Guid(e1e020ca14b039847905ba13f31b33be) Importer(2089858483,b0f066a214c2f5e87bad3c948f4d605d) (ScriptedImporter) -> (artifact id: '8b69782e2b473451164e0290b58c6b31') in 0.0099359 seconds
Number of updated asset objects reloaded before import = 0Number of asset objects unloaded after import = 9

========================================================================
Received Import Request.
  Time since last request: 0.000017 seconds.
  path: Assets/Flooded_Grounds/Content/Materials/BLD_Structures1_LOD.mat
  artifactKey: Guid(4868299c5b3ac2848925175126b6d2fa) Importer(2089858483,b0f066a214c2f5e87bad3c948f4d605d)
Start importing Assets/Flooded_Grounds/Content/Materials/BLD_Structures1_LOD.mat using Guid(4868299c5b3ac2848925175126b6d2fa) Importer(2089858483,b0f066a214c2f5e87bad3c948f4d605d) (ScriptedImporter) -> (artifact id: 'b32efd2773a5191c94e3f191219ee608') in 0.014647 seconds
Number of updated asset objects reloaded before import = 0Number of asset objects unloaded after import = 3

========================================================================
Received Import Request.
  Time since last request: 0.000025 seconds.
  path: Assets/Flooded_Grounds/Prefabs/Buildings/IndBuilding1/IndBuilding1_Wall_Mid_D.prefab
  artifactKey: Guid(524061fa15faee94887d05ced93705bd) Importer(2089858483,b0f066a214c2f5e87bad3c948f4d605d)
Start importing Assets/Flooded_Grounds/Prefabs/Buildings/IndBuilding1/IndBuilding1_Wall_Mid_D.prefab using Guid(524061fa15faee94887d05ced93705bd) Importer(2089858483,b0f066a214c2f5e87bad3c948f4d605d) (ScriptedImporter) -> (artifact id: '68ba8e6012ee02ad137f386998016209') in 0.0104414 seconds
Number of updated asset objects reloaded before import = 0Number of asset objects unloaded after import = 9

========================================================================
Received Import Request.
  Time since last request: 0.000030 seconds.
  path: Assets/Flooded_Grounds/Prefabs/Buildings/IndBuilding1/IndBuilding1_Wall_Cor_A.prefab
  artifactKey: Guid(27c15c3480e146944b29c1661765cc65) Importer(2089858483,b0f066a214c2f5e87bad3c948f4d605d)
Start importing Assets/Flooded_Grounds/Prefabs/Buildings/IndBuilding1/IndBuilding1_Wall_Cor_A.prefab using Guid(27c15c3480e146944b29c1661765cc65) Importer(2089858483,b0f066a214c2f5e87bad3c948f4d605d) (ScriptedImporter) -> (artifact id: '06a04db595d26049a490e878bf062cc8') in 0.0119404 seconds
Number of updated asset objects reloaded before import = 0Number of asset objects unloaded after import = 9

========================================================================
Received Import Request.
  Time since last request: 0.000020 seconds.
  path: Assets/Flooded_Grounds/Prefabs/Buildings/BrickHouse/BrickHouse_Deco_IntColumn_B.prefab
  artifactKey: Guid(f8fde9bffcef94e43beea47e6903b1f0) Importer(2089858483,b0f066a214c2f5e87bad3c948f4d605d)
Start importing Assets/Flooded_Grounds/Prefabs/Buildings/BrickHouse/BrickHouse_Deco_IntColumn_B.prefab using Guid(f8fde9bffcef94e43beea47e6903b1f0) Importer(2089858483,b0f066a214c2f5e87bad3c948f4d605d) (ScriptedImporter) -> (artifact id: '58e62624cd0847c24e9aaf138482549d') in 0.0110262 seconds
Number of updated asset objects reloaded before import = 0Number of asset objects unloaded after import = 9

========================================================================
Received Import Request.
  Time since last request: 0.000020 seconds.
  path: Assets/Flooded_Grounds/Prefabs/Buildings/Cabins/Cabin2_End2.prefab
  artifactKey: Guid(964f82ef1f120264f91e97059c36cc64) Importer(2089858483,b0f066a214c2f5e87bad3c948f4d605d)
Start importing Assets/Flooded_Grounds/Prefabs/Buildings/Cabins/Cabin2_End2.prefab using Guid(964f82ef1f120264f91e97059c36cc64) Importer(2089858483,b0f066a214c2f5e87bad3c948f4d605d) (ScriptedImporter) -> (artifact id: '1037b931987393572ef3071892e7eac3') in 0.0131689 seconds
Number of updated asset objects reloaded before import = 0Number of asset objects unloaded after import = 9

========================================================================
Received Import Request.
  Time since last request: 0.000020 seconds.
  path: Assets/Flooded_Grounds/Prefabs/Buildings/Villa2/Villa2_Wall_Mid_E.prefab
  artifactKey: Guid(972aaba145b0af74a808d2d941ab913b) Importer(2089858483,b0f066a214c2f5e87bad3c948f4d605d)
Start importing Assets/Flooded_Grounds/Prefabs/Buildings/Villa2/Villa2_Wall_Mid_E.prefab using Guid(972aaba145b0af74a808d2d941ab913b) Importer(2089858483,b0f066a214c2f5e87bad3c948f4d605d) (ScriptedImporter) -> (artifact id: '34c137bdd5ab04deb9e557fb3ba76589') in 0.0112666 seconds
Number of updated asset objects reloaded before import = 0Number of asset objects unloaded after import = 9

========================================================================
Received Import Request.
  Time since last request: 0.000023 seconds.
  path: Assets/Flooded_Grounds/Content/Trees/SrcPrefabs/Branch1.prefab
  artifactKey: Guid(a9656fb5b2112cb42b81a4b6bd080622) Importer(2089858483,b0f066a214c2f5e87bad3c948f4d605d)
Start importing Assets/Flooded_Grounds/Content/Trees/SrcPrefabs/Branch1.prefab using Guid(a9656fb5b2112cb42b81a4b6bd080622) Importer(2089858483,b0f066a214c2f5e87bad3c948f4d605d) (ScriptedImporter) -> (artifact id: '31e593c8b359275d5093106f294db14a') in 0.0111356 seconds
Number of updated asset objects reloaded before import = 0Number of asset objects unloaded after import = 8

========================================================================
Received Import Request.
  Time since last request: 0.000022 seconds.
  path: Assets/Flooded_Grounds/Content/Materials/NAT_GroundMoss.mat
  artifactKey: Guid(07fadee667c4d2b4d95d85c8eddf79a9) Importer(2089858483,b0f066a214c2f5e87bad3c948f4d605d)
Start importing Assets/Flooded_Grounds/Content/Materials/NAT_GroundMoss.mat using Guid(07fadee667c4d2b4d95d85c8eddf79a9) Importer(2089858483,b0f066a214c2f5e87bad3c948f4d605d) (ScriptedImporter) -> (artifact id: '4030bdfdf130bd4702b1c44e2a5c331c') in 0.0123043 seconds
Number of updated asset objects reloaded before import = 0Number of asset objects unloaded after import = 3

========================================================================
Received Import Request.
  Time since last request: 0.000031 seconds.
  path: Assets/Flooded_Grounds/Prefabs/Buildings/Villa2/Villa2_Deco_RoofPiece_A.prefab
  artifactKey: Guid(482a6ff30818ebf4890f53b9a90c7e79) Importer(2089858483,b0f066a214c2f5e87bad3c948f4d605d)
Start importing Assets/Flooded_Grounds/Prefabs/Buildings/Villa2/Villa2_Deco_RoofPiece_A.prefab using Guid(482a6ff30818ebf4890f53b9a90c7e79) Importer(2089858483,b0f066a214c2f5e87bad3c948f4d605d) (ScriptedImporter) -> (artifact id: '3fff00581e5e33b8b1b72a4dfc404f46') in 0.0119101 seconds
Number of updated asset objects reloaded before import = 0Number of asset objects unloaded after import = 9

========================================================================
Received Import Request.
  Time since last request: 0.000030 seconds.
  path: Assets/Flooded_Grounds/Content/Materials/BLD_Structures2.mat
  artifactKey: Guid(059f40424b9d4674ebaed350bd5e0c2f) Importer(2089858483,b0f066a214c2f5e87bad3c948f4d605d)
Start importing Assets/Flooded_Grounds/Content/Materials/BLD_Structures2.mat using Guid(059f40424b9d4674ebaed350bd5e0c2f) Importer(2089858483,b0f066a214c2f5e87bad3c948f4d605d) (ScriptedImporter) -> (artifact id: '858b5e539ac828518c3bfc3532bf4e56') in 0.0258457 seconds
Number of updated asset objects reloaded before import = 0Number of asset objects unloaded after import = 7

========================================================================
Received Import Request.
  Time since last request: 0.000020 seconds.
  path: Assets/Flooded_Grounds/Prefabs/Buildings/Villa1/Villa1_Deco_Column_Mid_A.prefab
  artifactKey: Guid(5296e314f038d5946b1e87c49325871e) Importer(2089858483,b0f066a214c2f5e87bad3c948f4d605d)
Start importing Assets/Flooded_Grounds/Prefabs/Buildings/Villa1/Villa1_Deco_Column_Mid_A.prefab using Guid(5296e314f038d5946b1e87c49325871e) Importer(2089858483,b0f066a214c2f5e87bad3c948f4d605d) (ScriptedImporter) -> (artifact id: '676449e49d6985c74def4dadfb293784') in 0.0098599 seconds
Number of updated asset objects reloaded before import = 0Number of asset objects unloaded after import = 9

========================================================================
Received Import Request.
  Time since last request: 0.000023 seconds.
  path: Assets/Flooded_Grounds/Prefabs/Buildings/Structures1/Struct_Fence3_Mid_A.prefab
  artifactKey: Guid(6c2bb458d4ac1614485f1c8ba5adb8f9) Importer(2089858483,b0f066a214c2f5e87bad3c948f4d605d)
Start importing Assets/Flooded_Grounds/Prefabs/Buildings/Structures1/Struct_Fence3_Mid_A.prefab using Guid(6c2bb458d4ac1614485f1c8ba5adb8f9) Importer(2089858483,b0f066a214c2f5e87bad3c948f4d605d) (ScriptedImporter) -> (artifact id: 'ba30dfcdadbb6d5ccfaf23ce24723648') in 0.0096592 seconds
Number of updated asset objects reloaded before import = 0Number of asset objects unloaded after import = 23

========================================================================
Received Import Request.
  Time since last request: 0.000041 seconds.
  path: Assets/Flooded_Grounds/Prefabs/Buildings/Structures1/Struct_ExtStairs_A.prefab
  artifactKey: Guid(6eccd71b097c68b4589973bf20a0e8e3) Importer(2089858483,b0f066a214c2f5e87bad3c948f4d605d)
Start importing Assets/Flooded_Grounds/Prefabs/Buildings/Structures1/Struct_ExtStairs_A.prefab using Guid(6eccd71b097c68b4589973bf20a0e8e3) Importer(2089858483,b0f066a214c2f5e87bad3c948f4d605d) (ScriptedImporter) -> (artifact id: '1110471db932dfa7d873ec85d988b4d3') in 0.0089789 seconds
Number of updated asset objects reloaded before import = 0Number of asset objects unloaded after import = 23

========================================================================
Received Import Request.
  Time since last request: 0.000034 seconds.
  path: Assets/Flooded_Grounds/Prefabs/Buildings/IndBuilding1/IndBuilding1_Deco_IntColumn_Top.prefab
  artifactKey: Guid(c77c9941a488b844f81552ee194644cb) Importer(2089858483,b0f066a214c2f5e87bad3c948f4d605d)
Start importing Assets/Flooded_Grounds/Prefabs/Buildings/IndBuilding1/IndBuilding1_Deco_IntColumn_Top.prefab using Guid(c77c9941a488b844f81552ee194644cb) Importer(2089858483,b0f066a214c2f5e87bad3c948f4d605d) (ScriptedImporter) -> (artifact id: '4fc8b9ba72b7baacaf1783363e7b5b14') in 0.0092856 seconds
Number of updated asset objects reloaded before import = 0Number of asset objects unloaded after import = 9

========================================================================
Received Import Request.
  Time since last request: 0.000040 seconds.
  path: Assets/Flooded_Grounds/Prefabs/Buildings/IndBuilding1/IndBuilding1_Deco_IntColumn_Base.prefab
  artifactKey: Guid(13ed963c6fa73cc49a2e107856da590e) Importer(2089858483,b0f066a214c2f5e87bad3c948f4d605d)
Start importing Assets/Flooded_Grounds/Prefabs/Buildings/IndBuilding1/IndBuilding1_Deco_IntColumn_Base.prefab using Guid(13ed963c6fa73cc49a2e107856da590e) Importer(2089858483,b0f066a214c2f5e87bad3c948f4d605d) (ScriptedImporter) -> (artifact id: '8dc983775b9d4e9657127ed0a4fdfaf8') in 0.0094059 seconds
Number of updated asset objects reloaded before import = 0Number of asset objects unloaded after import = 9

========================================================================
Received Import Request.
  Time since last request: 0.000022 seconds.
  path: Assets/Flooded_Grounds/Prefabs/Buildings/Cabins/Cabin2_Mid1.prefab
  artifactKey: Guid(72d5913900bb94349b98a1b5a5340e17) Importer(2089858483,b0f066a214c2f5e87bad3c948f4d605d)
Start importing Assets/Flooded_Grounds/Prefabs/Buildings/Cabins/Cabin2_Mid1.prefab using Guid(72d5913900bb94349b98a1b5a5340e17) Importer(2089858483,b0f066a214c2f5e87bad3c948f4d605d) (ScriptedImporter) -> (artifact id: '86396c645c059ab6dc52fc72bec3354c') in 0.0116696 seconds
Number of updated asset objects reloaded before import = 0Number of asset objects unloaded after import = 9

========================================================================
Received Import Request.
  Time since last request: 0.000018 seconds.
  path: Assets/Flooded_Grounds/Prefabs/Props/Prop_Car1_DM.prefab
  artifactKey: Guid(b3b7096fbf59bdd479179c99cd86d823) Importer(2089858483,b0f066a214c2f5e87bad3c948f4d605d)
Start importing Assets/Flooded_Grounds/Prefabs/Props/Prop_Car1_DM.prefab using Guid(b3b7096fbf59bdd479179c99cd86d823) Importer(2089858483,b0f066a214c2f5e87bad3c948f4d605d) (ScriptedImporter) -> (artifact id: 'da4591966c7507ca22daac796e246e4f') in 0.0118757 seconds
Number of updated asset objects reloaded before import = 0Number of asset objects unloaded after import = 23

========================================================================
Received Import Request.
  Time since last request: 0.000020 seconds.
  path: Assets/Flooded_Grounds/Prefabs/Nature/Bushes/DecoBush_A.prefab
  artifactKey: Guid(ecce3badd4595de459b6f9fef0fee799) Importer(2089858483,b0f066a214c2f5e87bad3c948f4d605d)
Start importing Assets/Flooded_Grounds/Prefabs/Nature/Bushes/DecoBush_A.prefab using Guid(ecce3badd4595de459b6f9fef0fee799) Importer(2089858483,b0f066a214c2f5e87bad3c948f4d605d) (ScriptedImporter) -> (artifact id: 'ced6a7c9acfd045bc52b5aed45287bfa') in 0.0099228 seconds
Number of updated asset objects reloaded before import = 0Number of asset objects unloaded after import = 9

========================================================================
Received Import Request.
  Time since last request: 0.000021 seconds.
  path: Assets/Flooded_Grounds/Prefabs/Buildings/Villa2/Villa2_Roof_Mid_A.prefab
  artifactKey: Guid(02492b235225b7241a6610af36faa921) Importer(2089858483,b0f066a214c2f5e87bad3c948f4d605d)
Start importing Assets/Flooded_Grounds/Prefabs/Buildings/Villa2/Villa2_Roof_Mid_A.prefab using Guid(02492b235225b7241a6610af36faa921) Importer(2089858483,b0f066a214c2f5e87bad3c948f4d605d) (ScriptedImporter) -> (artifact id: '3d24e6de943a20d75f3b1d83ee91cae4') in 0.0093106 seconds
Number of updated asset objects reloaded before import = 0Number of asset objects unloaded after import = 9

========================================================================
Received Import Request.
  Time since last request: 0.000018 seconds.
  path: Assets/Flooded_Grounds/Prefabs/Nature/Trees/TreeCreator_Small_B.prefab
  artifactKey: Guid(01643aaa7b23a2a45a76b3dc86715fab) Importer(2089858483,b0f066a214c2f5e87bad3c948f4d605d)
Start importing Assets/Flooded_Grounds/Prefabs/Nature/Trees/TreeCreator_Small_B.prefab using Guid(01643aaa7b23a2a45a76b3dc86715fab) Importer(2089858483,b0f066a214c2f5e87bad3c948f4d605d) (ScriptedImporter) -> (artifact id: '62872b492d15bd5995ae94d893300aa4') in 0.0202912 seconds
Number of updated asset objects reloaded before import = 0Number of asset objects unloaded after import = 33

========================================================================
Received Import Request.
  Time since last request: 0.000027 seconds.
  path: Assets/Flooded_Grounds/Prefabs/Buildings/Churches/Church1_Door_B.prefab
  artifactKey: Guid(3ed882138e89c274888d1f686dc75f29) Importer(2089858483,b0f066a214c2f5e87bad3c948f4d605d)
Start importing Assets/Flooded_Grounds/Prefabs/Buildings/Churches/Church1_Door_B.prefab using Guid(3ed882138e89c274888d1f686dc75f29) Importer(2089858483,b0f066a214c2f5e87bad3c948f4d605d) (ScriptedImporter) -> (artifact id: '5905453805cd4da5f5058d4ee4808f5a') in 0.0106663 seconds
Number of updated asset objects reloaded before import = 0Number of asset objects unloaded after import = 9

========================================================================
Received Import Request.
  Time since last request: 0.000027 seconds.
  path: Assets/Flooded_Grounds/Prefabs/Props/Prop_Sofa_A.prefab
  artifactKey: Guid(d8740ed2b9dd7eb4f9b01ee19dcf0cd3) Importer(2089858483,b0f066a214c2f5e87bad3c948f4d605d)
Start importing Assets/Flooded_Grounds/Prefabs/Props/Prop_Sofa_A.prefab using Guid(d8740ed2b9dd7eb4f9b01ee19dcf0cd3) Importer(2089858483,b0f066a214c2f5e87bad3c948f4d605d) (ScriptedImporter) -> (artifact id: '2d283c2f64d5c85a8333abbea021a282') in 0.010499 seconds
Number of updated asset objects reloaded before import = 0Number of asset objects unloaded after import = 17

========================================================================
Received Import Request.
  Time since last request: 0.000022 seconds.
  path: Assets/Flooded_Grounds/Scenes/PreAsembeld_Buildings.unity
  artifactKey: Guid(becca19b86da74b4696c89ff8d644228) Importer(2089858483,b0f066a214c2f5e87bad3c948f4d605d)
Start importing Assets/Flooded_Grounds/Scenes/PreAsembeld_Buildings.unity using Guid(becca19b86da74b4696c89ff8d644228) Importer(2089858483,b0f066a214c2f5e87bad3c948f4d605d) (ScriptedImporter) -> (artifact id: '14876177da745713db58f661dffad017') in 0.0510956 seconds
Number of updated asset objects reloaded before import = 0Number of asset objects unloaded after import = 1

========================================================================
Received Import Request.
  Time since last request: 0.000015 seconds.
  path: Assets/Flooded_Grounds/Prefabs/Nature/Bushes/DecoBush_B.prefab
  artifactKey: Guid(c2ff9755149cab74697bc0b26d23c0b0) Importer(2089858483,b0f066a214c2f5e87bad3c948f4d605d)
Start importing Assets/Flooded_Grounds/Prefabs/Nature/Bushes/DecoBush_B.prefab using Guid(c2ff9755149cab74697bc0b26d23c0b0) Importer(2089858483,b0f066a214c2f5e87bad3c948f4d605d) (ScriptedImporter) -> (artifact id: '62f1bb8679b8f1600a28246a3492646a') in 0.0094439 seconds
Number of updated asset objects reloaded before import = 0Number of asset objects unloaded after import = 9

========================================================================
Received Import Request.
  Time since last request: 0.000021 seconds.
  path: Assets/Flooded_Grounds/Prefabs/Sounds/2D_Horn.prefab
  artifactKey: Guid(27ad1d4b823b95243a1e74fc7c44f791) Importer(2089858483,b0f066a214c2f5e87bad3c948f4d605d)
Start importing Assets/Flooded_Grounds/Prefabs/Sounds/2D_Horn.prefab using Guid(27ad1d4b823b95243a1e74fc7c44f791) Importer(2089858483,b0f066a214c2f5e87bad3c948f4d605d) (ScriptedImporter) -> (artifact id: '9b85ff9ccd4b3410124604ade394e2e6') in 0.0171163 seconds
Number of updated asset objects reloaded before import = 0Number of asset objects unloaded after import = 6

========================================================================
Received Import Request.
  Time since last request: 0.000028 seconds.
  path: Assets/Flooded_Grounds/Prefabs/Nature/Grass/Grass_Small_C.prefab
  artifactKey: Guid(1d2935b10b358a344ad9cf0a415ea3fb) Importer(2089858483,b0f066a214c2f5e87bad3c948f4d605d)
Start importing Assets/Flooded_Grounds/Prefabs/Nature/Grass/Grass_Small_C.prefab using Guid(1d2935b10b358a344ad9cf0a415ea3fb) Importer(2089858483,b0f066a214c2f5e87bad3c948f4d605d) (ScriptedImporter) -> (artifact id: 'e49fb8964285fdf81a83623507d196da') in 0.0098876 seconds
Number of updated asset objects reloaded before import = 0Number of asset objects unloaded after import = 8

========================================================================
Received Import Request.
  Time since last request: 0.000032 seconds.
  path: Assets/Flooded_Grounds/Content/Trees/SrcPrefabs/Branch3.prefab
  artifactKey: Guid(1b8285b421bb99c43bc3f0772cafb3a3) Importer(2089858483,b0f066a214c2f5e87bad3c948f4d605d)
Start importing Assets/Flooded_Grounds/Content/Trees/SrcPrefabs/Branch3.prefab using Guid(1b8285b421bb99c43bc3f0772cafb3a3) Importer(2089858483,b0f066a214c2f5e87bad3c948f4d605d) (ScriptedImporter) -> (artifact id: '11a5b8eb8237617e06e485b19786fb1e') in 0.0102292 seconds
Number of updated asset objects reloaded before import = 0Number of asset objects unloaded after import = 8

========================================================================
Received Import Request.
  Time since last request: 0.000029 seconds.
  path: Assets/Flooded_Grounds/Prefabs/Buildings/Villa2/Villa2_Wall_Ext_A.prefab
  artifactKey: Guid(3d39804bb242bbf48a911df7ae3768d5) Importer(2089858483,b0f066a214c2f5e87bad3c948f4d605d)
Start importing Assets/Flooded_Grounds/Prefabs/Buildings/Villa2/Villa2_Wall_Ext_A.prefab using Guid(3d39804bb242bbf48a911df7ae3768d5) Importer(2089858483,b0f066a214c2f5e87bad3c948f4d605d) (ScriptedImporter) -> (artifact id: 'aeb2d0d6d5f815846d75747cd4f655a2') in 0.0117429 seconds
Number of updated asset objects reloaded before import = 0Number of asset objects unloaded after import = 10

========================================================================
Received Import Request.
  Time since last request: 0.000037 seconds.
  path: Assets/Flooded_Grounds/Prefabs/Props/Prop_Rug_A.prefab
  artifactKey: Guid(210d38b43ba064d418e74fe6c3791d87) Importer(2089858483,b0f066a214c2f5e87bad3c948f4d605d)
Start importing Assets/Flooded_Grounds/Prefabs/Props/Prop_Rug_A.prefab using Guid(210d38b43ba064d418e74fe6c3791d87) Importer(2089858483,b0f066a214c2f5e87bad3c948f4d605d) (ScriptedImporter) -> (artifact id: 'f5c4a1c3f705a8422ec47202b09e8b67') in 0.0110938 seconds
Number of updated asset objects reloaded before import = 0Number of asset objects unloaded after import = 8

========================================================================
Received Import Request.
  Time since last request: 0.000024 seconds.
  path: Assets/Flooded_Grounds/Prefabs/Buildings/BrickHouse/BrickHouse_Deco_WindowGlass_B.prefab
  artifactKey: Guid(eaaa713946d21c349acbc0f8b739f316) Importer(2089858483,b0f066a214c2f5e87bad3c948f4d605d)
Start importing Assets/Flooded_Grounds/Prefabs/Buildings/BrickHouse/BrickHouse_Deco_WindowGlass_B.prefab using Guid(eaaa713946d21c349acbc0f8b739f316) Importer(2089858483,b0f066a214c2f5e87bad3c948f4d605d) (ScriptedImporter) -> (artifact id: '70e9942dad3ba94e9016aec1a00424ca') in 0.0093135 seconds
Number of updated asset objects reloaded before import = 0Number of asset objects unloaded after import = 8

========================================================================
Received Import Request.
  Time since last request: 0.000022 seconds.
  path: Assets/Flooded_Grounds/Prefabs/Buildings/Villa1/Villa1_Wall_Cor_B.prefab
  artifactKey: Guid(1cb997d50bcf8e540b2ac46cc6196a86) Importer(2089858483,b0f066a214c2f5e87bad3c948f4d605d)
Start importing Assets/Flooded_Grounds/Prefabs/Buildings/Villa1/Villa1_Wall_Cor_B.prefab using Guid(1cb997d50bcf8e540b2ac46cc6196a86) Importer(2089858483,b0f066a214c2f5e87bad3c948f4d605d) (ScriptedImporter) -> (artifact id: '0c88b4396b66df3af2849017314be19e') in 0.0095202 seconds
Number of updated asset objects reloaded before import = 0Number of asset objects unloaded after import = 9

========================================================================
Received Import Request.
  Time since last request: 0.000025 seconds.
  path: Assets/Flooded_Grounds/Prefabs/Props/Prop_Pulpit_A.prefab
  artifactKey: Guid(c2e8a3a68e2bc204b950f65c7c7ecef6) Importer(2089858483,b0f066a214c2f5e87bad3c948f4d605d)
Start importing Assets/Flooded_Grounds/Prefabs/Props/Prop_Pulpit_A.prefab using Guid(c2e8a3a68e2bc204b950f65c7c7ecef6) Importer(2089858483,b0f066a214c2f5e87bad3c948f4d605d) (ScriptedImporter) -> (artifact id: 'bef95dda46be3f644c10ee1943b927ae') in 0.0083207 seconds
Number of updated asset objects reloaded before import = 0Number of asset objects unloaded after import = 17

========================================================================
Received Import Request.
  Time since last request: 0.000018 seconds.
  path: Assets/Flooded_Grounds/Content/Materials/PROP_Cabinets1.mat
  artifactKey: Guid(aa7b4c18d39db534ea65f1fc678cfd24) Importer(2089858483,b0f066a214c2f5e87bad3c948f4d605d)
Start importing Assets/Flooded_Grounds/Content/Materials/PROP_Cabinets1.mat using Guid(aa7b4c18d39db534ea65f1fc678cfd24) Importer(2089858483,b0f066a214c2f5e87bad3c948f4d605d) (ScriptedImporter) -> (artifact id: 'db5aec1ebb35f94b84130fdf3117e637') in 0.0123949 seconds
Number of updated asset objects reloaded before import = 0Number of asset objects unloaded after import = 6

========================================================================
Received Import Request.
  Time since last request: 0.000021 seconds.
  path: Assets/Flooded_Grounds/Prefabs/Props/Prop_Gravestone_D.prefab
  artifactKey: Guid(7e6af4e8360e4b342840a974109fcaed) Importer(2089858483,b0f066a214c2f5e87bad3c948f4d605d)
Start importing Assets/Flooded_Grounds/Prefabs/Props/Prop_Gravestone_D.prefab using Guid(7e6af4e8360e4b342840a974109fcaed) Importer(2089858483,b0f066a214c2f5e87bad3c948f4d605d) (ScriptedImporter) -> (artifact id: '7ddd20b80ab1e36993ff86a1f82c511b') in 0.0101242 seconds
Number of updated asset objects reloaded before import = 0Number of asset objects unloaded after import = 9

========================================================================
Received Import Request.
  Time since last request: 0.000032 seconds.
  path: Assets/Flooded_Grounds/Prefabs/Buildings/Villa1/Villa1_Deco_WindowGlass_B.prefab
  artifactKey: Guid(475b1b6b7e2809143be41cfe67240ecf) Importer(2089858483,b0f066a214c2f5e87bad3c948f4d605d)
Start importing Assets/Flooded_Grounds/Prefabs/Buildings/Villa1/Villa1_Deco_WindowGlass_B.prefab using Guid(475b1b6b7e2809143be41cfe67240ecf) Importer(2089858483,b0f066a214c2f5e87bad3c948f4d605d) (ScriptedImporter) -> (artifact id: '82e596cafced059ace91ac1458247347') in 0.0090865 seconds
Number of updated asset objects reloaded before import = 0Number of asset objects unloaded after import = 8

========================================================================
Received Import Request.
  Time since last request: 0.000022 seconds.
  path: Assets/Flooded_Grounds/Prefabs/Nature/Rocks/CobbleRock_E.prefab
  artifactKey: Guid(71a5880545553674a9f302b0d6db4fec) Importer(2089858483,b0f066a214c2f5e87bad3c948f4d605d)
Start importing Assets/Flooded_Grounds/Prefabs/Nature/Rocks/CobbleRock_E.prefab using Guid(71a5880545553674a9f302b0d6db4fec) Importer(2089858483,b0f066a214c2f5e87bad3c948f4d605d) (ScriptedImporter) -> (artifact id: '3735c3e68f3ea1c9b2cb67dc0aeca887') in 0.008515 seconds
Number of updated asset objects reloaded before import = 0Number of asset objects unloaded after import = 20

========================================================================
Received Import Request.
  Time since last request: 0.000019 seconds.
  path: Assets/Flooded_Grounds/Prefabs/Buildings/Villa1/Villa1_Deco_Beam_A.prefab
  artifactKey: Guid(909999d1c675e9141bd20febde2629f0) Importer(2089858483,b0f066a214c2f5e87bad3c948f4d605d)
Start importing Assets/Flooded_Grounds/Prefabs/Buildings/Villa1/Villa1_Deco_Beam_A.prefab using Guid(909999d1c675e9141bd20febde2629f0) Importer(2089858483,b0f066a214c2f5e87bad3c948f4d605d) (ScriptedImporter) -> (artifact id: '38eb4b3225e591dd2b8f8b287e435271') in 0.0101175 seconds
Number of updated asset objects reloaded before import = 0Number of asset objects unloaded after import = 9

========================================================================
Received Import Request.
  Time since last request: 0.000027 seconds.
  path: Assets/Flooded_Grounds/Prefabs/Buildings/Structures1/Struct_Fence1_Mid_A.prefab
  artifactKey: Guid(b4bb1f5d4e31a07409ece01b4cf53b22) Importer(2089858483,b0f066a214c2f5e87bad3c948f4d605d)
Start importing Assets/Flooded_Grounds/Prefabs/Buildings/Structures1/Struct_Fence1_Mid_A.prefab using Guid(b4bb1f5d4e31a07409ece01b4cf53b22) Importer(2089858483,b0f066a214c2f5e87bad3c948f4d605d) (ScriptedImporter) -> (artifact id: 'bf2845ecfb133e47987188dd3f0a0a17') in 0.0105442 seconds
Number of updated asset objects reloaded before import = 0Number of asset objects unloaded after import = 10

========================================================================
Received Import Request.
  Time since last request: 0.000022 seconds.
  path: Assets/Flooded_Grounds/Prefabs/Buildings/Villa1/Villa1_Wall_Int_A.prefab
  artifactKey: Guid(b3697fca2cda39f418b6b897bcf90cf6) Importer(2089858483,b0f066a214c2f5e87bad3c948f4d605d)
Start importing Assets/Flooded_Grounds/Prefabs/Buildings/Villa1/Villa1_Wall_Int_A.prefab using Guid(b3697fca2cda39f418b6b897bcf90cf6) Importer(2089858483,b0f066a214c2f5e87bad3c948f4d605d) (ScriptedImporter) -> (artifact id: 'c34fe82ad448708f61d5dba7ff5e64c5') in 0.0096328 seconds
Number of updated asset objects reloaded before import = 0Number of asset objects unloaded after import = 9

========================================================================
Received Import Request.
  Time since last request: 0.000023 seconds.
  path: Assets/Flooded_Grounds/Prefabs/Props/Prop_Lamp_C.prefab
  artifactKey: Guid(5f0de5ff8858bdd408bd91760c8c70da) Importer(2089858483,b0f066a214c2f5e87bad3c948f4d605d)
Start importing Assets/Flooded_Grounds/Prefabs/Props/Prop_Lamp_C.prefab using Guid(5f0de5ff8858bdd408bd91760c8c70da) Importer(2089858483,b0f066a214c2f5e87bad3c948f4d605d) (ScriptedImporter) -> (artifact id: '5b95abbfd972f749d20280abc2fc0f98') in 0.0090655 seconds
Number of updated asset objects reloaded before import = 0Number of asset objects unloaded after import = 17

========================================================================
Received Import Request.
  Time since last request: 0.000027 seconds.
  path: Assets/Flooded_Grounds/Prefabs/Buildings/GreenHouse/GreenHouse1_Deco_RoofPiece_B.prefab
  artifactKey: Guid(53e8e843102523b459d75c4b0ca32ad9) Importer(2089858483,b0f066a214c2f5e87bad3c948f4d605d)
Start importing Assets/Flooded_Grounds/Prefabs/Buildings/GreenHouse/GreenHouse1_Deco_RoofPiece_B.prefab using Guid(53e8e843102523b459d75c4b0ca32ad9) Importer(2089858483,b0f066a214c2f5e87bad3c948f4d605d) (ScriptedImporter) -> (artifact id: 'df8c82a6d52624e8e47629c17e89292b') in 0.0089132 seconds
Number of updated asset objects reloaded before import = 0Number of asset objects unloaded after import = 8

========================================================================
Received Import Request.
  Time since last request: 0.000025 seconds.
  path: Assets/Flooded_Grounds/Content/Materials/BLD_BrickHouse1.mat
  artifactKey: Guid(47922826feb9d49488af116a75bc66c4) Importer(2089858483,b0f066a214c2f5e87bad3c948f4d605d)
Start importing Assets/Flooded_Grounds/Content/Materials/BLD_BrickHouse1.mat using Guid(47922826feb9d49488af116a75bc66c4) Importer(2089858483,b0f066a214c2f5e87bad3c948f4d605d) (ScriptedImporter) -> (artifact id: 'bb42ddecb699e2fa5a4eea8f6fb57efc') in 0.0181785 seconds
Number of updated asset objects reloaded before import = 0Number of asset objects unloaded after import = 7

========================================================================
Received Import Request.
  Time since last request: 0.000026 seconds.
  path: Assets/Flooded_Grounds/Prefabs/Buildings/Villa1/Villa1_Wall_Mid_A.prefab
  artifactKey: Guid(5d6e0b09bf6588c4194b0574def66713) Importer(2089858483,b0f066a214c2f5e87bad3c948f4d605d)
Start importing Assets/Flooded_Grounds/Prefabs/Buildings/Villa1/Villa1_Wall_Mid_A.prefab using Guid(5d6e0b09bf6588c4194b0574def66713) Importer(2089858483,b0f066a214c2f5e87bad3c948f4d605d) (ScriptedImporter) -> (artifact id: '86f84034a82a5df1281f288c77daaa8d') in 0.0084246 seconds
Number of updated asset objects reloaded before import = 0Number of asset objects unloaded after import = 9

========================================================================
Received Import Request.
  Time since last request: 0.000016 seconds.
  path: Assets/Flooded_Grounds/Prefabs/Props/Prop_Gravestone_E.prefab
  artifactKey: Guid(73a46d03e13dd2b4ebddaeb829191c7d) Importer(2089858483,b0f066a214c2f5e87bad3c948f4d605d)
Start importing Assets/Flooded_Grounds/Prefabs/Props/Prop_Gravestone_E.prefab using Guid(73a46d03e13dd2b4ebddaeb829191c7d) Importer(2089858483,b0f066a214c2f5e87bad3c948f4d605d) (ScriptedImporter) -> (artifact id: '86ef1d319df8e6bb780b2e7394908e6d') in 0.008521 seconds
Number of updated asset objects reloaded before import = 0Number of asset objects unloaded after import = 9

========================================================================
Received Import Request.
  Time since last request: 0.000013 seconds.
  path: Assets/Flooded_Grounds/Prefabs/Props/Prop_Painting_B.prefab
  artifactKey: Guid(cc89d4ad779dae14eacc18ea2aef32b1) Importer(2089858483,b0f066a214c2f5e87bad3c948f4d605d)
Start importing Assets/Flooded_Grounds/Prefabs/Props/Prop_Painting_B.prefab using Guid(cc89d4ad779dae14eacc18ea2aef32b1) Importer(2089858483,b0f066a214c2f5e87bad3c948f4d605d) (ScriptedImporter) -> (artifact id: '6806045c1c79edc543cd807409608753') in 0.0120624 seconds
Number of updated asset objects reloaded before import = 0Number of asset objects unloaded after import = 8

========================================================================
Received Import Request.
  Time since last request: 0.000013 seconds.
  path: Assets/Flooded_Grounds/Content/Materials/PROP_Ship1.mat
  artifactKey: Guid(e2d702a05fd4a344bb9138058c882de9) Importer(2089858483,b0f066a214c2f5e87bad3c948f4d605d)
Start importing Assets/Flooded_Grounds/Content/Materials/PROP_Ship1.mat using Guid(e2d702a05fd4a344bb9138058c882de9) Importer(2089858483,b0f066a214c2f5e87bad3c948f4d605d) (ScriptedImporter) -> (artifact id: '023385db9f4ccf40d42ee44dccf75c9c') in 0.0232287 seconds
Number of updated asset objects reloaded before import = 0Number of asset objects unloaded after import = 8

========================================================================
Received Import Request.
  Time since last request: 0.000023 seconds.
  path: Assets/Flooded_Grounds/Prefabs/Buildings/Structures1/Struct_Kiosk_A.prefab
  artifactKey: Guid(a483cf8080b9f084a9f64535f5b7c6ab) Importer(2089858483,b0f066a214c2f5e87bad3c948f4d605d)
Start importing Assets/Flooded_Grounds/Prefabs/Buildings/Structures1/Struct_Kiosk_A.prefab using Guid(a483cf8080b9f084a9f64535f5b7c6ab) Importer(2089858483,b0f066a214c2f5e87bad3c948f4d605d) (ScriptedImporter) -> (artifact id: '38b0d12bfaa6d0de034929c66e89704c') in 0.0079568 seconds
Number of updated asset objects reloaded before import = 0Number of asset objects unloaded after import = 23

========================================================================
Received Import Request.
  Time since last request: 0.000020 seconds.
  path: Assets/Flooded_Grounds/Prefabs/Buildings/Structures1/Struct_Fence1_Gate_A_Door.prefab
  artifactKey: Guid(1a8e8c5796893174693ddb47655a8805) Importer(2089858483,b0f066a214c2f5e87bad3c948f4d605d)
Start importing Assets/Flooded_Grounds/Prefabs/Buildings/Structures1/Struct_Fence1_Gate_A_Door.prefab using Guid(1a8e8c5796893174693ddb47655a8805) Importer(2089858483,b0f066a214c2f5e87bad3c948f4d605d) (ScriptedImporter) -> (artifact id: '0039f723dca0443a79edcd2808d09cfe') in 0.0089404 seconds
Number of updated asset objects reloaded before import = 0Number of asset objects unloaded after import = 23

========================================================================
Received Import Request.
  Time since last request: 0.000032 seconds.
  path: Assets/Flooded_Grounds/Prefabs/Buildings/BrickHouse/BrickHouse_Floor_End_A.prefab
  artifactKey: Guid(7144982b2dbf65f4ab9f5f9ce98309e5) Importer(2089858483,b0f066a214c2f5e87bad3c948f4d605d)
Start importing Assets/Flooded_Grounds/Prefabs/Buildings/BrickHouse/BrickHouse_Floor_End_A.prefab using Guid(7144982b2dbf65f4ab9f5f9ce98309e5) Importer(2089858483,b0f066a214c2f5e87bad3c948f4d605d) (ScriptedImporter) -> (artifact id: '923f26066a45c56744d6e998c9c4892d') in 0.0095245 seconds
Number of updated asset objects reloaded before import = 0Number of asset objects unloaded after import = 9

========================================================================
Received Import Request.
  Time since last request: 0.000019 seconds.
  path: Assets/Flooded_Grounds/Prefabs/Buildings/Structures1/Struct_Pavilion_B.prefab
  artifactKey: Guid(d2c499d59bc20854b8bd6d43bbfb4ca5) Importer(2089858483,b0f066a214c2f5e87bad3c948f4d605d)
Start importing Assets/Flooded_Grounds/Prefabs/Buildings/Structures1/Struct_Pavilion_B.prefab using Guid(d2c499d59bc20854b8bd6d43bbfb4ca5) Importer(2089858483,b0f066a214c2f5e87bad3c948f4d605d) (ScriptedImporter) -> (artifact id: '7d9fc6980707577c6d564a442b173afd') in 0.0102669 seconds
Number of updated asset objects reloaded before import = 0Number of asset objects unloaded after import = 10

========================================================================
Received Import Request.
  Time since last request: 0.000018 seconds.
  path: Assets/Flooded_Grounds/Prefabs/Sounds/2D_Background.prefab
  artifactKey: Guid(6bdc6aa17790f464bbae0911783dbf7c) Importer(2089858483,b0f066a214c2f5e87bad3c948f4d605d)
Start importing Assets/Flooded_Grounds/Prefabs/Sounds/2D_Background.prefab using Guid(6bdc6aa17790f464bbae0911783dbf7c) Importer(2089858483,b0f066a214c2f5e87bad3c948f4d605d) (ScriptedImporter) -> (artifact id: 'd70fee5cfb1bf1fea64de7e825ecc27b') in 0.0616856 seconds
Number of updated asset objects reloaded before import = 0Number of asset objects unloaded after import = 6

========================================================================
Received Import Request.
  Time since last request: 0.000041 seconds.
  path: Assets/Flooded_Grounds/Prefabs/Props/Prop_FlyingSaucer_Animated.prefab
  artifactKey: Guid(4a4e3f66b8637cc4b881bf8912acff4f) Importer(2089858483,b0f066a214c2f5e87bad3c948f4d605d)
Start importing Assets/Flooded_Grounds/Prefabs/Props/Prop_FlyingSaucer_Animated.prefab using Guid(4a4e3f66b8637cc4b881bf8912acff4f) Importer(2089858483,b0f066a214c2f5e87bad3c948f4d605d) (ScriptedImporter) -> (artifact id: '0cef0bd39058b4069f072cd5227d7f85') in 0.0115339 seconds
Number of updated asset objects reloaded before import = 0Number of asset objects unloaded after import = 15

========================================================================
Received Import Request.
  Time since last request: 0.000019 seconds.
  path: Assets/Flooded_Grounds/Prefabs/Buildings/IndBuilding1/IndBuilding1_Roof_Mid_A.prefab
  artifactKey: Guid(8b12109de90b0e74ca16680ae843457f) Importer(2089858483,b0f066a214c2f5e87bad3c948f4d605d)
Start importing Assets/Flooded_Grounds/Prefabs/Buildings/IndBuilding1/IndBuilding1_Roof_Mid_A.prefab using Guid(8b12109de90b0e74ca16680ae843457f) Importer(2089858483,b0f066a214c2f5e87bad3c948f4d605d) (ScriptedImporter) -> (artifact id: '54abf73857aba2e4688e859e659e7d7a') in 0.0089112 seconds
Number of updated asset objects reloaded before import = 0Number of asset objects unloaded after import = 9

========================================================================
Received Import Request.
  Time since last request: 0.000024 seconds.
  path: Assets/Flooded_Grounds/Prefabs/Buildings/Villa2/Villa2_Deco_WindowGlass_A.prefab
  artifactKey: Guid(33d2396704f502c40bd674b135e08461) Importer(2089858483,b0f066a214c2f5e87bad3c948f4d605d)
Start importing Assets/Flooded_Grounds/Prefabs/Buildings/Villa2/Villa2_Deco_WindowGlass_A.prefab using Guid(33d2396704f502c40bd674b135e08461) Importer(2089858483,b0f066a214c2f5e87bad3c948f4d605d) (ScriptedImporter) -> (artifact id: '5576b1009340752544f6426f0ac2f074') in 0.0093449 seconds
Number of updated asset objects reloaded before import = 0Number of asset objects unloaded after import = 8

========================================================================
Received Import Request.
  Time since last request: 0.000033 seconds.
  path: Assets/Flooded_Grounds/Prefabs/Buildings/Structures1/Struct_Fence1_Mid_B.prefab
  artifactKey: Guid(04c36f15bbecd854cab50deedb5c594f) Importer(2089858483,b0f066a214c2f5e87bad3c948f4d605d)
Start importing Assets/Flooded_Grounds/Prefabs/Buildings/Structures1/Struct_Fence1_Mid_B.prefab using Guid(04c36f15bbecd854cab50deedb5c594f) Importer(2089858483,b0f066a214c2f5e87bad3c948f4d605d) (ScriptedImporter) -> (artifact id: 'f093464892cee60fbd2d9237fe6359e3') in 0.0088034 seconds
Number of updated asset objects reloaded before import = 0Number of asset objects unloaded after import = 23

========================================================================
Received Import Request.
  Time since last request: 0.000024 seconds.
  path: Assets/Flooded_Grounds/Prefabs/Props/Prop_Vase_A.prefab
  artifactKey: Guid(67b0685a76617c84b94a58742fdf5e77) Importer(2089858483,b0f066a214c2f5e87bad3c948f4d605d)
Start importing Assets/Flooded_Grounds/Prefabs/Props/Prop_Vase_A.prefab using Guid(67b0685a76617c84b94a58742fdf5e77) Importer(2089858483,b0f066a214c2f5e87bad3c948f4d605d) (ScriptedImporter) -> (artifact id: '123733d0f55d57ec96cba1745dd5234a') in 0.0099601 seconds
Number of updated asset objects reloaded before import = 0Number of asset objects unloaded after import = 17

========================================================================
Received Import Request.
  Time since last request: 0.000020 seconds.
  path: Assets/Flooded_Grounds/Prefabs/Buildings/Villa2/Villa2_Deco_RoofPiece_B.prefab
  artifactKey: Guid(944f673b75b562848800fece371cf725) Importer(2089858483,b0f066a214c2f5e87bad3c948f4d605d)
Start importing Assets/Flooded_Grounds/Prefabs/Buildings/Villa2/Villa2_Deco_RoofPiece_B.prefab using Guid(944f673b75b562848800fece371cf725) Importer(2089858483,b0f066a214c2f5e87bad3c948f4d605d) (ScriptedImporter) -> (artifact id: 'e331491ca4fefe29642f8a714bedd6f7') in 0.0119116 seconds
Number of updated asset objects reloaded before import = 0Number of asset objects unloaded after import = 9

========================================================================
Received Import Request.
  Time since last request: 0.000027 seconds.
  path: Assets/Flooded_Grounds/Prefabs/Buildings/Villa2/Villa2_Wall_Mid_D.prefab
  artifactKey: Guid(c86b29ab1e58aa5419a66bc957a06550) Importer(2089858483,b0f066a214c2f5e87bad3c948f4d605d)
Start importing Assets/Flooded_Grounds/Prefabs/Buildings/Villa2/Villa2_Wall_Mid_D.prefab using Guid(c86b29ab1e58aa5419a66bc957a06550) Importer(2089858483,b0f066a214c2f5e87bad3c948f4d605d) (ScriptedImporter) -> (artifact id: '945338a19b0e9dc5c0cf60b1977a351f') in 0.0125813 seconds
Number of updated asset objects reloaded before import = 0Number of asset objects unloaded after import = 9

========================================================================
Received Import Request.
  Time since last request: 0.000028 seconds.
  path: Assets/Flooded_Grounds/Prefabs/Props/Prop_Lamp_B.prefab
  artifactKey: Guid(0be8dee6ec685e54080e3e3cb3c0101b) Importer(2089858483,b0f066a214c2f5e87bad3c948f4d605d)
Start importing Assets/Flooded_Grounds/Prefabs/Props/Prop_Lamp_B.prefab using Guid(0be8dee6ec685e54080e3e3cb3c0101b) Importer(2089858483,b0f066a214c2f5e87bad3c948f4d605d) (ScriptedImporter) -> (artifact id: '168d80566813f7ca40117846223d4b50') in 0.0111197 seconds
Number of updated asset objects reloaded before import = 0Number of asset objects unloaded after import = 17

========================================================================
Received Import Request.
  Time since last request: 0.000028 seconds.
  path: Assets/Flooded_Grounds/Prefabs/Buildings/Villa1/Villa1_Top_Mid_B.prefab
  artifactKey: Guid(88fbf37b7e4fff740bf50f2441298c8b) Importer(2089858483,b0f066a214c2f5e87bad3c948f4d605d)
Start importing Assets/Flooded_Grounds/Prefabs/Buildings/Villa1/Villa1_Top_Mid_B.prefab using Guid(88fbf37b7e4fff740bf50f2441298c8b) Importer(2089858483,b0f066a214c2f5e87bad3c948f4d605d) (ScriptedImporter) -> (artifact id: 'cddfba1503de71283c40021e8c013aac') in 0.0124053 seconds
Number of updated asset objects reloaded before import = 0Number of asset objects unloaded after import = 9

========================================================================
Received Import Request.
  Time since last request: 0.000035 seconds.
  path: Assets/Flooded_Grounds/Prefabs/Buildings/BrickHouse/BrickHouse_Floor_Mid_B.prefab
  artifactKey: Guid(3f9bb54b0ba0f5a4b8aa264f45880ffc) Importer(2089858483,b0f066a214c2f5e87bad3c948f4d605d)
Start importing Assets/Flooded_Grounds/Prefabs/Buildings/BrickHouse/BrickHouse_Floor_Mid_B.prefab using Guid(3f9bb54b0ba0f5a4b8aa264f45880ffc) Importer(2089858483,b0f066a214c2f5e87bad3c948f4d605d) (ScriptedImporter) -> (artifact id: '3aa08ff532cd87ef1d0e70eb1bb29070') in 0.0106306 seconds
Number of updated asset objects reloaded before import = 0Number of asset objects unloaded after import = 9

========================================================================
Received Import Request.
  Time since last request: 12.852104 seconds.
  path: Assets/Flooded_Grounds/Prefabs/Buildings/Villa2/Villa2_Deco_Column_Mid_B.prefab
  artifactKey: Guid(cd395b40de0957d4d9c85b8e623a07d1) Importer(2089858483,b0f066a214c2f5e87bad3c948f4d605d)
Start importing Assets/Flooded_Grounds/Prefabs/Buildings/Villa2/Villa2_Deco_Column_Mid_B.prefab using Guid(cd395b40de0957d4d9c85b8e623a07d1) Importer(2089858483,b0f066a214c2f5e87bad3c948f4d605d) (ScriptedImporter) -> (artifact id: '5cf1421c14b0924b82e5cb8f2b12d60f') in 0.0111965 seconds
Number of updated asset objects reloaded before import = 0Number of asset objects unloaded after import = 9

========================================================================
Received Import Request.
  Time since last request: 0.000020 seconds.
  path: Assets/Flooded_Grounds/Prefabs/Nature/Trees/TreeCreator_Tall_C.prefab
  artifactKey: Guid(1833ba93709e80944b9f2627881f3f4c) Importer(2089858483,b0f066a214c2f5e87bad3c948f4d605d)
Start importing Assets/Flooded_Grounds/Prefabs/Nature/Trees/TreeCreator_Tall_C.prefab using Guid(1833ba93709e80944b9f2627881f3f4c) Importer(2089858483,b0f066a214c2f5e87bad3c948f4d605d) (ScriptedImporter) -> (artifact id: '2c90a87b8385e5a85a800821ae1fcab1') in 0.0236103 seconds
Number of updated asset objects reloaded before import = 0Number of asset objects unloaded after import = 27

========================================================================
Received Import Request.
  Time since last request: 0.000025 seconds.
  path: Assets/Flooded_Grounds/Prefabs/Props/Prop_Chair_B.prefab
  artifactKey: Guid(6343c751e9aa748478696f15afed9481) Importer(2089858483,b0f066a214c2f5e87bad3c948f4d605d)
Start importing Assets/Flooded_Grounds/Prefabs/Props/Prop_Chair_B.prefab using Guid(6343c751e9aa748478696f15afed9481) Importer(2089858483,b0f066a214c2f5e87bad3c948f4d605d) (ScriptedImporter) -> (artifact id: 'fd3e5543a31aae1c6e1cd63a428ca14b') in 0.0076427 seconds
Number of updated asset objects reloaded before import = 0Number of asset objects unloaded after import = 17

========================================================================
Received Import Request.
  Time since last request: 0.000051 seconds.
  path: Assets/Flooded_Grounds/Prefabs/Buildings/Villa1/Villa1_Wall_Cor_A.prefab
  artifactKey: Guid(f75c1a412cade5e44931c36aad22a16c) Importer(2089858483,b0f066a214c2f5e87bad3c948f4d605d)
Start importing Assets/Flooded_Grounds/Prefabs/Buildings/Villa1/Villa1_Wall_Cor_A.prefab using Guid(f75c1a412cade5e44931c36aad22a16c) Importer(2089858483,b0f066a214c2f5e87bad3c948f4d605d) (ScriptedImporter) -> (artifact id: '985be8dbcde0190c756cbdfdc5781e3d') in 0.0088486 seconds
Number of updated asset objects reloaded before import = 0Number of asset objects unloaded after import = 9

========================================================================
Received Import Request.
  Time since last request: 0.000021 seconds.
  path: Assets/Flooded_Grounds/Prefabs/Buildings/Villa2/Villa2_Floor_Mid_A.prefab
  artifactKey: Guid(4743926f06b7fdc4c93033724c776cdc) Importer(2089858483,b0f066a214c2f5e87bad3c948f4d605d)
Start importing Assets/Flooded_Grounds/Prefabs/Buildings/Villa2/Villa2_Floor_Mid_A.prefab using Guid(4743926f06b7fdc4c93033724c776cdc) Importer(2089858483,b0f066a214c2f5e87bad3c948f4d605d) (ScriptedImporter) -> (artifact id: '634620f9377ddd86a14ed022e7c823e2') in 0.0090983 seconds
Number of updated asset objects reloaded before import = 0Number of asset objects unloaded after import = 9

========================================================================
Received Import Request.
  Time since last request: 0.000019 seconds.
  path: Assets/Flooded_Grounds/Prefabs/Buildings/Villa1/Villa1_Wall_Mid_E.prefab
  artifactKey: Guid(0629b26a98ce01a46b7bf9348c41bb30) Importer(2089858483,b0f066a214c2f5e87bad3c948f4d605d)
Start importing Assets/Flooded_Grounds/Prefabs/Buildings/Villa1/Villa1_Wall_Mid_E.prefab using Guid(0629b26a98ce01a46b7bf9348c41bb30) Importer(2089858483,b0f066a214c2f5e87bad3c948f4d605d) (ScriptedImporter) -> (artifact id: '7066e682f5dadd8a091b17fff2bbf8ac') in 0.0093794 seconds
Number of updated asset objects reloaded before import = 0Number of asset objects unloaded after import = 9

========================================================================
Received Import Request.
  Time since last request: 0.000020 seconds.
  path: Assets/Flooded_Grounds/Prefabs/Buildings/Churches/Church1_End_B.prefab
  artifactKey: Guid(19d091357490f6840bc24462233284ae) Importer(2089858483,b0f066a214c2f5e87bad3c948f4d605d)
Start importing Assets/Flooded_Grounds/Prefabs/Buildings/Churches/Church1_End_B.prefab using Guid(19d091357490f6840bc24462233284ae) Importer(2089858483,b0f066a214c2f5e87bad3c948f4d605d) (ScriptedImporter) -> (artifact id: 'bc02fa627e0ff10916af81ec01cfef82') in 0.0093459 seconds
Number of updated asset objects reloaded before import = 0Number of asset objects unloaded after import = 9

========================================================================
Received Import Request.
  Time since last request: 0.000018 seconds.
  path: Assets/Flooded_Grounds/Prefabs/Buildings/Barns/Barn1_Mid_A.prefab
  artifactKey: Guid(cd244ec18c5216249a6ae8df087ef34d) Importer(2089858483,b0f066a214c2f5e87bad3c948f4d605d)
Start importing Assets/Flooded_Grounds/Prefabs/Buildings/Barns/Barn1_Mid_A.prefab using Guid(cd244ec18c5216249a6ae8df087ef34d) Importer(2089858483,b0f066a214c2f5e87bad3c948f4d605d) (ScriptedImporter) -> (artifact id: '17bd87157c8727eee6c98ab5b2187628') in 0.0091907 seconds
Number of updated asset objects reloaded before import = 0Number of asset objects unloaded after import = 10

========================================================================
Received Import Request.
  Time since last request: 0.000022 seconds.
  path: Assets/Flooded_Grounds/Prefabs/Backgrounds/BGR_Pipe_B.prefab
  artifactKey: Guid(89d3804ae1d951b42a266ad900c34eaf) Importer(2089858483,b0f066a214c2f5e87bad3c948f4d605d)
Start importing Assets/Flooded_Grounds/Prefabs/Backgrounds/BGR_Pipe_B.prefab using Guid(89d3804ae1d951b42a266ad900c34eaf) Importer(2089858483,b0f066a214c2f5e87bad3c948f4d605d) (ScriptedImporter) -> (artifact id: '40278effb886e10cefc6e48e05c34759') in 0.0079602 seconds
Number of updated asset objects reloaded before import = 0Number of asset objects unloaded after import = 8

========================================================================
Received Import Request.
  Time since last request: 0.000034 seconds.
  path: Assets/Flooded_Grounds/Prefabs/Buildings/BrickHouse/BrickHouse_Floor_Mid_A_DM_B.prefab
  artifactKey: Guid(172519860681a8b4cba807037132dde8) Importer(2089858483,b0f066a214c2f5e87bad3c948f4d605d)
Start importing Assets/Flooded_Grounds/Prefabs/Buildings/BrickHouse/BrickHouse_Floor_Mid_A_DM_B.prefab using Guid(172519860681a8b4cba807037132dde8) Importer(2089858483,b0f066a214c2f5e87bad3c948f4d605d) (ScriptedImporter) -> (artifact id: 'cff5c221cdce61e770767b4b1ed3e671') in 0.0132416 seconds
Number of updated asset objects reloaded before import = 0Number of asset objects unloaded after import = 10

========================================================================
Received Import Request.
  Time since last request: 0.000017 seconds.
  path: Assets/Flooded_Grounds/Prefabs/Buildings/Villa2/Villa2_Wall_Cor_A.prefab
  artifactKey: Guid(3d6af86994b168f459350d61d340227e) Importer(2089858483,b0f066a214c2f5e87bad3c948f4d605d)
Start importing Assets/Flooded_Grounds/Prefabs/Buildings/Villa2/Villa2_Wall_Cor_A.prefab using Guid(3d6af86994b168f459350d61d340227e) Importer(2089858483,b0f066a214c2f5e87bad3c948f4d605d) (ScriptedImporter) -> (artifact id: 'c3166a6cf197c2e6c3a7d7dda6c8e892') in 0.0128903 seconds
Number of updated asset objects reloaded before import = 0Number of asset objects unloaded after import = 10

========================================================================
Received Import Request.
  Time since last request: 0.000019 seconds.
  path: Assets/Flooded_Grounds/Prefabs/Buildings/Churches/Church1_End_A.prefab
  artifactKey: Guid(536c47ed6c4df7448adae963b41045e3) Importer(2089858483,b0f066a214c2f5e87bad3c948f4d605d)
Start importing Assets/Flooded_Grounds/Prefabs/Buildings/Churches/Church1_End_A.prefab using Guid(536c47ed6c4df7448adae963b41045e3) Importer(2089858483,b0f066a214c2f5e87bad3c948f4d605d) (ScriptedImporter) -> (artifact id: 'ed319f2dc04467da68d9b8b8e9bf44fb') in 0.0114931 seconds
Number of updated asset objects reloaded before import = 0Number of asset objects unloaded after import = 9

========================================================================
Received Import Request.
  Time since last request: 0.000018 seconds.
  path: Assets/Flooded_Grounds/Prefabs/Props/Prop_ChurchBench_A.prefab
  artifactKey: Guid(51e1ec27a31e16a4ba99622c680fd8ec) Importer(2089858483,b0f066a214c2f5e87bad3c948f4d605d)
Start importing Assets/Flooded_Grounds/Prefabs/Props/Prop_ChurchBench_A.prefab using Guid(51e1ec27a31e16a4ba99622c680fd8ec) Importer(2089858483,b0f066a214c2f5e87bad3c948f4d605d) (ScriptedImporter) -> (artifact id: '478470496022156f88455eceed8236e4') in 0.0076433 seconds
Number of updated asset objects reloaded before import = 0Number of asset objects unloaded after import = 17

========================================================================
Received Import Request.
  Time since last request: 0.000014 seconds.
  path: Assets/Flooded_Grounds/Prefabs/Buildings/Villa1/Villa1_Wall_Mid_D.prefab
  artifactKey: Guid(3db4b54e649f80f4287b6ea21e0d14f2) Importer(2089858483,b0f066a214c2f5e87bad3c948f4d605d)
Start importing Assets/Flooded_Grounds/Prefabs/Buildings/Villa1/Villa1_Wall_Mid_D.prefab using Guid(3db4b54e649f80f4287b6ea21e0d14f2) Importer(2089858483,b0f066a214c2f5e87bad3c948f4d605d) (ScriptedImporter) -> (artifact id: 'f282064713e489e3464123b7df781fae') in 0.009925 seconds
Number of updated asset objects reloaded before import = 0Number of asset objects unloaded after import = 9

========================================================================
Received Import Request.
  Time since last request: 0.000020 seconds.
  path: Assets/Flooded_Grounds/Content/Materials/BGR_Water.mat
  artifactKey: Guid(a56782aef2f1bd34285fe34f78a0b957) Importer(2089858483,b0f066a214c2f5e87bad3c948f4d605d)
Start importing Assets/Flooded_Grounds/Content/Materials/BGR_Water.mat using Guid(a56782aef2f1bd34285fe34f78a0b957) Importer(2089858483,b0f066a214c2f5e87bad3c948f4d605d) (ScriptedImporter) -> (artifact id: 'a1ce32b00133d25ca4dcd890579e1962') in 0.0096323 seconds
Number of updated asset objects reloaded before import = 0Number of asset objects unloaded after import = 5

========================================================================
Received Import Request.
  Time since last request: 0.000023 seconds.
  path: Assets/Flooded_Grounds/Prefabs/Props/Prop_Boat_A_Bobbing.prefab
  artifactKey: Guid(62ee11b92543e8c4998d91298a81ac36) Importer(2089858483,b0f066a214c2f5e87bad3c948f4d605d)
Start importing Assets/Flooded_Grounds/Prefabs/Props/Prop_Boat_A_Bobbing.prefab using Guid(62ee11b92543e8c4998d91298a81ac36) Importer(2089858483,b0f066a214c2f5e87bad3c948f4d605d) (ScriptedImporter) -> (artifact id: '9160a5c35fc7b9a759821e036737f772') in 0.0089734 seconds
Number of updated asset objects reloaded before import = 0Number of asset objects unloaded after import = 25

========================================================================
Received Import Request.
  Time since last request: 0.000025 seconds.
  path: Assets/Flooded_Grounds/Prefabs/Nature/Grass/Grass_Small_A.prefab
  artifactKey: Guid(eed7118be894efa4fa004434dec6a57c) Importer(2089858483,b0f066a214c2f5e87bad3c948f4d605d)
Start importing Assets/Flooded_Grounds/Prefabs/Nature/Grass/Grass_Small_A.prefab using Guid(eed7118be894efa4fa004434dec6a57c) Importer(2089858483,b0f066a214c2f5e87bad3c948f4d605d) (ScriptedImporter) -> (artifact id: 'ed68b2d7d5e7a1c2699a38e442c67767') in 0.0087943 seconds
Number of updated asset objects reloaded before import = 0Number of asset objects unloaded after import = 8

========================================================================
Received Import Request.
  Time since last request: 0.000018 seconds.
  path: Assets/Flooded_Grounds/Prefabs/Nature/Rocks/CobbleRock_F.prefab
  artifactKey: Guid(758be797b2a1f0e48a305f88f9784d43) Importer(2089858483,b0f066a214c2f5e87bad3c948f4d605d)
Start importing Assets/Flooded_Grounds/Prefabs/Nature/Rocks/CobbleRock_F.prefab using Guid(758be797b2a1f0e48a305f88f9784d43) Importer(2089858483,b0f066a214c2f5e87bad3c948f4d605d) (ScriptedImporter) -> (artifact id: '811f66bdede355c5385a6a769164f667') in 0.0075084 seconds
Number of updated asset objects reloaded before import = 0Number of asset objects unloaded after import = 20

========================================================================
Received Import Request.
  Time since last request: 0.000022 seconds.
  path: Assets/Flooded_Grounds/Prefabs/Buildings/Cabins/Cabin1_Deco_WindowGlass_A.prefab
  artifactKey: Guid(715fd63a46fbdbe4aaa1d6f63749e896) Importer(2089858483,b0f066a214c2f5e87bad3c948f4d605d)
Start importing Assets/Flooded_Grounds/Prefabs/Buildings/Cabins/Cabin1_Deco_WindowGlass_A.prefab using Guid(715fd63a46fbdbe4aaa1d6f63749e896) Importer(2089858483,b0f066a214c2f5e87bad3c948f4d605d) (ScriptedImporter) -> (artifact id: 'a34183c96b9af23bb48b857a5dd24aee') in 0.0082796 seconds
Number of updated asset objects reloaded before import = 0Number of asset objects unloaded after import = 8

========================================================================
Received Import Request.
  Time since last request: 0.000021 seconds.
  path: Assets/Flooded_Grounds/Prefabs/Buildings/BrickHouse/BrickHouse_Floor_Mid_A_DM_A.prefab
  artifactKey: Guid(929978fd58ecd9f4a8dfb230290db510) Importer(2089858483,b0f066a214c2f5e87bad3c948f4d605d)
Start importing Assets/Flooded_Grounds/Prefabs/Buildings/BrickHouse/BrickHouse_Floor_Mid_A_DM_A.prefab using Guid(929978fd58ecd9f4a8dfb230290db510) Importer(2089858483,b0f066a214c2f5e87bad3c948f4d605d) (ScriptedImporter) -> (artifact id: '6b591d5c3bcb6077ee87f2cbc17355a1') in 0.0097726 seconds
Number of updated asset objects reloaded before import = 0Number of asset objects unloaded after import = 9

========================================================================
Received Import Request.
  Time since last request: 0.000021 seconds.
  path: Assets/Flooded_Grounds/Prefabs/Buildings/Villa2/Villa2_Base_Stairs_A.prefab
  artifactKey: Guid(b42e93feb18107a4d80243a8cccc2674) Importer(2089858483,b0f066a214c2f5e87bad3c948f4d605d)
Start importing Assets/Flooded_Grounds/Prefabs/Buildings/Villa2/Villa2_Base_Stairs_A.prefab using Guid(b42e93feb18107a4d80243a8cccc2674) Importer(2089858483,b0f066a214c2f5e87bad3c948f4d605d) (ScriptedImporter) -> (artifact id: '21b6006e346bad0717607264ccc3d67d') in 0.0120084 seconds
Number of updated asset objects reloaded before import = 0Number of asset objects unloaded after import = 9

========================================================================
Received Import Request.
  Time since last request: 0.000018 seconds.
  path: Assets/Flooded_Grounds/Prefabs/Buildings/BrickHouse/BrickHouse_Mid_A.prefab
  artifactKey: Guid(a169505b1ca79d04e97789db788de88c) Importer(2089858483,b0f066a214c2f5e87bad3c948f4d605d)
Start importing Assets/Flooded_Grounds/Prefabs/Buildings/BrickHouse/BrickHouse_Mid_A.prefab using Guid(a169505b1ca79d04e97789db788de88c) Importer(2089858483,b0f066a214c2f5e87bad3c948f4d605d) (ScriptedImporter) -> (artifact id: 'd860706f83ef1ca49860e807db06dd9e') in 0.0100474 seconds
Number of updated asset objects reloaded before import = 0Number of asset objects unloaded after import = 9

========================================================================
Received Import Request.
  Time since last request: 0.000022 seconds.
  path: Assets/Flooded_Grounds/Prefabs/Nature/Rocks/CobbleRock_D.prefab
  artifactKey: Guid(601b7f10102e66b41b534b7b077bd9a0) Importer(2089858483,b0f066a214c2f5e87bad3c948f4d605d)
Start importing Assets/Flooded_Grounds/Prefabs/Nature/Rocks/CobbleRock_D.prefab using Guid(601b7f10102e66b41b534b7b077bd9a0) Importer(2089858483,b0f066a214c2f5e87bad3c948f4d605d) (ScriptedImporter) -> (artifact id: '26031addc11c0c413bcbf8b6ca7aa389') in 0.0080949 seconds
Number of updated asset objects reloaded before import = 0Number of asset objects unloaded after import = 20

========================================================================
Received Import Request.
  Time since last request: 0.000029 seconds.
  path: Assets/Flooded_Grounds/Prefabs/Buildings/Structures1/Pavement2_End_A.prefab
  artifactKey: Guid(6e3189c8f251ccb4abb64f3d59c2256a) Importer(2089858483,b0f066a214c2f5e87bad3c948f4d605d)
Start importing Assets/Flooded_Grounds/Prefabs/Buildings/Structures1/Pavement2_End_A.prefab using Guid(6e3189c8f251ccb4abb64f3d59c2256a) Importer(2089858483,b0f066a214c2f5e87bad3c948f4d605d) (ScriptedImporter) -> (artifact id: 'f4b9dac57ee57c2e09d227fc23416fc3') in 0.0099092 seconds
Number of updated asset objects reloaded before import = 0Number of asset objects unloaded after import = 9

========================================================================
Received Import Request.
  Time since last request: 0.000022 seconds.
  path: Assets/Flooded_Grounds/Prefabs/Buildings/Churches/Church1_Door_C.prefab
  artifactKey: Guid(44822f52b3d42e7419e7730aa641a6c2) Importer(2089858483,b0f066a214c2f5e87bad3c948f4d605d)
Start importing Assets/Flooded_Grounds/Prefabs/Buildings/Churches/Church1_Door_C.prefab using Guid(44822f52b3d42e7419e7730aa641a6c2) Importer(2089858483,b0f066a214c2f5e87bad3c948f4d605d) (ScriptedImporter) -> (artifact id: '467a22ee9f5f0b8d46895577f69eecf1') in 0.0093492 seconds
Number of updated asset objects reloaded before import = 0Number of asset objects unloaded after import = 9

========================================================================
Received Import Request.
  Time since last request: 0.000021 seconds.
  path: Assets/Flooded_Grounds/Prefabs/Buildings/Barns/Barn1_End_B.prefab
  artifactKey: Guid(c5eecfcfa4f017648b3c8d62a4286b46) Importer(2089858483,b0f066a214c2f5e87bad3c948f4d605d)
Start importing Assets/Flooded_Grounds/Prefabs/Buildings/Barns/Barn1_End_B.prefab using Guid(c5eecfcfa4f017648b3c8d62a4286b46) Importer(2089858483,b0f066a214c2f5e87bad3c948f4d605d) (ScriptedImporter) -> (artifact id: '4d346739c75eed1b1e3ac5d3558ffacd') in 0.0110123 seconds
Number of updated asset objects reloaded before import = 0Number of asset objects unloaded after import = 10

========================================================================
Received Import Request.
  Time since last request: 0.000017 seconds.
  path: Assets/Flooded_Grounds/Prefabs/Buildings/Cabins/Cabin1_Stairs.prefab
  artifactKey: Guid(2bf6f50fca3051b4e89bd91d63c3f247) Importer(2089858483,b0f066a214c2f5e87bad3c948f4d605d)
Start importing Assets/Flooded_Grounds/Prefabs/Buildings/Cabins/Cabin1_Stairs.prefab using Guid(2bf6f50fca3051b4e89bd91d63c3f247) Importer(2089858483,b0f066a214c2f5e87bad3c948f4d605d) (ScriptedImporter) -> (artifact id: '145a53b535362ba57006275f7354733b') in 0.0110351 seconds
Number of updated asset objects reloaded before import = 0Number of asset objects unloaded after import = 9

========================================================================
Received Import Request.
  Time since last request: 0.000020 seconds.
  path: Assets/Flooded_Grounds/Prefabs/Props/Prop_Lamp_A.prefab
  artifactKey: Guid(c9ec0cf2c9954d144bcfcefa4161913f) Importer(2089858483,b0f066a214c2f5e87bad3c948f4d605d)
Start importing Assets/Flooded_Grounds/Prefabs/Props/Prop_Lamp_A.prefab using Guid(c9ec0cf2c9954d144bcfcefa4161913f) Importer(2089858483,b0f066a214c2f5e87bad3c948f4d605d) (ScriptedImporter) -> (artifact id: '525b934ebb110669416ace11c5ff4893') in 0.007768 seconds
Number of updated asset objects reloaded before import = 0Number of asset objects unloaded after import = 16

========================================================================
Received Import Request.
  Time since last request: 0.000020 seconds.
  path: Assets/Flooded_Grounds/Prefabs/Buildings/BrickHouse/BrickHouse_Mid_B.prefab
  artifactKey: Guid(f4d2356b6ba44cd408e5e133a4a1f2cd) Importer(2089858483,b0f066a214c2f5e87bad3c948f4d605d)
Start importing Assets/Flooded_Grounds/Prefabs/Buildings/BrickHouse/BrickHouse_Mid_B.prefab using Guid(f4d2356b6ba44cd408e5e133a4a1f2cd) Importer(2089858483,b0f066a214c2f5e87bad3c948f4d605d) (ScriptedImporter) -> (artifact id: 'de759ef593f55029b351d6d0180862a3') in 0.0110973 seconds
Number of updated asset objects reloaded before import = 0Number of asset objects unloaded after import = 9

========================================================================
Received Import Request.
  Time since last request: 0.000034 seconds.
  path: Assets/Flooded_Grounds/Prefabs/Buildings/Villa2/Villa2_Wall_Mid_A.prefab
  artifactKey: Guid(31ecc7bdf20925d4bbe36dbb0637f6af) Importer(2089858483,b0f066a214c2f5e87bad3c948f4d605d)
Start importing Assets/Flooded_Grounds/Prefabs/Buildings/Villa2/Villa2_Wall_Mid_A.prefab using Guid(31ecc7bdf20925d4bbe36dbb0637f6af) Importer(2089858483,b0f066a214c2f5e87bad3c948f4d605d) (ScriptedImporter) -> (artifact id: '1097b494e6106879e81959f132067507') in 0.0121429 seconds
Number of updated asset objects reloaded before import = 0Number of asset objects unloaded after import = 10

========================================================================
Received Import Request.
  Time since last request: 0.000017 seconds.
  path: Assets/Flooded_Grounds/Prefabs/Buildings/Villa2/Villa2_Wall_Int_A.prefab
  artifactKey: Guid(0a252d80add0348439615bc02e74781d) Importer(2089858483,b0f066a214c2f5e87bad3c948f4d605d)
Start importing Assets/Flooded_Grounds/Prefabs/Buildings/Villa2/Villa2_Wall_Int_A.prefab using Guid(0a252d80add0348439615bc02e74781d) Importer(2089858483,b0f066a214c2f5e87bad3c948f4d605d) (ScriptedImporter) -> (artifact id: '517d5119d921ebef3547a17832dd3cc9') in 0.0091929 seconds
Number of updated asset objects reloaded before import = 0Number of asset objects unloaded after import = 9

========================================================================
Received Import Request.
  Time since last request: 0.000015 seconds.
  path: Assets/Flooded_Grounds/Prefabs/Props/Prop_Bed_B.prefab
  artifactKey: Guid(91365c327d21a0343b4fa73a722f938d) Importer(2089858483,b0f066a214c2f5e87bad3c948f4d605d)
Start importing Assets/Flooded_Grounds/Prefabs/Props/Prop_Bed_B.prefab using Guid(91365c327d21a0343b4fa73a722f938d) Importer(2089858483,b0f066a214c2f5e87bad3c948f4d605d) (ScriptedImporter) -> (artifact id: '1dddefb431f4da0cefde30c3531c8086') in 0.0102375 seconds
Number of updated asset objects reloaded before import = 0Number of asset objects unloaded after import = 17

========================================================================
Received Import Request.
  Time since last request: 0.000016 seconds.
  path: Assets/Flooded_Grounds/Scenes/Scene_A.unity
  artifactKey: Guid(c0d944ca9defd20449bc336e50d75a08) Importer(2089858483,b0f066a214c2f5e87bad3c948f4d605d)
Start importing Assets/Flooded_Grounds/Scenes/Scene_A.unity using Guid(c0d944ca9defd20449bc336e50d75a08) Importer(2089858483,b0f066a214c2f5e87bad3c948f4d605d) (ScriptedImporter) -> (artifact id: '0f699bbb033470f2669090b5f3b00edd') in 0.0636808 seconds
Number of updated asset objects reloaded before import = 0Number of asset objects unloaded after import = 1

========================================================================
Received Import Request.
  Time since last request: 0.000025 seconds.
  path: Assets/Flooded_Grounds/Content/Materials/ATM_HaloRing.mat
  artifactKey: Guid(5d9f771ba477048468247073bc8ad533) Importer(2089858483,b0f066a214c2f5e87bad3c948f4d605d)
Start importing Assets/Flooded_Grounds/Content/Materials/ATM_HaloRing.mat using Guid(5d9f771ba477048468247073bc8ad533) Importer(2089858483,b0f066a214c2f5e87bad3c948f4d605d) (ScriptedImporter) -> (artifact id: '413d9bd6a5583e743a31b495d33120e4') in 0.008727 seconds
Number of updated asset objects reloaded before import = 0Number of asset objects unloaded after import = 1

========================================================================
Received Import Request.
  Time since last request: 0.000043 seconds.
  path: Assets/Flooded_Grounds/Content/Trees/SrcPrefabs/BushBranch1.prefab
  artifactKey: Guid(51ea3179b0b8c264f904d1f2b41994d4) Importer(2089858483,b0f066a214c2f5e87bad3c948f4d605d)
Start importing Assets/Flooded_Grounds/Content/Trees/SrcPrefabs/BushBranch1.prefab using Guid(51ea3179b0b8c264f904d1f2b41994d4) Importer(2089858483,b0f066a214c2f5e87bad3c948f4d605d) (ScriptedImporter) -> (artifact id: '530d4d3f3273c90b5610a1e38129f7b9') in 0.0085676 seconds
Number of updated asset objects reloaded before import = 0Number of asset objects unloaded after import = 8

========================================================================
Received Import Request.
  Time since last request: 0.000020 seconds.
  path: Assets/Flooded_Grounds/Prefabs/Props/Prop_Vase_B.prefab
  artifactKey: Guid(d56462b3ff64676458a7fead7cda0e5f) Importer(2089858483,b0f066a214c2f5e87bad3c948f4d605d)
Start importing Assets/Flooded_Grounds/Prefabs/Props/Prop_Vase_B.prefab using Guid(d56462b3ff64676458a7fead7cda0e5f) Importer(2089858483,b0f066a214c2f5e87bad3c948f4d605d) (ScriptedImporter) -> (artifact id: 'fcf52142c661ad026f8ca9e55b3f560d') in 0.0096211 seconds
Number of updated asset objects reloaded before import = 0Number of asset objects unloaded after import = 17

Editor requested this worker to shutdown with reason: Scaling down because of idle timeout
AssetImportWorker is now disconnected from the server
Process exiting
Exiting without the bug reporter. Application will terminate with return code 0