[Licensing::Module] Trying to connect to existing licensing client channel...
Built from '6000.3/staging' branch; Version is '6000.3.4f1 (fdd3b8998ec4) revision 16634808'; Using compiler version '194234433'; Build Type 'Release'
[Licensing::IpcConnector] Successfully connected to: "LicenseClient-ajffj" at "2026-04-20T08:16:29.8340066Z"
OS: 'Windows 11  (10.0.26200) Professional' Language: 'ko' Physical Memory: 64659 MB
BatchMode: 1, IsHumanControllingUs: 0, StartBugReporterOnCrash: 0, Is64bit: 1
System  architecture: x64
Process architecture: x64
Date: 2026-04-20T08:16:29Z
[Licensing::Client] Code 10 while verifying Licensing Client signature (process Id: 20808, path: "E:/Unity/Unity Hub/UnityLicensingClient_V1/Unity.Licensing.Client.exe")
[Licensing::Module] LicensingClient has failed validation; ignoring
[Licensing::Client] Error: HandshakeResponse reported an error:
	ResponseCode: 505
	ResponseStatus: Unsupported protocol version '1.17.4'.
[Licensing::Module] Error: Failed to handshake to channel: "LicenseClient-ajffj"
[Licensing::IpcConnector] LicenseClient-ajffj channel disconnected successfully.
[Licensing::IpcConnector] Successfully connected to: "LicenseClient-ajffj-6000.3.4" at "2026-04-20T08:16:29.8905053Z"

COMMAND LINE ARGUMENTS:
C:\Program Files\Unity\Hub\Editor\6000.3.4f1\Editor\Unity.exe
-adb2
-batchMode
-noUpm
-name
AssetImportWorker10
-projectPath
E:/Unity/TPS_Project/TpsProject
-logFile
Logs/AssetImportWorker10.log
-srvPort
6187
-licensingIpc
LicenseClient-ajffj
-job-worker-count
11
-background-job-worker-count
8
-gc-helper-count
1
-name
AssetImport
Successfully changed project path to: E:/Unity/TPS_Project/TpsProject
E:/Unity/TPS_Project/TpsProject
[UnityMemory] Configuration Parameters - Can be set up in boot.config
    "memorysetup-temp-allocator-size-nav-mesh-worker=65536"
    "memorysetup-temp-allocator-size-audio-worker=65536"
    "memorysetup-temp-allocator-size-gfx=262144"
    "memorysetup-allocator-temp-initial-block-size-main=262144"
    "memorysetup-allocator-temp-initial-block-size-worker=262144"
    "memorysetup-temp-allocator-size-background-worker=32768"
    "memorysetup-temp-allocator-size-job-worker=262144"
    "memorysetup-temp-allocator-size-preload-manager=33554432"
    "memorysetup-temp-allocator-size-gi-baking-worker=262144"
    "memorysetup-temp-allocator-size-gi-baking-worker=262144"
    "memorysetup-temp-allocator-size-gi-baking-worker=262144"
    "memorysetup-temp-allocator-size-gi-baking-worker=262144"
    "memorysetup-temp-allocator-size-gi-baking-worker=262144"
    "memorysetup-bucket-allocator-granularity=16"
    "memorysetup-bucket-allocator-bucket-count=8"
    "memorysetup-bucket-allocator-block-size=33554432"
    "memorysetup-bucket-allocator-block-count=8"
    "memorysetup-main-allocator-block-size=16777216"
    "memorysetup-thread-allocator-block-size=16777216"
    "memorysetup-gfx-main-allocator-block-size=16777216"
    "memorysetup-gfx-thread-allocator-block-size=16777216"
    "memorysetup-cache-allocator-block-size=4194304"
    "memorysetup-typetree-allocator-block-size=2097152"
    "memorysetup-profiler-bucket-allocator-granularity=16"
    "memorysetup-profiler-bucket-allocator-bucket-count=8"
    "memorysetup-profiler-bucket-allocator-block-size=33554432"
    "memorysetup-profiler-bucket-allocator-block-count=8"
    "memorysetup-profiler-allocator-block-size=16777216"
    "memorysetup-profiler-editor-allocator-block-size=1048576"
    "memorysetup-temp-allocator-size-main=16777216"
    "memorysetup-job-temp-allocator-block-size=2097152"
    "memorysetup-job-temp-allocator-block-size-background=1048576"
    "memorysetup-job-temp-allocator-reduction-small-platforms=262144"
    "memorysetup-temp-allocator-size-cloud-worker=32768"
Player connection [20168]  Target information:

Player connection [20168]  * "[IP] 192.168.0.3 [Port] 0 [Flags] 2 [Guid] 331806858 [EditorId] 331806858 [Version] 1048832 [Id] WindowsEditor(7,DESKTOP-3QPCFMO) [Debug] 1 [PackageName] WindowsEditor [ProjectName] Editor" 

Player connection [20168] Host joined multi-casting on [225.0.0.222:54997]...
Player connection [20168] Host joined alternative multi-casting on [225.0.0.222:34997]...
JobSystem: Creating JobQueue using job-worker-count value 11
Input System module state changed to: Initialized.
[Physics::Module] Initialized fallback backend.
[Physics::Module] Id: 0xdecafbad
Library Redirect Path: Library/
[Physics::Module] Selected backend.
[Physics::Module] Name: PhysX
[Physics::Module] Id: 0xf2b8ea05
[Physics::Module] SDK Version: 4.1.2
[Physics::Module] Integration Version: 1.0.0
[Physics::Module] Threading Mode: Multi-Threaded
Refreshing native plugins compatible for Editor in 1.60 ms, found 3 plugins.
Preloading 0 native plugins for Editor in 0.00 ms.
Initialize engine version: 6000.3.4f1 (fdd3b8998ec4)
[Subsystems] Discovering subsystems at path C:/Program Files/Unity/Hub/Editor/6000.3.4f1/Editor/Data/Resources/UnitySubsystems
[Subsystems] Discovering subsystems at path E:/Unity/TPS_Project/TpsProject/Assets
GfxDevice: creating device client; kGfxThreadingModeNonThreaded
Direct3D:
    Version:  Direct3D 11.0 [level 11.1]
    Renderer: NVIDIA GeForce RTX 3070 (ID=0x2484)
    Vendor:   NVIDIA
    VRAM:     8018 MB
    Driver:   32.0.15.9186
Initialize mono
Mono path[0] = 'C:/Program Files/Unity/Hub/Editor/6000.3.4f1/Editor/Data/Managed'
Mono path[1] = 'C:/Program Files/Unity/Hub/Editor/6000.3.4f1/Editor/Data/MonoBleedingEdge/lib/mono/unityjit-win32'
Mono config path = 'C:/Program Files/Unity/Hub/Editor/6000.3.4f1/Editor/Data/MonoBleedingEdge/etc'
Using monoOptions --debugger-agent=transport=dt_socket,embedding=1,server=y,suspend=n,address=127.0.0.1:56284
Begin MonoManager ReloadAssembly
Registering precompiled unity dll's ...
Register platform support module: C:/Program Files/Unity/Hub/Editor/6000.3.4f1/Editor/Data/PlaybackEngines/WindowsStandaloneSupport/UnityEditor.WindowsStandalone.Extensions.dll
Registered in 0.002531 seconds.
- Loaded All Assemblies, in  0.406 seconds
Native extension for WindowsStandalone target not found
[Licensing::Client] Handshaking with LicensingClient:
  Version:                 1.17.4+4293ba1
  Session Id:              6d96155fba6246fab323b16fd95bef11
  Correlation Id:          37df60d828c7be8c3c8e2435d570d8df
  External correlation Id: 6103912075758234600
  Machine Id:              quNDNEHvSPhWQgiArlte8FV3K/U=
[Licensing::Module] Successfully connected to LicensingClient on channel: "LicenseClient-ajffj-6000.3.4" (connect: 0.00s, validation: 0.00s, handshake: 1.09s)
[Licensing::IpcConnector] Successfully connected to: "LicenseClient-ajffj-6000.3.4-notifications" at "2026-04-20T08:16:30.9773408Z"
[Licensing::Module] Licensing Background thread has ended after 1.14s
ScheduleIndexationOnStartup MainProcess:False IndexOnStartup:True
Mono: successfully reloaded assembly
- Finished resetting the current domain, in  0.344 seconds
Domain Reload Profiling: 743ms
	BeginReloadAssembly (141ms)
		ExecutionOrderSort (0ms)
		DisableScriptedObjects (0ms)
		BackupInstance (0ms)
		ReleaseScriptingObjects (0ms)
		CreateAndSetChildDomain (0ms)
	RebuildCommonClasses (38ms)
	RebuildNativeTypeToScriptingClass (14ms)
	initialDomainReloadingComplete (51ms)
	LoadAllAssembliesAndSetupDomain (155ms)
		LoadAssemblies (134ms)
		RebuildTransferFunctionScriptingTraits (0ms)
		AnalyzeDomain (152ms)
			TypeCache.Refresh (150ms)
				TypeCache.ScanAssembly (137ms)
			BuildScriptInfoCaches (0ms)
			ResolveRequiredComponents (0ms)
	FinalizeReload (344ms)
		ReleaseScriptCaches (0ms)
		RebuildScriptCaches (0ms)
		SetupLoadedEditorAssemblies (303ms)
			LogAssemblyErrors (0ms)
			InitializePlatformSupportModulesInManaged (38ms)
			SetLoadedEditorAssemblies (4ms)
			BeforeProcessingInitializeOnLoad (77ms)
			ProcessInitializeOnLoadAttributes (128ms)
			ProcessInitializeOnLoadMethodAttributes (56ms)
			AfterProcessingInitializeOnLoad (0ms)
			EditorAssembliesLoaded (0ms)
		ExecutionOrderSort2 (0ms)
		AwakeInstancesAfterBackupRestoration (0ms)
========================================================================
Worker process is ready to serve import requests
Import Worker Mode flag is 0x00
Begin MonoManager ReloadAssembly
[Licensing::Client] Successfully resolved entitlement details
[Licensing::Module] License group:
  Id: 14568646326981-UnityPersXXXX
  Product: Unity Personal
  Type: Assigned
  Expiration: Unlimited
- Loaded All Assemblies, in  0.569 seconds
Refreshing native plugins compatible for Editor in 0.91 ms, found 3 plugins.
Native extension for WindowsStandalone target not found
Package Manager log level set to [2]
[Package Manager] Failed to launch server process. Reason: Unity was launched with the -noUpm command-line argument
[Package Manager] Unable to send message (not connected to server process).
[Package Manager] Cannot connect to Unity Package Manager local server
ScheduleIndexationOnStartup MainProcess:False IndexOnStartup:True
Mono: successfully reloaded assembly
- Finished resetting the current domain, in  0.525 seconds
Domain Reload Profiling: 1090ms
	BeginReloadAssembly (148ms)
		ExecutionOrderSort (0ms)
		DisableScriptedObjects (4ms)
		BackupInstance (0ms)
		ReleaseScriptingObjects (0ms)
		CreateAndSetChildDomain (30ms)
	RebuildCommonClasses (27ms)
	RebuildNativeTypeToScriptingClass (9ms)
	initialDomainReloadingComplete (31ms)
	LoadAllAssembliesAndSetupDomain (350ms)
		LoadAssemblies (274ms)
		RebuildTransferFunctionScriptingTraits (0ms)
		AnalyzeDomain (158ms)
			TypeCache.Refresh (119ms)
				TypeCache.ScanAssembly (107ms)
			BuildScriptInfoCaches (29ms)
			ResolveRequiredComponents (6ms)
	FinalizeReload (525ms)
		ReleaseScriptCaches (0ms)
		RebuildScriptCaches (0ms)
		SetupLoadedEditorAssemblies (393ms)
			LogAssemblyErrors (0ms)
			InitializePlatformSupportModulesInManaged (1ms)
			SetLoadedEditorAssemblies (4ms)
			BeforeProcessingInitializeOnLoad (105ms)
			ProcessInitializeOnLoadAttributes (233ms)
			ProcessInitializeOnLoadMethodAttributes (43ms)
			AfterProcessingInitializeOnLoad (7ms)
			EditorAssembliesLoaded (0ms)
		ExecutionOrderSort2 (0ms)
		AwakeInstancesAfterBackupRestoration (6ms)
Launched and connected shader compiler UnityShaderCompiler.exe after 0.01 seconds
Refreshing native plugins compatible for Editor in 1.22 ms, found 3 plugins.
Preloading 0 native plugins for Editor in 0.00 ms.
Unloading 20 Unused Serialized files (Serialized files now loaded: 0)
Unloading 6365 unused Assets / (5.9 MB). Loaded Objects now: 7222.
Memory consumption went from 172.0 MB to 166.1 MB.
Total: 12.497200 ms (FindLiveObjects: 1.421500 ms CreateObjectMapping: 0.881400 ms MarkObjects: 6.761300 ms  DeleteObjects: 3.431200 ms)

========================================================================
Received Import Request.
  Time since last request: 8666.373704 seconds.
  path: Assets/Flooded_Grounds/Content/Sounds/DeepRattle.mp3
  artifactKey: Guid(da24e095fcd8c4a40816d0c04528c263) Importer(815301076,1909f56bfc062723c751e8b465ee728b)
Start importing Assets/Flooded_Grounds/Content/Sounds/DeepRattle.mp3 using Guid(da24e095fcd8c4a40816d0c04528c263) Importer(815301076,1909f56bfc062723c751e8b465ee728b) (PreviewImporter) -> (artifact id: 'c96ea5bc72d2b3537b79a5a2757dadb8') in 0.0902809 seconds
Number of updated asset objects reloaded before import = 0Number of asset objects unloaded after import = 2

========================================================================
Received Import Request.
  Time since last request: 0.321279 seconds.
  path: Assets/Flooded_Grounds/Content/Textures/ATM_ExhaustParticle1_AS.tif
  artifactKey: Guid(ce844cdb57c71eb4d9ef480d8691ec1a) Importer(815301076,1909f56bfc062723c751e8b465ee728b)
Start importing Assets/Flooded_Grounds/Content/Textures/ATM_ExhaustParticle1_AS.tif using Guid(ce844cdb57c71eb4d9ef480d8691ec1a) Importer(815301076,1909f56bfc062723c751e8b465ee728b) (PreviewImporter) -> (artifact id: '0463b010aa191b2199debe70fa2bd2a7') in 0.0216544 seconds
Number of updated asset objects reloaded before import = 0Number of asset objects unloaded after import = 2

========================================================================
Received Import Request.
  Time since last request: 0.000013 seconds.
  path: Assets/Flooded_Grounds/Content/Textures/BLD_Church1_N.tif
  artifactKey: Guid(3593e017fe71de94e9ad18791038fd6d) Importer(815301076,1909f56bfc062723c751e8b465ee728b)
Start importing Assets/Flooded_Grounds/Content/Textures/BLD_Church1_N.tif using Guid(3593e017fe71de94e9ad18791038fd6d) Importer(815301076,1909f56bfc062723c751e8b465ee728b) (PreviewImporter) -> (artifact id: '92b30410fab91d75e4856c237fa9e007') in 0.0367531 seconds
Number of updated asset objects reloaded before import = 0Number of asset objects unloaded after import = 2

========================================================================
Received Import Request.
  Time since last request: 0.000019 seconds.
  path: Assets/Flooded_Grounds/Content/Textures/BLD_Structures1_N.tif
  artifactKey: Guid(4df14e6e8ed614b4381dffd191db71db) Importer(815301076,1909f56bfc062723c751e8b465ee728b)
Start importing Assets/Flooded_Grounds/Content/Textures/BLD_Structures1_N.tif using Guid(4df14e6e8ed614b4381dffd191db71db) Importer(815301076,1909f56bfc062723c751e8b465ee728b) (PreviewImporter) -> (artifact id: 'f05801771d1b4e8cdde27aa5b3dcdebc') in 0.0324088 seconds
Number of updated asset objects reloaded before import = 0Number of asset objects unloaded after import = 2

========================================================================
Received Import Request.
  Time since last request: 0.000018 seconds.
  path: Assets/Flooded_Grounds/Content/Textures/BLD_IndBuilding1_N.tif
  artifactKey: Guid(7b3e37e57f656034b9058de7d72c851f) Importer(815301076,1909f56bfc062723c751e8b465ee728b)
Start importing Assets/Flooded_Grounds/Content/Textures/BLD_IndBuilding1_N.tif using Guid(7b3e37e57f656034b9058de7d72c851f) Importer(815301076,1909f56bfc062723c751e8b465ee728b) (PreviewImporter) -> (artifact id: 'e122658b319d7e529226460cf27032d4') in 0.0404912 seconds
Number of updated asset objects reloaded before import = 0Number of asset objects unloaded after import = 2

========================================================================
Received Import Request.
  Time since last request: 0.000014 seconds.
  path: Assets/Flooded_Grounds/Content/Textures/BLD_Cabins1_N.tif
  artifactKey: Guid(6aca893bbdb380e40be322de5b27e134) Importer(815301076,1909f56bfc062723c751e8b465ee728b)
Start importing Assets/Flooded_Grounds/Content/Textures/BLD_Cabins1_N.tif using Guid(6aca893bbdb380e40be322de5b27e134) Importer(815301076,1909f56bfc062723c751e8b465ee728b) (PreviewImporter) -> (artifact id: '19047585df9533212a99ee6c68176335') in 0.0316057 seconds
Number of updated asset objects reloaded before import = 0Number of asset objects unloaded after import = 2

========================================================================
Received Import Request.
  Time since last request: 0.000014 seconds.
  path: Assets/Flooded_Grounds/Content/Textures/BLD_BrickHouse1_MS.tif
  artifactKey: Guid(955950c9b775425459c371bd2f8d93b4) Importer(815301076,1909f56bfc062723c751e8b465ee728b)
Start importing Assets/Flooded_Grounds/Content/Textures/BLD_BrickHouse1_MS.tif using Guid(955950c9b775425459c371bd2f8d93b4) Importer(815301076,1909f56bfc062723c751e8b465ee728b) (PreviewImporter) -> (artifact id: '8ad7e132a49daa1ee7a60186918dd5ab') in 0.0295717 seconds
Number of updated asset objects reloaded before import = 0Number of asset objects unloaded after import = 2

========================================================================
Received Import Request.
  Time since last request: 0.000012 seconds.
  path: Assets/Flooded_Grounds/Content/Textures/BLD_Rubble1_A.tif
  artifactKey: Guid(6626f7396393484488cdc76763fb7382) Importer(815301076,1909f56bfc062723c751e8b465ee728b)
Start importing Assets/Flooded_Grounds/Content/Textures/BLD_Rubble1_A.tif using Guid(6626f7396393484488cdc76763fb7382) Importer(815301076,1909f56bfc062723c751e8b465ee728b) (PreviewImporter) -> (artifact id: 'f429a1721f4e090ce71d83785d172dcc') in 0.0128499 seconds
Number of updated asset objects reloaded before import = 0Number of asset objects unloaded after import = 2

========================================================================
Received Import Request.
  Time since last request: 5.847791 seconds.
  path: Assets/Flooded_Grounds/Prefabs/Atmospherics/ATM_Leaves_A.prefab
  artifactKey: Guid(0d4dd2e060f00094f90a86962c2a13a4) Importer(815301076,1909f56bfc062723c751e8b465ee728b)
Start importing Assets/Flooded_Grounds/Prefabs/Atmospherics/ATM_Leaves_A.prefab using Guid(0d4dd2e060f00094f90a86962c2a13a4) Importer(815301076,1909f56bfc062723c751e8b465ee728b) (PreviewImporter) -> (artifact id: '8a304805a389d2fd6c9244ef7033371e') in 0.2893493 seconds
Number of updated asset objects reloaded before import = 0Number of asset objects unloaded after import = 8

========================================================================
Received Import Request.
  Time since last request: 0.913796 seconds.
  path: Assets/Flooded_Grounds/Prefabs/Backgrounds/BGR_Factory_B.prefab
  artifactKey: Guid(6af6d0b9ef2bca54cb04f979d921648d) Importer(815301076,1909f56bfc062723c751e8b465ee728b)
Start importing Assets/Flooded_Grounds/Prefabs/Backgrounds/BGR_Factory_B.prefab using Guid(6af6d0b9ef2bca54cb04f979d921648d) Importer(815301076,1909f56bfc062723c751e8b465ee728b) (PreviewImporter) -> (artifact id: '47a537b8e6a8a273790b104f528f07cf') in 0.038635 seconds
Number of updated asset objects reloaded before import = 0Number of asset objects unloaded after import = 14

========================================================================
Received Import Request.
  Time since last request: 2.773145 seconds.
  path: Assets/Flooded_Grounds/Prefabs/Buildings/Barns/Barn1_End_A.prefab
  artifactKey: Guid(34479af8d2d94b4409152dbf18a964ea) Importer(815301076,1909f56bfc062723c751e8b465ee728b)
Start importing Assets/Flooded_Grounds/Prefabs/Buildings/Barns/Barn1_End_A.prefab using Guid(34479af8d2d94b4409152dbf18a964ea) Importer(815301076,1909f56bfc062723c751e8b465ee728b) (PreviewImporter) -> (artifact id: '668df4068cbde9579e4958387df1480f') in 0.0708235 seconds
Number of updated asset objects reloaded before import = 0Number of asset objects unloaded after import = 18

========================================================================
Received Import Request.
  Time since last request: 0.287619 seconds.
  path: Assets/Flooded_Grounds/Prefabs/Buildings/BrickHouse/BrickHouse_Deco_Handrail_A.prefab
  artifactKey: Guid(6a8ddc2ca1fe3f642beafd6fdd154d77) Importer(815301076,1909f56bfc062723c751e8b465ee728b)
Start importing Assets/Flooded_Grounds/Prefabs/Buildings/BrickHouse/BrickHouse_Deco_Handrail_A.prefab using Guid(6a8ddc2ca1fe3f642beafd6fdd154d77) Importer(815301076,1909f56bfc062723c751e8b465ee728b) (PreviewImporter) -> (artifact id: 'bd5288d9f4b928196921787b83cc8ac2') in 0.0371984 seconds
Number of updated asset objects reloaded before import = 0Number of asset objects unloaded after import = 15

========================================================================
Received Import Request.
  Time since last request: 0.000019 seconds.
  path: Assets/Flooded_Grounds/Prefabs/Buildings/BrickHouse/BrickHouse_Ext_B.prefab
  artifactKey: Guid(19dabbbfc2c1ea246a20ea6c8c8c2e92) Importer(815301076,1909f56bfc062723c751e8b465ee728b)
Start importing Assets/Flooded_Grounds/Prefabs/Buildings/BrickHouse/BrickHouse_Ext_B.prefab using Guid(19dabbbfc2c1ea246a20ea6c8c8c2e92) Importer(815301076,1909f56bfc062723c751e8b465ee728b) (PreviewImporter) -> (artifact id: 'a188f81e5b9a5b29d5fd287101720673') in 0.0364409 seconds
Number of updated asset objects reloaded before import = 0Number of asset objects unloaded after import = 15

========================================================================
Received Import Request.
  Time since last request: 0.000054 seconds.
  path: Assets/Flooded_Grounds/Prefabs/Buildings/BrickHouse/BrickHouse_Door_A.prefab
  artifactKey: Guid(7c026980fc17fa642b7a22557ebb0007) Importer(815301076,1909f56bfc062723c751e8b465ee728b)
Start importing Assets/Flooded_Grounds/Prefabs/Buildings/BrickHouse/BrickHouse_Door_A.prefab using Guid(7c026980fc17fa642b7a22557ebb0007) Importer(815301076,1909f56bfc062723c751e8b465ee728b) (PreviewImporter) -> (artifact id: '834dadf67bda2c2322608b14eee3e16c') in 0.0336108 seconds
Number of updated asset objects reloaded before import = 0Number of asset objects unloaded after import = 14

========================================================================
Received Import Request.
  Time since last request: 0.000032 seconds.
  path: Assets/Flooded_Grounds/Prefabs/Buildings/BrickHouse/BrickHouse_Mid_B.prefab
  artifactKey: Guid(f4d2356b6ba44cd408e5e133a4a1f2cd) Importer(815301076,1909f56bfc062723c751e8b465ee728b)
Start importing Assets/Flooded_Grounds/Prefabs/Buildings/BrickHouse/BrickHouse_Mid_B.prefab using Guid(f4d2356b6ba44cd408e5e133a4a1f2cd) Importer(815301076,1909f56bfc062723c751e8b465ee728b) (PreviewImporter) -> (artifact id: '8ea7ba437b257d324eda9ecf0ba90c27') in 0.0341003 seconds
Number of updated asset objects reloaded before import = 0Number of asset objects unloaded after import = 15

========================================================================
Received Import Request.
  Time since last request: 0.055247 seconds.
  path: Assets/Flooded_Grounds/Prefabs/Buildings/Bridge/BLD_Bridge_B.prefab
  artifactKey: Guid(6f60540659e8d0040aaae31620c1ac44) Importer(815301076,1909f56bfc062723c751e8b465ee728b)
Start importing Assets/Flooded_Grounds/Prefabs/Buildings/Bridge/BLD_Bridge_B.prefab using Guid(6f60540659e8d0040aaae31620c1ac44) Importer(815301076,1909f56bfc062723c751e8b465ee728b) (PreviewImporter) -> (artifact id: 'a3d572e83e58175219c41f10f4513111') in 0.0325224 seconds
Number of updated asset objects reloaded before import = 0Number of asset objects unloaded after import = 34

========================================================================
Received Import Request.
  Time since last request: 0.273163 seconds.
  path: Assets/Flooded_Grounds/Prefabs/Buildings/Churches/Church1_Deco_Column_A.prefab
  artifactKey: Guid(f8515ca20eba062499108c590879972d) Importer(815301076,1909f56bfc062723c751e8b465ee728b)
Start importing Assets/Flooded_Grounds/Prefabs/Buildings/Churches/Church1_Deco_Column_A.prefab using Guid(f8515ca20eba062499108c590879972d) Importer(815301076,1909f56bfc062723c751e8b465ee728b) (PreviewImporter) -> (artifact id: '882dd1636a402d6ebaf7e0d4f30f7909') in 0.035098 seconds
Number of updated asset objects reloaded before import = 0Number of asset objects unloaded after import = 15

========================================================================
Received Import Request.
  Time since last request: 0.000027 seconds.
  path: Assets/Flooded_Grounds/Prefabs/Buildings/Churches/Church1_Door_C.prefab
  artifactKey: Guid(44822f52b3d42e7419e7730aa641a6c2) Importer(815301076,1909f56bfc062723c751e8b465ee728b)
Start importing Assets/Flooded_Grounds/Prefabs/Buildings/Churches/Church1_Door_C.prefab using Guid(44822f52b3d42e7419e7730aa641a6c2) Importer(815301076,1909f56bfc062723c751e8b465ee728b) (PreviewImporter) -> (artifact id: '5bdc7e1f513c448edf39fc2b09cb9806') in 0.0263527 seconds
Number of updated asset objects reloaded before import = 0Number of asset objects unloaded after import = 14

========================================================================
Received Import Request.
  Time since last request: 1.596312 seconds.
  path: Assets/Flooded_Grounds/Prefabs/Helpers/HumanScale.prefab
  artifactKey: Guid(8c67a9f3ccb17194ebf03e2327df0c98) Importer(815301076,1909f56bfc062723c751e8b465ee728b)
Start importing Assets/Flooded_Grounds/Prefabs/Helpers/HumanScale.prefab using Guid(8c67a9f3ccb17194ebf03e2327df0c98) Importer(815301076,1909f56bfc062723c751e8b465ee728b) (PreviewImporter) -> (artifact id: 'faa56e7481a1263845a14c4af3dadaff') in 0.0118931 seconds
Number of updated asset objects reloaded before import = 0Number of asset objects unloaded after import = 8

========================================================================
Received Import Request.
  Time since last request: 2.273497 seconds.
  path: Assets/Flooded_Grounds/Prefabs/Nature/Trees/TreeCreator_Crinkly_A.prefab
  artifactKey: Guid(cfe0412d7fa12f243b181e3f547a2294) Importer(815301076,1909f56bfc062723c751e8b465ee728b)
Start importing Assets/Flooded_Grounds/Prefabs/Nature/Trees/TreeCreator_Crinkly_A.prefab using Guid(cfe0412d7fa12f243b181e3f547a2294) Importer(815301076,1909f56bfc062723c751e8b465ee728b) (PreviewImporter) -> (artifact id: 'ee5d929cc8acae9e1df74d5b060eb743') in 0.0970284 seconds
Number of updated asset objects reloaded before import = 0Number of asset objects unloaded after import = 27

========================================================================
Received Import Request.
  Time since last request: 0.148695 seconds.
  path: Assets/Flooded_Grounds/Prefabs/Nature/Rocks/CobbleRock_B.prefab
  artifactKey: Guid(149f31fa3c070bf44a66da3a784cdc43) Importer(815301076,1909f56bfc062723c751e8b465ee728b)
Start importing Assets/Flooded_Grounds/Prefabs/Nature/Rocks/CobbleRock_B.prefab using Guid(149f31fa3c070bf44a66da3a784cdc43) Importer(815301076,1909f56bfc062723c751e8b465ee728b) (PreviewImporter) -> (artifact id: 'd3fc98649da787c647d4a63ba436620d') in 0.062028 seconds
Number of updated asset objects reloaded before import = 0Number of asset objects unloaded after import = 28

========================================================================
Received Import Request.
  Time since last request: 0.000020 seconds.
  path: Assets/Flooded_Grounds/Prefabs/Nature/Rocks/Rock_A.prefab
  artifactKey: Guid(baca665bede9da446a5b7eccd6083735) Importer(815301076,1909f56bfc062723c751e8b465ee728b)
Start importing Assets/Flooded_Grounds/Prefabs/Nature/Rocks/Rock_A.prefab using Guid(baca665bede9da446a5b7eccd6083735) Importer(815301076,1909f56bfc062723c751e8b465ee728b) (PreviewImporter) -> (artifact id: '6d03a91ebff31f0105f636e096f3b120') in 0.0457823 seconds
Number of updated asset objects reloaded before import = 0Number of asset objects unloaded after import = 31

========================================================================
Received Import Request.
  Time since last request: 0.123401 seconds.
  path: Assets/Flooded_Grounds/Prefabs/Nature/Grass/Grass_Med_B.prefab
  artifactKey: Guid(b01dcbaa1e9203542b7c5f29656d346e) Importer(815301076,1909f56bfc062723c751e8b465ee728b)
Start importing Assets/Flooded_Grounds/Prefabs/Nature/Grass/Grass_Med_B.prefab using Guid(b01dcbaa1e9203542b7c5f29656d346e) Importer(815301076,1909f56bfc062723c751e8b465ee728b) (PreviewImporter) -> (artifact id: 'b551f8c74e616e487ba432b246914245') in 0.016672 seconds
Number of updated asset objects reloaded before import = 0Number of asset objects unloaded after import = 10

========================================================================
Received Import Request.
  Time since last request: 0.000019 seconds.
  path: Assets/Flooded_Grounds/Prefabs/Nature/Grass/Grass_Tall_A.prefab
  artifactKey: Guid(303e052397d101d4593b4a0653331030) Importer(815301076,1909f56bfc062723c751e8b465ee728b)
Start importing Assets/Flooded_Grounds/Prefabs/Nature/Grass/Grass_Tall_A.prefab using Guid(303e052397d101d4593b4a0653331030) Importer(815301076,1909f56bfc062723c751e8b465ee728b) (PreviewImporter) -> (artifact id: 'bae8d4d6053773cc302472713e605dd8') in 0.0156294 seconds
Number of updated asset objects reloaded before import = 0Number of asset objects unloaded after import = 10

========================================================================
Received Import Request.
  Time since last request: 0.901099 seconds.
  path: Assets/Flooded_Grounds/Prefabs/Sounds/2D_Horn.prefab
  artifactKey: Guid(27ad1d4b823b95243a1e74fc7c44f791) Importer(815301076,1909f56bfc062723c751e8b465ee728b)
Start importing Assets/Flooded_Grounds/Prefabs/Sounds/2D_Horn.prefab using Guid(27ad1d4b823b95243a1e74fc7c44f791) Importer(815301076,1909f56bfc062723c751e8b465ee728b) (PreviewImporter) -> (artifact id: '3a04d265ea8b7844296e2ee819fe137a') in 0.0015517 seconds
Number of updated asset objects reloaded before import = 0Number of asset objects unloaded after import = 5

========================================================================
Received Import Request.
  Time since last request: 0.000018 seconds.
  path: Assets/Flooded_Grounds/Prefabs/Sounds/3D_WindHowl.prefab
  artifactKey: Guid(81d633455a8cc814e89ff68eb1deb8e7) Importer(815301076,1909f56bfc062723c751e8b465ee728b)
Start importing Assets/Flooded_Grounds/Prefabs/Sounds/3D_WindHowl.prefab using Guid(81d633455a8cc814e89ff68eb1deb8e7) Importer(815301076,1909f56bfc062723c751e8b465ee728b) (PreviewImporter) -> (artifact id: '510bd9bd79ed1824db342a5ee9b18aaa') in 0.0013322 seconds
Number of updated asset objects reloaded before import = 0Number of asset objects unloaded after import = 5

========================================================================
Received Import Request.
  Time since last request: 8.595981 seconds.
  path: Assets/Flooded_Grounds/Prefabs/Buildings/Villa1/Villa1_Base_Mid_A.prefab
  artifactKey: Guid(eb76103868aa7dc4c8e39613a5835fb5) Importer(815301076,1909f56bfc062723c751e8b465ee728b)
Start importing Assets/Flooded_Grounds/Prefabs/Buildings/Villa1/Villa1_Base_Mid_A.prefab using Guid(eb76103868aa7dc4c8e39613a5835fb5) Importer(815301076,1909f56bfc062723c751e8b465ee728b) (PreviewImporter) -> (artifact id: 'a320c154c01a8affc5e5193e52082c21') in 0.0625913 seconds
Number of updated asset objects reloaded before import = 0Number of asset objects unloaded after import = 15

========================================================================
Received Import Request.
  Time since last request: 0.000029 seconds.
  path: Assets/Flooded_Grounds/Prefabs/Buildings/Villa1/Villa1_Wall_Int_A.prefab
  artifactKey: Guid(b3697fca2cda39f418b6b897bcf90cf6) Importer(815301076,1909f56bfc062723c751e8b465ee728b)
Start importing Assets/Flooded_Grounds/Prefabs/Buildings/Villa1/Villa1_Wall_Int_A.prefab using Guid(b3697fca2cda39f418b6b897bcf90cf6) Importer(815301076,1909f56bfc062723c751e8b465ee728b) (PreviewImporter) -> (artifact id: '1b3439e1d164cc543ec0165db3a6652a') in 0.1190178 seconds
Number of updated asset objects reloaded before import = 0Number of asset objects unloaded after import = 15

========================================================================
Received Import Request.
  Time since last request: 0.000033 seconds.
  path: Assets/Flooded_Grounds/Prefabs/Buildings/Villa1/Villa1_Deco_Handrail1_Cor_A.prefab
  artifactKey: Guid(5231b1ce9b6dd08469350cd29d28d50d) Importer(815301076,1909f56bfc062723c751e8b465ee728b)
Start importing Assets/Flooded_Grounds/Prefabs/Buildings/Villa1/Villa1_Deco_Handrail1_Cor_A.prefab using Guid(5231b1ce9b6dd08469350cd29d28d50d) Importer(815301076,1909f56bfc062723c751e8b465ee728b) (PreviewImporter) -> (artifact id: 'ddbcbc6c583b7b2d6957ad1ccdbc0d3a') in 0.0414512 seconds
Number of updated asset objects reloaded before import = 0Number of asset objects unloaded after import = 16

========================================================================
Received Import Request.
  Time since last request: 0.000019 seconds.
  path: Assets/Flooded_Grounds/Prefabs/Buildings/Villa1/Villa1_Deco_Column_Top_A.prefab
  artifactKey: Guid(201c750a85d617249b8405c7d042da15) Importer(815301076,1909f56bfc062723c751e8b465ee728b)
Start importing Assets/Flooded_Grounds/Prefabs/Buildings/Villa1/Villa1_Deco_Column_Top_A.prefab using Guid(201c750a85d617249b8405c7d042da15) Importer(815301076,1909f56bfc062723c751e8b465ee728b) (PreviewImporter) -> (artifact id: 'b2bb371b8f15da4f1de18052821c59a6') in 0.0359946 seconds
Number of updated asset objects reloaded before import = 0Number of asset objects unloaded after import = 15

========================================================================
Received Import Request.
  Time since last request: 0.000021 seconds.
  path: Assets/Flooded_Grounds/Prefabs/Buildings/Villa1/Villa1_Door_A.prefab
  artifactKey: Guid(1c25ef6b060067847bed35e736f9aa4e) Importer(815301076,1909f56bfc062723c751e8b465ee728b)
Start importing Assets/Flooded_Grounds/Prefabs/Buildings/Villa1/Villa1_Door_A.prefab using Guid(1c25ef6b060067847bed35e736f9aa4e) Importer(815301076,1909f56bfc062723c751e8b465ee728b) (PreviewImporter) -> (artifact id: 'a927ef4388bc1acff3137c996d8e1b29') in 0.0297979 seconds
Number of updated asset objects reloaded before import = 0Number of asset objects unloaded after import = 14

========================================================================
Received Import Request.
  Time since last request: 0.000027 seconds.
  path: Assets/Flooded_Grounds/Prefabs/Buildings/Villa1/Villa1_Floor_Mid_C.prefab
  artifactKey: Guid(d781bf1f233fcee4781b7107a23fe74a) Importer(815301076,1909f56bfc062723c751e8b465ee728b)
Start importing Assets/Flooded_Grounds/Prefabs/Buildings/Villa1/Villa1_Floor_Mid_C.prefab using Guid(d781bf1f233fcee4781b7107a23fe74a) Importer(815301076,1909f56bfc062723c751e8b465ee728b) (PreviewImporter) -> (artifact id: '20c63eefdd43e8b182e3756d81abf5ff') in 0.0319708 seconds
Number of updated asset objects reloaded before import = 0Number of asset objects unloaded after import = 16

========================================================================
Received Import Request.
  Time since last request: 0.000061 seconds.
  path: Assets/Flooded_Grounds/Prefabs/Buildings/Villa1/Villa1_Deco_Handrail1_Mid_A.prefab
  artifactKey: Guid(3f034e995143d7c48aceeca0168460c0) Importer(815301076,1909f56bfc062723c751e8b465ee728b)
Start importing Assets/Flooded_Grounds/Prefabs/Buildings/Villa1/Villa1_Deco_Handrail1_Mid_A.prefab using Guid(3f034e995143d7c48aceeca0168460c0) Importer(815301076,1909f56bfc062723c751e8b465ee728b) (PreviewImporter) -> (artifact id: 'affe7f8136e728390e57724108948231') in 0.027213 seconds
Number of updated asset objects reloaded before import = 0Number of asset objects unloaded after import = 15

========================================================================
Received Import Request.
  Time since last request: 31.111698 seconds.
  path: Assets/Flooded_Grounds/Content/Textures/GR_Moss1_N.tif
  artifactKey: Guid(3cc5713907ad64743bff036ba79ef950) Importer(815301076,1909f56bfc062723c751e8b465ee728b)
Start importing Assets/Flooded_Grounds/Content/Textures/GR_Moss1_N.tif using Guid(3cc5713907ad64743bff036ba79ef950) Importer(815301076,1909f56bfc062723c751e8b465ee728b) (PreviewImporter) -> (artifact id: '092400e0658b9e7bb038b5586421a36b') in 0.0307926 seconds
Number of updated asset objects reloaded before import = 0Number of asset objects unloaded after import = 2

========================================================================
Received Import Request.
  Time since last request: 11.355739 seconds.
  path: Assets/Flooded_Grounds/Content/Meshes/mBackgrounds/BGR_Factory_B.fbx
  artifactKey: Guid(b6a7d46603b861549858925e3fbde8b9) Importer(815301076,1909f56bfc062723c751e8b465ee728b)
Start importing Assets/Flooded_Grounds/Content/Meshes/mBackgrounds/BGR_Factory_B.fbx using Guid(b6a7d46603b861549858925e3fbde8b9) Importer(815301076,1909f56bfc062723c751e8b465ee728b) (PreviewImporter) -> (artifact id: '7088568bed85df2aa4196241ad86c754') in 0.0196052 seconds
Number of updated asset objects reloaded before import = 0Number of asset objects unloaded after import = 7

========================================================================
Received Import Request.
  Time since last request: 8.870826 seconds.
  path: Assets/Flooded_Grounds/Content/Meshes/mBuildings/mBarns/Barn1_End_A.fbx
  artifactKey: Guid(a2cf4a75cf27e1840a8b0e443f74cf16) Importer(815301076,1909f56bfc062723c751e8b465ee728b)
Start importing Assets/Flooded_Grounds/Content/Meshes/mBuildings/mBarns/Barn1_End_A.fbx using Guid(a2cf4a75cf27e1840a8b0e443f74cf16) Importer(815301076,1909f56bfc062723c751e8b465ee728b) (PreviewImporter) -> (artifact id: 'cddb135ba8b7ccee54feea38f350de9c') in 0.1167398 seconds
Number of updated asset objects reloaded before import = 0Number of asset objects unloaded after import = 7

========================================================================
Received Import Request.
  Time since last request: 0.000035 seconds.
  path: Assets/Flooded_Grounds/Content/Meshes/mBuildings/mBarns/Barn2_Door_A.fbx
  artifactKey: Guid(ddc0349957ea98f47befefad50fa7adf) Importer(815301076,1909f56bfc062723c751e8b465ee728b)
Start importing Assets/Flooded_Grounds/Content/Meshes/mBuildings/mBarns/Barn2_Door_A.fbx using Guid(ddc0349957ea98f47befefad50fa7adf) Importer(815301076,1909f56bfc062723c751e8b465ee728b) (PreviewImporter) -> (artifact id: '312a540b53e62c54f25ec61086c21ec0') in 0.0137143 seconds
Number of updated asset objects reloaded before import = 0Number of asset objects unloaded after import = 7

========================================================================
Received Import Request.
  Time since last request: 0.474887 seconds.
  path: Assets/Flooded_Grounds/Content/Meshes/mBuildings/mBrickHouse/BrickHouse_Deco_Handrail_A.fbx
  artifactKey: Guid(5f70707467384d54eaa152ebf07cefaa) Importer(815301076,1909f56bfc062723c751e8b465ee728b)
Start importing Assets/Flooded_Grounds/Content/Meshes/mBuildings/mBrickHouse/BrickHouse_Deco_Handrail_A.fbx using Guid(5f70707467384d54eaa152ebf07cefaa) Importer(815301076,1909f56bfc062723c751e8b465ee728b) (PreviewImporter) -> (artifact id: '9abca444191e1e62d88bb2901ede8b38') in 0.0135644 seconds
Number of updated asset objects reloaded before import = 0Number of asset objects unloaded after import = 7

========================================================================
Received Import Request.
  Time since last request: 0.000017 seconds.
  path: Assets/Flooded_Grounds/Content/Meshes/mBuildings/mBrickHouse/BrickHouse_Floor_End_A_DM_A.fbx
  artifactKey: Guid(211b8adf6e53d7f4f82c97942d870bac) Importer(815301076,1909f56bfc062723c751e8b465ee728b)
Start importing Assets/Flooded_Grounds/Content/Meshes/mBuildings/mBrickHouse/BrickHouse_Floor_End_A_DM_A.fbx using Guid(211b8adf6e53d7f4f82c97942d870bac) Importer(815301076,1909f56bfc062723c751e8b465ee728b) (PreviewImporter) -> (artifact id: '230954018cc9fccbcffb0e38b60cc44f') in 0.012883 seconds
Number of updated asset objects reloaded before import = 0Number of asset objects unloaded after import = 7

========================================================================
Received Import Request.
  Time since last request: 0.000014 seconds.
  path: Assets/Flooded_Grounds/Content/Meshes/mBuildings/mBrickHouse/BrickHouse_IntWall_A.fbx
  artifactKey: Guid(40581848ce71d194db3034b2ba2ecf5b) Importer(815301076,1909f56bfc062723c751e8b465ee728b)
Start importing Assets/Flooded_Grounds/Content/Meshes/mBuildings/mBrickHouse/BrickHouse_IntWall_A.fbx using Guid(40581848ce71d194db3034b2ba2ecf5b) Importer(815301076,1909f56bfc062723c751e8b465ee728b) (PreviewImporter) -> (artifact id: '51e1e9fc7301606094f172f950a58b2a') in 0.0123397 seconds
Number of updated asset objects reloaded before import = 0Number of asset objects unloaded after import = 7

========================================================================
Received Import Request.
  Time since last request: 0.000018 seconds.
  path: Assets/Flooded_Grounds/Content/Meshes/mBuildings/mBrickHouse/BrickHouse_Floor_Mid_A_DM_A.fbx
  artifactKey: Guid(621a5d6ef705a1d4d81313f8cffeed53) Importer(815301076,1909f56bfc062723c751e8b465ee728b)
Start importing Assets/Flooded_Grounds/Content/Meshes/mBuildings/mBrickHouse/BrickHouse_Floor_Mid_A_DM_A.fbx using Guid(621a5d6ef705a1d4d81313f8cffeed53) Importer(815301076,1909f56bfc062723c751e8b465ee728b) (PreviewImporter) -> (artifact id: '4a6011e79517ba0fd989dea75bcd5ccf') in 0.0140158 seconds
Number of updated asset objects reloaded before import = 0Number of asset objects unloaded after import = 7

========================================================================
Received Import Request.
  Time since last request: 0.000023 seconds.
  path: Assets/Flooded_Grounds/Content/Meshes/mBuildings/mBrickHouse/BrickHouse_Floor_Mid_A.fbx
  artifactKey: Guid(f5adb668b0f6f9a498e256bc0e78ca9d) Importer(815301076,1909f56bfc062723c751e8b465ee728b)
Start importing Assets/Flooded_Grounds/Content/Meshes/mBuildings/mBrickHouse/BrickHouse_Floor_Mid_A.fbx using Guid(f5adb668b0f6f9a498e256bc0e78ca9d) Importer(815301076,1909f56bfc062723c751e8b465ee728b) (PreviewImporter) -> (artifact id: 'd896f3210ea24641dcad72f74247ea53') in 0.0130426 seconds
Number of updated asset objects reloaded before import = 0Number of asset objects unloaded after import = 7

========================================================================
Received Import Request.
  Time since last request: 4.762800 seconds.
  path: Assets/Flooded_Grounds/Content/Meshes/mBuildings/mBridge/BLD_Bridge_B.fbx
  artifactKey: Guid(cdd1bb2c51c2fa64eb39e9cf74436364) Importer(815301076,1909f56bfc062723c751e8b465ee728b)
Start importing Assets/Flooded_Grounds/Content/Meshes/mBuildings/mBridge/BLD_Bridge_B.fbx using Guid(cdd1bb2c51c2fa64eb39e9cf74436364) Importer(815301076,1909f56bfc062723c751e8b465ee728b) (PreviewImporter) -> (artifact id: 'bdabf71bd5c254794481b1eccb9b1334') in 0.0708367 seconds
Number of updated asset objects reloaded before import = 0Number of asset objects unloaded after import = 20

========================================================================
Received Prepare
Begin MonoManager ReloadAssembly
[Licensing::Client] Successfully resolved entitlement details
ADTM: Control thread waiting for realtime thread timed out, have to lock...
- Loaded All Assemblies, in  1.719 seconds
Refreshing native plugins compatible for Editor in 1.03 ms, found 3 plugins.
Native extension for WindowsStandalone target not found
[Package Manager] Failed to launch server process. Reason: Unity was launched with the -noUpm command-line argument
[Package Manager] Unable to send message (not connected to server process).
[Package Manager] Cannot connect to Unity Package Manager local server
ScheduleIndexationOnStartup MainProcess:False IndexOnStartup:True
Mono: successfully reloaded assembly
- Finished resetting the current domain, in  0.634 seconds
Domain Reload Profiling: 2350ms
	BeginReloadAssembly (1231ms)
		ExecutionOrderSort (0ms)
		DisableScriptedObjects (21ms)
		BackupInstance (0ms)
		ReleaseScriptingObjects (0ms)
		CreateAndSetChildDomain (1060ms)
	RebuildCommonClasses (33ms)
	RebuildNativeTypeToScriptingClass (11ms)
	initialDomainReloadingComplete (32ms)
	LoadAllAssembliesAndSetupDomain (410ms)
		LoadAssemblies (348ms)
		RebuildTransferFunctionScriptingTraits (0ms)
		AnalyzeDomain (161ms)
			TypeCache.Refresh (7ms)
				TypeCache.ScanAssembly (0ms)
			BuildScriptInfoCaches (141ms)
			ResolveRequiredComponents (9ms)
	FinalizeReload (635ms)
		ReleaseScriptCaches (0ms)
		RebuildScriptCaches (0ms)
		SetupLoadedEditorAssemblies (491ms)
			LogAssemblyErrors (0ms)
			InitializePlatformSupportModulesInManaged (2ms)
			SetLoadedEditorAssemblies (4ms)
			BeforeProcessingInitializeOnLoad (136ms)
			ProcessInitializeOnLoadAttributes (281ms)
			ProcessInitializeOnLoadMethodAttributes (56ms)
			AfterProcessingInitializeOnLoad (11ms)
			EditorAssembliesLoaded (0ms)
		ExecutionOrderSort2 (0ms)
		AwakeInstancesAfterBackupRestoration (15ms)
Refreshing native plugins compatible for Editor in 1.00 ms, found 3 plugins.
Preloading 0 native plugins for Editor in 0.00 ms.
Unloading 21 Unused Serialized files (Serialized files now loaded: 0)
Unloading 6362 unused Assets / (5.9 MB). Loaded Objects now: 7314.
Memory consumption went from 190.9 MB to 184.9 MB.
Total: 9.423200 ms (FindLiveObjects: 0.820600 ms CreateObjectMapping: 0.370700 ms MarkObjects: 4.928800 ms  DeleteObjects: 3.302400 ms)

Prepare: number of updated asset objects reloaded= 0
========================================================================
Received Import Request.
  Time since last request: 115.124975 seconds.
  path: Assets/TextMesh Pro/Examples & Extras/Materials/Crate - Surface Shader Scene.mat
  artifactKey: Guid(e6b9b44320f4448d9d5e0ee634259966) Importer(815301076,1909f56bfc062723c751e8b465ee728b)
Start importing Assets/TextMesh Pro/Examples & Extras/Materials/Crate - Surface Shader Scene.mat using Guid(e6b9b44320f4448d9d5e0ee634259966) Importer(815301076,1909f56bfc062723c751e8b465ee728b) (PreviewImporter) -> (artifact id: '7f9925f5048244ff4c7e1f90866bf45e') in 0.3799739 seconds
Number of updated asset objects reloaded before import = 0Number of asset objects unloaded after import = 3

========================================================================
Received Import Request.
  Time since last request: 0.000020 seconds.
  path: Assets/TextMesh Pro/Examples & Extras/Resources/Fonts & Materials/Electronic Highway Sign SDF.asset
  artifactKey: Guid(dc36b3fdc14f47ebb36fd484a67e268a) Importer(815301076,1909f56bfc062723c751e8b465ee728b)
Start importing Assets/TextMesh Pro/Examples & Extras/Resources/Fonts & Materials/Electronic Highway Sign SDF.asset using Guid(dc36b3fdc14f47ebb36fd484a67e268a) Importer(815301076,1909f56bfc062723c751e8b465ee728b) (PreviewImporter) -> (artifact id: 'b3240faae5b7c1ed7704070ef9122195') in 0.0278637 seconds
Number of updated asset objects reloaded before import = 0Number of asset objects unloaded after import = 6

========================================================================
Received Import Request.
  Time since last request: 0.000041 seconds.
  path: Assets/TextMesh Pro/Examples & Extras/Materials/Crate - URP.mat
  artifactKey: Guid(3b5cc91c3bf8cf74391252247f52fb59) Importer(815301076,1909f56bfc062723c751e8b465ee728b)
Start importing Assets/TextMesh Pro/Examples & Extras/Materials/Crate - URP.mat using Guid(3b5cc91c3bf8cf74391252247f52fb59) Importer(815301076,1909f56bfc062723c751e8b465ee728b) (PreviewImporter) -> (artifact id: '963fd8e50a11181fa96211a522b1ae06') in 2.2723453 seconds
Number of updated asset objects reloaded before import = 0Number of asset objects unloaded after import = 3

========================================================================
Received Import Request.
  Time since last request: 0.000029 seconds.
  path: Assets/Flooded_Grounds/Content/Trees/SrcMaterials/Branch1.mat
  artifactKey: Guid(e2b1787858919764498bf5efb8d00efe) Importer(815301076,1909f56bfc062723c751e8b465ee728b)
Start importing Assets/Flooded_Grounds/Content/Trees/SrcMaterials/Branch1.mat using Guid(e2b1787858919764498bf5efb8d00efe) Importer(815301076,1909f56bfc062723c751e8b465ee728b) (PreviewImporter) -> (artifact id: '7b97a24b926969de14f825e6bc19315a') in 0.0098044 seconds
Number of updated asset objects reloaded before import = 0Number of asset objects unloaded after import = 3

========================================================================
Received Import Request.
  Time since last request: 0.000036 seconds.
  path: Assets/Flooded_Grounds/Content/Trees/SrcMaterials/Branch2.mat
  artifactKey: Guid(ec838c9a6cdda7c439048c5b259d7707) Importer(815301076,1909f56bfc062723c751e8b465ee728b)
Start importing Assets/Flooded_Grounds/Content/Trees/SrcMaterials/Branch2.mat using Guid(ec838c9a6cdda7c439048c5b259d7707) Importer(815301076,1909f56bfc062723c751e8b465ee728b) (PreviewImporter) -> (artifact id: '5657893104ef19ddca85ea573a4a2a37') in 0.0089901 seconds
Number of updated asset objects reloaded before import = 0Number of asset objects unloaded after import = 3

========================================================================
Received Import Request.
  Time since last request: 0.434244 seconds.
  path: Assets/TextMesh Pro/Examples & Extras/Resources/Fonts & Materials/Bangers SDF Logo.mat
  artifactKey: Guid(f4e195ac1e204eff960149d1cb34e18c) Importer(815301076,1909f56bfc062723c751e8b465ee728b)
Start importing Assets/TextMesh Pro/Examples & Extras/Resources/Fonts & Materials/Bangers SDF Logo.mat using Guid(f4e195ac1e204eff960149d1cb34e18c) Importer(815301076,1909f56bfc062723c751e8b465ee728b) (PreviewImporter) -> (artifact id: 'fd223c0faa6750c4574fc9c5d6631163') in 0.0126283 seconds
Number of updated asset objects reloaded before import = 0Number of asset objects unloaded after import = 4

========================================================================
Received Import Request.
  Time since last request: 0.000026 seconds.
  path: Assets/TextMesh Pro/Examples & Extras/Resources/Fonts & Materials/Bangers SDF - Outline.mat
  artifactKey: Guid(f629c6e43dba4bf38cb74d8860150664) Importer(815301076,1909f56bfc062723c751e8b465ee728b)
Start importing Assets/TextMesh Pro/Examples & Extras/Resources/Fonts & Materials/Bangers SDF - Outline.mat using Guid(f629c6e43dba4bf38cb74d8860150664) Importer(815301076,1909f56bfc062723c751e8b465ee728b) (PreviewImporter) -> (artifact id: 'cf4bf355a9d2a18823ea886174d2b1cc') in 0.046594 seconds
Number of updated asset objects reloaded before import = 0Number of asset objects unloaded after import = 2

========================================================================
Received Import Request.
  Time since last request: 0.000022 seconds.
  path: Assets/TextMesh Pro/Examples & Extras/Resources/Fonts & Materials/Bangers SDF Glow.mat
  artifactKey: Guid(d75b8f41e959450c84ac6e967084d3e1) Importer(815301076,1909f56bfc062723c751e8b465ee728b)
Start importing Assets/TextMesh Pro/Examples & Extras/Resources/Fonts & Materials/Bangers SDF Glow.mat using Guid(d75b8f41e959450c84ac6e967084d3e1) Importer(815301076,1909f56bfc062723c751e8b465ee728b) (PreviewImporter) -> (artifact id: '5dac9e8745dafd4f3bca8b90aed7b877') in 0.0821694 seconds
Number of updated asset objects reloaded before import = 0Number of asset objects unloaded after import = 3

========================================================================
Received Import Request.
  Time since last request: 0.000034 seconds.
  path: Assets/TextMesh Pro/Examples & Extras/Resources/Fonts & Materials/Anton SDF - Drop Shadow.mat
  artifactKey: Guid(749b9069dc4742c5bfa5c74644049926) Importer(815301076,1909f56bfc062723c751e8b465ee728b)
Start importing Assets/TextMesh Pro/Examples & Extras/Resources/Fonts & Materials/Anton SDF - Drop Shadow.mat using Guid(749b9069dc4742c5bfa5c74644049926) Importer(815301076,1909f56bfc062723c751e8b465ee728b) (PreviewImporter) -> (artifact id: 'c566ced41a0d5d1570530500ee657a24') in 0.0455146 seconds
Number of updated asset objects reloaded before import = 0Number of asset objects unloaded after import = 2

========================================================================
Received Import Request.
  Time since last request: 0.000055 seconds.
  path: Assets/TextMesh Pro/Examples & Extras/Resources/Fonts & Materials/Anton SDF.asset
  artifactKey: Guid(8a89fa14b10d46a99122fd4f73fca9a2) Importer(815301076,1909f56bfc062723c751e8b465ee728b)
Start importing Assets/TextMesh Pro/Examples & Extras/Resources/Fonts & Materials/Anton SDF.asset using Guid(8a89fa14b10d46a99122fd4f73fca9a2) Importer(815301076,1909f56bfc062723c751e8b465ee728b) (PreviewImporter) -> (artifact id: '8df04ec63651a0fc9ab0fde96065a860') in 0.0143719 seconds
Number of updated asset objects reloaded before import = 0Number of asset objects unloaded after import = 6

========================================================================
Received Import Request.
  Time since last request: 0.000019 seconds.
  path: Assets/TextMesh Pro/Examples & Extras/Resources/Fonts & Materials/Anton SDF - Sunny Days.mat
  artifactKey: Guid(6522f30e342599e4e9dd4cc2cc03c830) Importer(815301076,1909f56bfc062723c751e8b465ee728b)
Start importing Assets/TextMesh Pro/Examples & Extras/Resources/Fonts & Materials/Anton SDF - Sunny Days.mat using Guid(6522f30e342599e4e9dd4cc2cc03c830) Importer(815301076,1909f56bfc062723c751e8b465ee728b) (PreviewImporter) -> (artifact id: '8fbcf83fccb3e919580d8f916e548892') in 0.0738113 seconds
Number of updated asset objects reloaded before import = 0Number of asset objects unloaded after import = 4

========================================================================
Received Import Request.
  Time since last request: 0.000019 seconds.
  path: Assets/TextMesh Pro/Examples & Extras/Resources/Fonts & Materials/Bangers SDF - Drop Shadow.mat
  artifactKey: Guid(f2dcf029949142e28b974630369c8b4e) Importer(815301076,1909f56bfc062723c751e8b465ee728b)
Start importing Assets/TextMesh Pro/Examples & Extras/Resources/Fonts & Materials/Bangers SDF - Drop Shadow.mat using Guid(f2dcf029949142e28b974630369c8b4e) Importer(815301076,1909f56bfc062723c751e8b465ee728b) (PreviewImporter) -> (artifact id: 'c0944cc45b0d76092ab86e5b05df084b') in 0.0064279 seconds
Number of updated asset objects reloaded before import = 0Number of asset objects unloaded after import = 2

========================================================================
Received Import Request.
  Time since last request: 1.096209 seconds.
  path: Assets/TextMesh Pro/Resources/Fonts & Materials/LiberationSans SDF - Outline.mat
  artifactKey: Guid(79459efec17a4d00a321bdcc27bbc385) Importer(815301076,1909f56bfc062723c751e8b465ee728b)
Start importing Assets/TextMesh Pro/Resources/Fonts & Materials/LiberationSans SDF - Outline.mat using Guid(79459efec17a4d00a321bdcc27bbc385) Importer(815301076,1909f56bfc062723c751e8b465ee728b) (PreviewImporter) -> (artifact id: '1be7f94d5946f4cb8d2fb06ae47eb1a1') in 0.0162089 seconds
Number of updated asset objects reloaded before import = 0Number of asset objects unloaded after import = 2

========================================================================
Received Import Request.
  Time since last request: 0.000019 seconds.
  path: Assets/TextMesh Pro/Resources/Fonts & Materials/LiberationSans SDF - Fallback.asset
  artifactKey: Guid(2e498d1c8094910479dc3e1b768306a4) Importer(815301076,1909f56bfc062723c751e8b465ee728b)
Start importing Assets/TextMesh Pro/Resources/Fonts & Materials/LiberationSans SDF - Fallback.asset using Guid(2e498d1c8094910479dc3e1b768306a4) Importer(815301076,1909f56bfc062723c751e8b465ee728b) (PreviewImporter) -> (artifact id: '12ad92565f1949a0c414b159d3096fa0') in 0.0190582 seconds
Number of updated asset objects reloaded before import = 0Number of asset objects unloaded after import = 6

========================================================================
Received Import Request.
  Time since last request: 0.000018 seconds.
  path: Assets/TextMesh Pro/Examples & Extras/Resources/Fonts & Materials/LiberationSans SDF - Overlay.mat
  artifactKey: Guid(9ad269c99dcf42b7aedefd83dd5a7b9d) Importer(815301076,1909f56bfc062723c751e8b465ee728b)
Start importing Assets/TextMesh Pro/Examples & Extras/Resources/Fonts & Materials/LiberationSans SDF - Overlay.mat using Guid(9ad269c99dcf42b7aedefd83dd5a7b9d) Importer(815301076,1909f56bfc062723c751e8b465ee728b) (PreviewImporter) -> (artifact id: '2ba35d7066358a67f6f69ceb689a968d') in 0.0159947 seconds
Number of updated asset objects reloaded before import = 0Number of asset objects unloaded after import = 2

========================================================================
Received Import Request.
  Time since last request: 0.417006 seconds.
  path: Assets/TextMesh Pro/Examples & Extras/Resources/Fonts & Materials/Roboto-Bold SDF - URP.mat
  artifactKey: Guid(90722b8bd74d9aa49958562aff7bdf76) Importer(815301076,1909f56bfc062723c751e8b465ee728b)
Start importing Assets/TextMesh Pro/Examples & Extras/Resources/Fonts & Materials/Roboto-Bold SDF - URP.mat using Guid(90722b8bd74d9aa49958562aff7bdf76) Importer(815301076,1909f56bfc062723c751e8b465ee728b) (PreviewImporter) -> (artifact id: '1ba04efeaecbd4465c2d7bba315607c6') in 1.9271623 seconds
Number of updated asset objects reloaded before import = 0Number of asset objects unloaded after import = 3

========================================================================
Received Import Request.
  Time since last request: 231.245663 seconds.
  path: Assets/Flooded_Grounds/Prefabs/Buildings/IndBuilding1/IndBuilding1_Deco_WindowGlass_A.prefab
  artifactKey: Guid(b3c3cc4c79dabea40bbd7b0767d13f5d) Importer(2089858483,b0f066a214c2f5e87bad3c948f4d605d)
Start importing Assets/Flooded_Grounds/Prefabs/Buildings/IndBuilding1/IndBuilding1_Deco_WindowGlass_A.prefab using Guid(b3c3cc4c79dabea40bbd7b0767d13f5d) Importer(2089858483,b0f066a214c2f5e87bad3c948f4d605d) (ScriptedImporter) -> (artifact id: 'e6e8845bf3b67309ba9234714f623232') in 0.0766779 seconds
Number of updated asset objects reloaded before import = 0Number of asset objects unloaded after import = 8

========================================================================
Received Import Request.
  Time since last request: 0.000029 seconds.
  path: Assets/Flooded_Grounds/Prefabs/Nature/Trees/TreeCreator_Tall_B.prefab
  artifactKey: Guid(bf68be3621a129c48b56c6ffde6f3f7f) Importer(2089858483,b0f066a214c2f5e87bad3c948f4d605d)
Start importing Assets/Flooded_Grounds/Prefabs/Nature/Trees/TreeCreator_Tall_B.prefab using Guid(bf68be3621a129c48b56c6ffde6f3f7f) Importer(2089858483,b0f066a214c2f5e87bad3c948f4d605d) (ScriptedImporter) -> (artifact id: '2394453ff1b2dcff0b1ced3290315a94') in 0.0612842 seconds
Number of updated asset objects reloaded before import = 0Number of asset objects unloaded after import = 27

========================================================================
Received Import Request.
  Time since last request: 0.000022 seconds.
  path: Assets/Flooded_Grounds/Prefabs/Buildings/Villa2/Villa2_Top_Cor_A.prefab
  artifactKey: Guid(25575cc1628c55f43a78405469c60df8) Importer(2089858483,b0f066a214c2f5e87bad3c948f4d605d)
Start importing Assets/Flooded_Grounds/Prefabs/Buildings/Villa2/Villa2_Top_Cor_A.prefab using Guid(25575cc1628c55f43a78405469c60df8) Importer(2089858483,b0f066a214c2f5e87bad3c948f4d605d) (ScriptedImporter) -> (artifact id: '491d5de8bf429076c46aa1744f47077d') in 0.0156648 seconds
Number of updated asset objects reloaded before import = 0Number of asset objects unloaded after import = 9

========================================================================
Received Import Request.
  Time since last request: 0.000029 seconds.
  path: Assets/Flooded_Grounds/Prefabs/Buildings/IndBuilding1/IndBuilding1_Floor_Mid_A_4x.prefab
  artifactKey: Guid(0605deaa6afb37547a376b965328a405) Importer(2089858483,b0f066a214c2f5e87bad3c948f4d605d)
Start importing Assets/Flooded_Grounds/Prefabs/Buildings/IndBuilding1/IndBuilding1_Floor_Mid_A_4x.prefab using Guid(0605deaa6afb37547a376b965328a405) Importer(2089858483,b0f066a214c2f5e87bad3c948f4d605d) (ScriptedImporter) -> (artifact id: 'bbdee8a09ea2c6e33a65bf91f66bb5b0') in 0.0092788 seconds
Number of updated asset objects reloaded before import = 0Number of asset objects unloaded after import = 9

========================================================================
Received Import Request.
  Time since last request: 0.000017 seconds.
  path: Assets/Flooded_Grounds/Prefabs/Buildings/BrickHouse/BrickHouse_Ext_B.prefab
  artifactKey: Guid(19dabbbfc2c1ea246a20ea6c8c8c2e92) Importer(2089858483,b0f066a214c2f5e87bad3c948f4d605d)
Start importing Assets/Flooded_Grounds/Prefabs/Buildings/BrickHouse/BrickHouse_Ext_B.prefab using Guid(19dabbbfc2c1ea246a20ea6c8c8c2e92) Importer(2089858483,b0f066a214c2f5e87bad3c948f4d605d) (ScriptedImporter) -> (artifact id: '289b881d258f83812d0e1dc370062cae') in 0.0104154 seconds
Number of updated asset objects reloaded before import = 0Number of asset objects unloaded after import = 9

========================================================================
Received Import Request.
  Time since last request: 0.000023 seconds.
  path: Assets/Flooded_Grounds/Prefabs/Buildings/IndBuilding1/Indbuilding1_Door_A.prefab
  artifactKey: Guid(1ba84d4b2929a2b4eb599316f738c0f6) Importer(2089858483,b0f066a214c2f5e87bad3c948f4d605d)
Start importing Assets/Flooded_Grounds/Prefabs/Buildings/IndBuilding1/Indbuilding1_Door_A.prefab using Guid(1ba84d4b2929a2b4eb599316f738c0f6) Importer(2089858483,b0f066a214c2f5e87bad3c948f4d605d) (ScriptedImporter) -> (artifact id: '15e4dfd8ea1d0624abdd410b229048e1') in 0.0117046 seconds
Number of updated asset objects reloaded before import = 0Number of asset objects unloaded after import = 9

========================================================================
Received Import Request.
  Time since last request: 0.000019 seconds.
  path: Assets/Flooded_Grounds/Content/Materials/BLD_Church1.mat
  artifactKey: Guid(67839f18cb008324fad823e901f01b33) Importer(2089858483,b0f066a214c2f5e87bad3c948f4d605d)
Start importing Assets/Flooded_Grounds/Content/Materials/BLD_Church1.mat using Guid(67839f18cb008324fad823e901f01b33) Importer(2089858483,b0f066a214c2f5e87bad3c948f4d605d) (ScriptedImporter) -> (artifact id: 'ae240257a0182e79f42dd538c3f63cff') in 0.02275 seconds
Number of updated asset objects reloaded before import = 0Number of asset objects unloaded after import = 7

========================================================================
Received Import Request.
  Time since last request: 0.000024 seconds.
  path: Assets/Flooded_Grounds/Prefabs/Buildings/Villa2/Villa2_Deco_Beam_A.prefab
  artifactKey: Guid(64c457e5b1dd24947babae9551b67286) Importer(2089858483,b0f066a214c2f5e87bad3c948f4d605d)
Start importing Assets/Flooded_Grounds/Prefabs/Buildings/Villa2/Villa2_Deco_Beam_A.prefab using Guid(64c457e5b1dd24947babae9551b67286) Importer(2089858483,b0f066a214c2f5e87bad3c948f4d605d) (ScriptedImporter) -> (artifact id: 'ec0a4a537395aff2900ff0cc9adfba24') in 0.0118108 seconds
Number of updated asset objects reloaded before import = 0Number of asset objects unloaded after import = 9

========================================================================
Received Import Request.
  Time since last request: 0.000029 seconds.
  path: Assets/Flooded_Grounds/Prefabs/Buildings/Villa2/Villa2_Base_Cor_A.prefab
  artifactKey: Guid(d1077a23caa4367478d7279d5a274545) Importer(2089858483,b0f066a214c2f5e87bad3c948f4d605d)
Start importing Assets/Flooded_Grounds/Prefabs/Buildings/Villa2/Villa2_Base_Cor_A.prefab using Guid(d1077a23caa4367478d7279d5a274545) Importer(2089858483,b0f066a214c2f5e87bad3c948f4d605d) (ScriptedImporter) -> (artifact id: '7b34e4401eb4bf78c108ce12b21ee469') in 0.012071 seconds
Number of updated asset objects reloaded before import = 0Number of asset objects unloaded after import = 9

========================================================================
Received Import Request.
  Time since last request: 0.000026 seconds.
  path: Assets/Flooded_Grounds/Prefabs/Buildings/Structures1/Struct_FlowerBox_B.prefab
  artifactKey: Guid(c8bc0302c0ec56c4c9b94683f171d4be) Importer(2089858483,b0f066a214c2f5e87bad3c948f4d605d)
Start importing Assets/Flooded_Grounds/Prefabs/Buildings/Structures1/Struct_FlowerBox_B.prefab using Guid(c8bc0302c0ec56c4c9b94683f171d4be) Importer(2089858483,b0f066a214c2f5e87bad3c948f4d605d) (ScriptedImporter) -> (artifact id: '3b1256867a4f9c7824c66f57df351359') in 0.0100305 seconds
Number of updated asset objects reloaded before import = 0Number of asset objects unloaded after import = 10

========================================================================
Received Import Request.
  Time since last request: 0.000020 seconds.
  path: Assets/Flooded_Grounds/Prefabs/Props/Prop_Painting_C.prefab
  artifactKey: Guid(8b04cd075f5ebc74a866cece42007aed) Importer(2089858483,b0f066a214c2f5e87bad3c948f4d605d)
Start importing Assets/Flooded_Grounds/Prefabs/Props/Prop_Painting_C.prefab using Guid(8b04cd075f5ebc74a866cece42007aed) Importer(2089858483,b0f066a214c2f5e87bad3c948f4d605d) (ScriptedImporter) -> (artifact id: '3fca30f562b94accc48851f258095fd8') in 0.009709 seconds
Number of updated asset objects reloaded before import = 0Number of asset objects unloaded after import = 8

========================================================================
Received Import Request.
  Time since last request: 0.000016 seconds.
  path: Assets/Flooded_Grounds/Prefabs/Nature/Trees/TreeCreator_Tall_C_Dead.prefab
  artifactKey: Guid(1175c4563a5b466479faa3985e452631) Importer(2089858483,b0f066a214c2f5e87bad3c948f4d605d)
Start importing Assets/Flooded_Grounds/Prefabs/Nature/Trees/TreeCreator_Tall_C_Dead.prefab using Guid(1175c4563a5b466479faa3985e452631) Importer(2089858483,b0f066a214c2f5e87bad3c948f4d605d) (ScriptedImporter) -> (artifact id: 'b917892cad96160dd34199a66ffd39cd') in 0.0266872 seconds
Number of updated asset objects reloaded before import = 0Number of asset objects unloaded after import = 16

========================================================================
Received Import Request.
  Time since last request: 0.000020 seconds.
  path: Assets/Flooded_Grounds/Content/Materials/MSC_HumanScale.mat
  artifactKey: Guid(d43da3634ccda7e4dbfd7e94e3071c6f) Importer(2089858483,b0f066a214c2f5e87bad3c948f4d605d)
Start importing Assets/Flooded_Grounds/Content/Materials/MSC_HumanScale.mat using Guid(d43da3634ccda7e4dbfd7e94e3071c6f) Importer(2089858483,b0f066a214c2f5e87bad3c948f4d605d) (ScriptedImporter) -> (artifact id: '865d1c917b370f069fc6da8b32a52f9c') in 0.0108346 seconds
Number of updated asset objects reloaded before import = 0Number of asset objects unloaded after import = 1

========================================================================
Received Import Request.
  Time since last request: 0.000023 seconds.
  path: Assets/Flooded_Grounds/Prefabs/Buildings/BrickHouse/BrickHouse_Door_A.prefab
  artifactKey: Guid(7c026980fc17fa642b7a22557ebb0007) Importer(2089858483,b0f066a214c2f5e87bad3c948f4d605d)
Start importing Assets/Flooded_Grounds/Prefabs/Buildings/BrickHouse/BrickHouse_Door_A.prefab using Guid(7c026980fc17fa642b7a22557ebb0007) Importer(2089858483,b0f066a214c2f5e87bad3c948f4d605d) (ScriptedImporter) -> (artifact id: 'd0205db422e0b8a7e5ce8e25347be61c') in 0.0103677 seconds
Number of updated asset objects reloaded before import = 0Number of asset objects unloaded after import = 9

========================================================================
Received Import Request.
  Time since last request: 0.000023 seconds.
  path: Assets/Flooded_Grounds/Prefabs/Buildings/Cabins/Cabin2_Stairs.prefab
  artifactKey: Guid(de27278e60c8d8b42a3ae02c5da3edf8) Importer(2089858483,b0f066a214c2f5e87bad3c948f4d605d)
Start importing Assets/Flooded_Grounds/Prefabs/Buildings/Cabins/Cabin2_Stairs.prefab using Guid(de27278e60c8d8b42a3ae02c5da3edf8) Importer(2089858483,b0f066a214c2f5e87bad3c948f4d605d) (ScriptedImporter) -> (artifact id: 'b9080c1fdc784677354c7962bbad449d') in 0.0118171 seconds
Number of updated asset objects reloaded before import = 0Number of asset objects unloaded after import = 9

========================================================================
Received Import Request.
  Time since last request: 0.000028 seconds.
  path: Assets/Flooded_Grounds/Prefabs/Props/Prop_SmallTable_A.prefab
  artifactKey: Guid(d23cbbfe0da7d2548ad2401d0323c728) Importer(2089858483,b0f066a214c2f5e87bad3c948f4d605d)
Start importing Assets/Flooded_Grounds/Prefabs/Props/Prop_SmallTable_A.prefab using Guid(d23cbbfe0da7d2548ad2401d0323c728) Importer(2089858483,b0f066a214c2f5e87bad3c948f4d605d) (ScriptedImporter) -> (artifact id: '52b81b31855a1747f3a6b6feb15f0969') in 0.010444 seconds
Number of updated asset objects reloaded before import = 0Number of asset objects unloaded after import = 17

========================================================================
Received Import Request.
  Time since last request: 0.000037 seconds.
  path: Assets/Flooded_Grounds/Prefabs/Buildings/Villa2/Villa2_Deco_Handrail1_Mid_A.prefab
  artifactKey: Guid(9b5083471b3ef954a9643ff70f6fa3ac) Importer(2089858483,b0f066a214c2f5e87bad3c948f4d605d)
Start importing Assets/Flooded_Grounds/Prefabs/Buildings/Villa2/Villa2_Deco_Handrail1_Mid_A.prefab using Guid(9b5083471b3ef954a9643ff70f6fa3ac) Importer(2089858483,b0f066a214c2f5e87bad3c948f4d605d) (ScriptedImporter) -> (artifact id: '42642f03956d56a304bad8bf9a6f068e') in 0.0141893 seconds
Number of updated asset objects reloaded before import = 0Number of asset objects unloaded after import = 9

========================================================================
Received Import Request.
  Time since last request: 0.000022 seconds.
  path: Assets/Flooded_Grounds/Prefabs/Buildings/BrickHouse/BrickHouse_End_A.prefab
  artifactKey: Guid(fa3b1e3b9faf39b4cbc9301d3dd1c175) Importer(2089858483,b0f066a214c2f5e87bad3c948f4d605d)
Start importing Assets/Flooded_Grounds/Prefabs/Buildings/BrickHouse/BrickHouse_End_A.prefab using Guid(fa3b1e3b9faf39b4cbc9301d3dd1c175) Importer(2089858483,b0f066a214c2f5e87bad3c948f4d605d) (ScriptedImporter) -> (artifact id: 'd29c4921b35fb7f591111d6ddd52f963') in 0.0107859 seconds
Number of updated asset objects reloaded before import = 0Number of asset objects unloaded after import = 9

========================================================================
Received Import Request.
  Time since last request: 0.000022 seconds.
  path: Assets/Flooded_Grounds/Prefabs/Props/Prop_Cabinet_B.prefab
  artifactKey: Guid(6dc78eb22702ea84296ffaf6e8826c15) Importer(2089858483,b0f066a214c2f5e87bad3c948f4d605d)
Start importing Assets/Flooded_Grounds/Prefabs/Props/Prop_Cabinet_B.prefab using Guid(6dc78eb22702ea84296ffaf6e8826c15) Importer(2089858483,b0f066a214c2f5e87bad3c948f4d605d) (ScriptedImporter) -> (artifact id: 'a559e1715399809329f454dd3b6c35d1') in 0.0116998 seconds
Number of updated asset objects reloaded before import = 0Number of asset objects unloaded after import = 17

========================================================================
Received Import Request.
  Time since last request: 0.000023 seconds.
  path: Assets/Flooded_Grounds/Prefabs/Buildings/Villa1/Villa1_Roof_Mid_B.prefab
  artifactKey: Guid(e479fb829761ad7408092fe346314659) Importer(2089858483,b0f066a214c2f5e87bad3c948f4d605d)
Start importing Assets/Flooded_Grounds/Prefabs/Buildings/Villa1/Villa1_Roof_Mid_B.prefab using Guid(e479fb829761ad7408092fe346314659) Importer(2089858483,b0f066a214c2f5e87bad3c948f4d605d) (ScriptedImporter) -> (artifact id: 'f6fe8e57d532118289a33f46565aaf0a') in 0.0104653 seconds
Number of updated asset objects reloaded before import = 0Number of asset objects unloaded after import = 9

========================================================================
Received Import Request.
  Time since last request: 0.000020 seconds.
  path: Assets/Flooded_Grounds/Prefabs/Buildings/GreenHouse/GreenHouse1_Door_A.prefab
  artifactKey: Guid(b66a2faa7f47ab341b7ca629fbb482c2) Importer(2089858483,b0f066a214c2f5e87bad3c948f4d605d)
Start importing Assets/Flooded_Grounds/Prefabs/Buildings/GreenHouse/GreenHouse1_Door_A.prefab using Guid(b66a2faa7f47ab341b7ca629fbb482c2) Importer(2089858483,b0f066a214c2f5e87bad3c948f4d605d) (ScriptedImporter) -> (artifact id: 'a7d924fc8821373d409d5e01267ed1f3') in 0.011367 seconds
Number of updated asset objects reloaded before import = 0Number of asset objects unloaded after import = 9

========================================================================
Received Import Request.
  Time since last request: 0.000031 seconds.
  path: Assets/Flooded_Grounds/Prefabs/Props/Prop_Lamp_D.prefab
  artifactKey: Guid(85bb8601e5e500b4d944c4ac64c546c2) Importer(2089858483,b0f066a214c2f5e87bad3c948f4d605d)
Start importing Assets/Flooded_Grounds/Prefabs/Props/Prop_Lamp_D.prefab using Guid(85bb8601e5e500b4d944c4ac64c546c2) Importer(2089858483,b0f066a214c2f5e87bad3c948f4d605d) (ScriptedImporter) -> (artifact id: '7156024d75a7d623e73266526544fefa') in 0.0114289 seconds
Number of updated asset objects reloaded before import = 0Number of asset objects unloaded after import = 17

========================================================================
Received Import Request.
  Time since last request: 0.000022 seconds.
  path: Assets/Flooded_Grounds/Prefabs/Buildings/Cabins/Cabin2_Mid2.prefab
  artifactKey: Guid(1df136745ae1d834d9df67fa39473042) Importer(2089858483,b0f066a214c2f5e87bad3c948f4d605d)
Start importing Assets/Flooded_Grounds/Prefabs/Buildings/Cabins/Cabin2_Mid2.prefab using Guid(1df136745ae1d834d9df67fa39473042) Importer(2089858483,b0f066a214c2f5e87bad3c948f4d605d) (ScriptedImporter) -> (artifact id: '1a9ca2b60125036522a50697c0df5216') in 0.0137805 seconds
Number of updated asset objects reloaded before import = 0Number of asset objects unloaded after import = 9

========================================================================
Received Import Request.
  Time since last request: 0.000022 seconds.
  path: Assets/Flooded_Grounds/Prefabs/Buildings/Villa2/Villa2_Floor_Mid_A_4x.prefab
  artifactKey: Guid(558a097bc18737e4f86558385790d6f7) Importer(2089858483,b0f066a214c2f5e87bad3c948f4d605d)
Start importing Assets/Flooded_Grounds/Prefabs/Buildings/Villa2/Villa2_Floor_Mid_A_4x.prefab using Guid(558a097bc18737e4f86558385790d6f7) Importer(2089858483,b0f066a214c2f5e87bad3c948f4d605d) (ScriptedImporter) -> (artifact id: '3095d6a27be7d77a27a0aa5bb4e40d91') in 0.0120679 seconds
Number of updated asset objects reloaded before import = 0Number of asset objects unloaded after import = 9

========================================================================
Received Import Request.
  Time since last request: 0.000020 seconds.
  path: Assets/Flooded_Grounds/Prefabs/Nature/Grass/Grass_Med_B.prefab
  artifactKey: Guid(b01dcbaa1e9203542b7c5f29656d346e) Importer(2089858483,b0f066a214c2f5e87bad3c948f4d605d)
Start importing Assets/Flooded_Grounds/Prefabs/Nature/Grass/Grass_Med_B.prefab using Guid(b01dcbaa1e9203542b7c5f29656d346e) Importer(2089858483,b0f066a214c2f5e87bad3c948f4d605d) (ScriptedImporter) -> (artifact id: '76354b3fdd39032822cbaf14abe824d0') in 0.0108665 seconds
Number of updated asset objects reloaded before import = 0Number of asset objects unloaded after import = 8

========================================================================
Received Import Request.
  Time since last request: 0.000022 seconds.
  path: Assets/Flooded_Grounds/Prefabs/Buildings/Villa2/Villa2_Deco_RoofPiece_D.prefab
  artifactKey: Guid(a2ddd74284add0244a0b9c1abf9d5b65) Importer(2089858483,b0f066a214c2f5e87bad3c948f4d605d)
Start importing Assets/Flooded_Grounds/Prefabs/Buildings/Villa2/Villa2_Deco_RoofPiece_D.prefab using Guid(a2ddd74284add0244a0b9c1abf9d5b65) Importer(2089858483,b0f066a214c2f5e87bad3c948f4d605d) (ScriptedImporter) -> (artifact id: 'bab63c23b6e7128d40fcae23264aeaa8') in 0.0114029 seconds
Number of updated asset objects reloaded before import = 0Number of asset objects unloaded after import = 9

========================================================================
Received Import Request.
  Time since last request: 0.000020 seconds.
  path: Assets/Flooded_Grounds/Prefabs/Buildings/IndBuilding2/IndBuilding2_Mid_A.prefab
  artifactKey: Guid(cee6ec354385167478bb8354736f38f5) Importer(2089858483,b0f066a214c2f5e87bad3c948f4d605d)
Start importing Assets/Flooded_Grounds/Prefabs/Buildings/IndBuilding2/IndBuilding2_Mid_A.prefab using Guid(cee6ec354385167478bb8354736f38f5) Importer(2089858483,b0f066a214c2f5e87bad3c948f4d605d) (ScriptedImporter) -> (artifact id: '972b22dda4fd6a0bd7bd3295545fbf9f') in 0.0121489 seconds
Number of updated asset objects reloaded before import = 0Number of asset objects unloaded after import = 10

========================================================================
Received Import Request.
  Time since last request: 0.000032 seconds.
  path: Assets/Flooded_Grounds/Prefabs/Buildings/Villa1/Villa1_Wall_Mid_C.prefab
  artifactKey: Guid(1eb7717755343d844afec811c03c3ba2) Importer(2089858483,b0f066a214c2f5e87bad3c948f4d605d)
Start importing Assets/Flooded_Grounds/Prefabs/Buildings/Villa1/Villa1_Wall_Mid_C.prefab using Guid(1eb7717755343d844afec811c03c3ba2) Importer(2089858483,b0f066a214c2f5e87bad3c948f4d605d) (ScriptedImporter) -> (artifact id: '0415c0cffcce0f52f39ed02f83a5bfd2') in 0.0113407 seconds
Number of updated asset objects reloaded before import = 0Number of asset objects unloaded after import = 9

========================================================================
Received Import Request.
  Time since last request: 0.000022 seconds.
  path: Assets/Flooded_Grounds/Prefabs/Buildings/Villa2/Villa2_Top_Mid_A.prefab
  artifactKey: Guid(50ff0fc5eb0bbaa48af93f9714e2d631) Importer(2089858483,b0f066a214c2f5e87bad3c948f4d605d)
Start importing Assets/Flooded_Grounds/Prefabs/Buildings/Villa2/Villa2_Top_Mid_A.prefab using Guid(50ff0fc5eb0bbaa48af93f9714e2d631) Importer(2089858483,b0f066a214c2f5e87bad3c948f4d605d) (ScriptedImporter) -> (artifact id: 'da1e7f5ec577fbfa83e7d1840c8939dc') in 0.0114194 seconds
Number of updated asset objects reloaded before import = 0Number of asset objects unloaded after import = 9

========================================================================
Received Import Request.
  Time since last request: 0.000019 seconds.
  path: Assets/Flooded_Grounds/Prefabs/Atmospherics/ATM_Leaves_B.prefab
  artifactKey: Guid(ab1d7b194de648340a71ccc21062a218) Importer(2089858483,b0f066a214c2f5e87bad3c948f4d605d)
Start importing Assets/Flooded_Grounds/Prefabs/Atmospherics/ATM_Leaves_B.prefab using Guid(ab1d7b194de648340a71ccc21062a218) Importer(2089858483,b0f066a214c2f5e87bad3c948f4d605d) (ScriptedImporter) -> (artifact id: '6aa7a981598d660c07e20e09ac103c76') in 0.0449554 seconds
Number of updated asset objects reloaded before import = 0Number of asset objects unloaded after import = 6

========================================================================
Received Import Request.
  Time since last request: 0.000020 seconds.
  path: Assets/Flooded_Grounds/Prefabs/Buildings/Structures1/Struct_Docking_B.prefab
  artifactKey: Guid(839d15f594053604a9e89b5145396cdd) Importer(2089858483,b0f066a214c2f5e87bad3c948f4d605d)
Start importing Assets/Flooded_Grounds/Prefabs/Buildings/Structures1/Struct_Docking_B.prefab using Guid(839d15f594053604a9e89b5145396cdd) Importer(2089858483,b0f066a214c2f5e87bad3c948f4d605d) (ScriptedImporter) -> (artifact id: '99779d4e4075d7ce5ac8c397e0052d65') in 0.0091667 seconds
Number of updated asset objects reloaded before import = 0Number of asset objects unloaded after import = 23

========================================================================
Received Import Request.
  Time since last request: 0.000022 seconds.
  path: Assets/Flooded_Grounds/Prefabs/Buildings/Structures1/Struct_Fence1_Gate_A_Door_DM.prefab
  artifactKey: Guid(ae5e9162a10cdef48b4b713665bfee7a) Importer(2089858483,b0f066a214c2f5e87bad3c948f4d605d)
Start importing Assets/Flooded_Grounds/Prefabs/Buildings/Structures1/Struct_Fence1_Gate_A_Door_DM.prefab using Guid(ae5e9162a10cdef48b4b713665bfee7a) Importer(2089858483,b0f066a214c2f5e87bad3c948f4d605d) (ScriptedImporter) -> (artifact id: '852d27f5e8535456b7c11a515bba2349') in 0.0093114 seconds
Number of updated asset objects reloaded before import = 0Number of asset objects unloaded after import = 9

========================================================================
Received Import Request.
  Time since last request: 0.000026 seconds.
  path: Assets/Flooded_Grounds/Prefabs/Nature/Trees/TreeCreator_Crinkly_A.prefab
  artifactKey: Guid(cfe0412d7fa12f243b181e3f547a2294) Importer(2089858483,b0f066a214c2f5e87bad3c948f4d605d)
Start importing Assets/Flooded_Grounds/Prefabs/Nature/Trees/TreeCreator_Crinkly_A.prefab using Guid(cfe0412d7fa12f243b181e3f547a2294) Importer(2089858483,b0f066a214c2f5e87bad3c948f4d605d) (ScriptedImporter) -> (artifact id: 'b85d78e8df7958a4f0789c715d4bde6b') in 0.0326753 seconds
Number of updated asset objects reloaded before import = 0Number of asset objects unloaded after import = 27

========================================================================
Received Import Request.
  Time since last request: 0.000018 seconds.
  path: Assets/Flooded_Grounds/Prefabs/Buildings/BrickHouse/BrickHouse_End_B.prefab
  artifactKey: Guid(60a191e2da86e1544948ebd2bc4c7a69) Importer(2089858483,b0f066a214c2f5e87bad3c948f4d605d)
Start importing Assets/Flooded_Grounds/Prefabs/Buildings/BrickHouse/BrickHouse_End_B.prefab using Guid(60a191e2da86e1544948ebd2bc4c7a69) Importer(2089858483,b0f066a214c2f5e87bad3c948f4d605d) (ScriptedImporter) -> (artifact id: 'd666e7548c5d387d0bbf85b03e2815a7') in 0.0104867 seconds
Number of updated asset objects reloaded before import = 0Number of asset objects unloaded after import = 9

========================================================================
Received Import Request.
  Time since last request: 0.000027 seconds.
  path: Assets/Flooded_Grounds/Prefabs/Buildings/Bridge/BLD_Bridge_A.prefab
  artifactKey: Guid(06e456f55e6fa06438fb977ee919a779) Importer(2089858483,b0f066a214c2f5e87bad3c948f4d605d)
Start importing Assets/Flooded_Grounds/Prefabs/Buildings/Bridge/BLD_Bridge_A.prefab using Guid(06e456f55e6fa06438fb977ee919a779) Importer(2089858483,b0f066a214c2f5e87bad3c948f4d605d) (ScriptedImporter) -> (artifact id: '4671dddd921a2e8a3ba3a198029b30f1') in 0.0110373 seconds
Number of updated asset objects reloaded before import = 0Number of asset objects unloaded after import = 23

========================================================================
Received Import Request.
  Time since last request: 0.000020 seconds.
  path: Assets/Flooded_Grounds/Prefabs/Buildings/IndBuilding1/IndBuilding1_Deco_Handrail_Cor_A.prefab
  artifactKey: Guid(d37b5c027abc7384c904ecf9baf35076) Importer(2089858483,b0f066a214c2f5e87bad3c948f4d605d)
Start importing Assets/Flooded_Grounds/Prefabs/Buildings/IndBuilding1/IndBuilding1_Deco_Handrail_Cor_A.prefab using Guid(d37b5c027abc7384c904ecf9baf35076) Importer(2089858483,b0f066a214c2f5e87bad3c948f4d605d) (ScriptedImporter) -> (artifact id: '523ee2f8419805b0473f91cfe821e4da') in 0.010206 seconds
Number of updated asset objects reloaded before import = 0Number of asset objects unloaded after import = 10

========================================================================
Received Import Request.
  Time since last request: 0.000022 seconds.
  path: Assets/Flooded_Grounds/Prefabs/Buildings/Villa2/Villa2_Deco_Chimney_A.prefab
  artifactKey: Guid(54baefad3b03c0e40bae826dce4c454e) Importer(2089858483,b0f066a214c2f5e87bad3c948f4d605d)
Start importing Assets/Flooded_Grounds/Prefabs/Buildings/Villa2/Villa2_Deco_Chimney_A.prefab using Guid(54baefad3b03c0e40bae826dce4c454e) Importer(2089858483,b0f066a214c2f5e87bad3c948f4d605d) (ScriptedImporter) -> (artifact id: 'e84b785091e86c11e7ba33417e3f2c6b') in 0.0091358 seconds
Number of updated asset objects reloaded before import = 0Number of asset objects unloaded after import = 9

========================================================================
Received Import Request.
  Time since last request: 0.000024 seconds.
  path: Assets/Flooded_Grounds/Prefabs/Nature/Bushes/DecoBush_C.prefab
  artifactKey: Guid(4d42826861e3f864c8c01be559eeb48a) Importer(2089858483,b0f066a214c2f5e87bad3c948f4d605d)
Start importing Assets/Flooded_Grounds/Prefabs/Nature/Bushes/DecoBush_C.prefab using Guid(4d42826861e3f864c8c01be559eeb48a) Importer(2089858483,b0f066a214c2f5e87bad3c948f4d605d) (ScriptedImporter) -> (artifact id: '4c8810dcc82a96387c9a2ba87988ed03') in 0.0096279 seconds
Number of updated asset objects reloaded before import = 0Number of asset objects unloaded after import = 9

========================================================================
Received Import Request.
  Time since last request: 0.000035 seconds.
  path: Assets/Flooded_Grounds/Prefabs/Buildings/BrickHouse/BrickHouse_Ext_A.prefab
  artifactKey: Guid(84c0630e2101a764bb50018ae3b3ae41) Importer(2089858483,b0f066a214c2f5e87bad3c948f4d605d)
Start importing Assets/Flooded_Grounds/Prefabs/Buildings/BrickHouse/BrickHouse_Ext_A.prefab using Guid(84c0630e2101a764bb50018ae3b3ae41) Importer(2089858483,b0f066a214c2f5e87bad3c948f4d605d) (ScriptedImporter) -> (artifact id: '33de8e91552b7510c5963be1081f46eb') in 0.0110976 seconds
Number of updated asset objects reloaded before import = 0Number of asset objects unloaded after import = 9

========================================================================
Received Import Request.
  Time since last request: 0.000034 seconds.
  path: Assets/Flooded_Grounds/Prefabs/Sounds/3D_LeafRustle.prefab
  artifactKey: Guid(506eda1dc7aad5742b90e680c7fb5ed3) Importer(2089858483,b0f066a214c2f5e87bad3c948f4d605d)
Start importing Assets/Flooded_Grounds/Prefabs/Sounds/3D_LeafRustle.prefab using Guid(506eda1dc7aad5742b90e680c7fb5ed3) Importer(2089858483,b0f066a214c2f5e87bad3c948f4d605d) (ScriptedImporter) -> (artifact id: '7cedeed0116cbea570bab673b3e5d198') in 0.0300371 seconds
Number of updated asset objects reloaded before import = 0Number of asset objects unloaded after import = 6

========================================================================
Received Import Request.
  Time since last request: 0.000022 seconds.
  path: Assets/Flooded_Grounds/Prefabs/Buildings/Structures1/Struct_Roundabout_A.prefab
  artifactKey: Guid(573d86f217605f74fb5d661020262d92) Importer(2089858483,b0f066a214c2f5e87bad3c948f4d605d)
Start importing Assets/Flooded_Grounds/Prefabs/Buildings/Structures1/Struct_Roundabout_A.prefab using Guid(573d86f217605f74fb5d661020262d92) Importer(2089858483,b0f066a214c2f5e87bad3c948f4d605d) (ScriptedImporter) -> (artifact id: '792a6561a6208d661afddbe406268a9b') in 0.0091645 seconds
Number of updated asset objects reloaded before import = 0Number of asset objects unloaded after import = 10

========================================================================
Received Import Request.
  Time since last request: 0.000022 seconds.
  path: Assets/Flooded_Grounds/Content/Trees/SrcPrefabs/Branch2.prefab
  artifactKey: Guid(66173db9fd0bb3f4183154fc0776711b) Importer(2089858483,b0f066a214c2f5e87bad3c948f4d605d)
Start importing Assets/Flooded_Grounds/Content/Trees/SrcPrefabs/Branch2.prefab using Guid(66173db9fd0bb3f4183154fc0776711b) Importer(2089858483,b0f066a214c2f5e87bad3c948f4d605d) (ScriptedImporter) -> (artifact id: 'cc31610098c52cabf2c2ac9bc9243781') in 0.0098606 seconds
Number of updated asset objects reloaded before import = 0Number of asset objects unloaded after import = 8

========================================================================
Received Import Request.
  Time since last request: 0.000021 seconds.
  path: Assets/Flooded_Grounds/Prefabs/Props/Prop_Rug_B.prefab
  artifactKey: Guid(fac85779e5fda1c4493c6d5276271dde) Importer(2089858483,b0f066a214c2f5e87bad3c948f4d605d)
Start importing Assets/Flooded_Grounds/Prefabs/Props/Prop_Rug_B.prefab using Guid(fac85779e5fda1c4493c6d5276271dde) Importer(2089858483,b0f066a214c2f5e87bad3c948f4d605d) (ScriptedImporter) -> (artifact id: 'c552f76cfb645b44433b7fa75854e9da') in 0.0092293 seconds
Number of updated asset objects reloaded before import = 0Number of asset objects unloaded after import = 8

========================================================================
Received Import Request.
  Time since last request: 0.000028 seconds.
  path: Assets/Flooded_Grounds/Prefabs/Nature/Grass/Grass_Tall_C.prefab
  artifactKey: Guid(f3d5432b8ff8c7e4e9aab8ca88060e47) Importer(2089858483,b0f066a214c2f5e87bad3c948f4d605d)
Start importing Assets/Flooded_Grounds/Prefabs/Nature/Grass/Grass_Tall_C.prefab using Guid(f3d5432b8ff8c7e4e9aab8ca88060e47) Importer(2089858483,b0f066a214c2f5e87bad3c948f4d605d) (ScriptedImporter) -> (artifact id: '3f68eabe0cc39b354c2f030db3bb5a4e') in 0.0101423 seconds
Number of updated asset objects reloaded before import = 0Number of asset objects unloaded after import = 8

========================================================================
Received Import Request.
  Time since last request: 0.000038 seconds.
  path: Assets/Flooded_Grounds/Prefabs/Buildings/IndBuilding1/IndBuilding1_Base_Mid_A.prefab
  artifactKey: Guid(5f8119929abe75e4e8f9da64a6263f12) Importer(2089858483,b0f066a214c2f5e87bad3c948f4d605d)
Start importing Assets/Flooded_Grounds/Prefabs/Buildings/IndBuilding1/IndBuilding1_Base_Mid_A.prefab using Guid(5f8119929abe75e4e8f9da64a6263f12) Importer(2089858483,b0f066a214c2f5e87bad3c948f4d605d) (ScriptedImporter) -> (artifact id: 'cefc876df6deea6c49ec6ed1b7fcd6f6') in 0.010026 seconds
Number of updated asset objects reloaded before import = 0Number of asset objects unloaded after import = 9

========================================================================
Received Import Request.
  Time since last request: 0.000021 seconds.
  path: Assets/Flooded_Grounds/Prefabs/Buildings/Villa2/Villa2_Deco_Column_Top_A.prefab
  artifactKey: Guid(59cd9f0362fbbe9429b68578566a5baa) Importer(2089858483,b0f066a214c2f5e87bad3c948f4d605d)
Start importing Assets/Flooded_Grounds/Prefabs/Buildings/Villa2/Villa2_Deco_Column_Top_A.prefab using Guid(59cd9f0362fbbe9429b68578566a5baa) Importer(2089858483,b0f066a214c2f5e87bad3c948f4d605d) (ScriptedImporter) -> (artifact id: '077926a0e1438b0a6a11ce7c35222623') in 0.0097709 seconds
Number of updated asset objects reloaded before import = 0Number of asset objects unloaded after import = 9

========================================================================
Received Import Request.
  Time since last request: 0.000024 seconds.
  path: Assets/Flooded_Grounds/Prefabs/Buildings/Cabins/Outhouse_A.prefab
  artifactKey: Guid(42f9613ec0908c044b86298687d21ba2) Importer(2089858483,b0f066a214c2f5e87bad3c948f4d605d)
Start importing Assets/Flooded_Grounds/Prefabs/Buildings/Cabins/Outhouse_A.prefab using Guid(42f9613ec0908c044b86298687d21ba2) Importer(2089858483,b0f066a214c2f5e87bad3c948f4d605d) (ScriptedImporter) -> (artifact id: '89019cc54436b1d5bcc39fdea30a9539') in 0.0108105 seconds
Number of updated asset objects reloaded before import = 0Number of asset objects unloaded after import = 9

========================================================================
Received Import Request.
  Time since last request: 0.000025 seconds.
  path: Assets/Flooded_Grounds/Prefabs/Buildings/Villa2/Villa2_Deco_RoofPiece_C.prefab
  artifactKey: Guid(3d04a236527d27045b4b6ce3b2a7b0aa) Importer(2089858483,b0f066a214c2f5e87bad3c948f4d605d)
Start importing Assets/Flooded_Grounds/Prefabs/Buildings/Villa2/Villa2_Deco_RoofPiece_C.prefab using Guid(3d04a236527d27045b4b6ce3b2a7b0aa) Importer(2089858483,b0f066a214c2f5e87bad3c948f4d605d) (ScriptedImporter) -> (artifact id: '67c89a73c2df2934ea693247b99368e2') in 0.0116159 seconds
Number of updated asset objects reloaded before import = 0Number of asset objects unloaded after import = 9

========================================================================
Received Import Request.
  Time since last request: 0.000024 seconds.
  path: Assets/Flooded_Grounds/Prefabs/Buildings/IndBuilding1/IndBuilding1_Deco_Column_Base.prefab
  artifactKey: Guid(31a01b4eec39eee4a8f9af7cd90c52da) Importer(2089858483,b0f066a214c2f5e87bad3c948f4d605d)
Start importing Assets/Flooded_Grounds/Prefabs/Buildings/IndBuilding1/IndBuilding1_Deco_Column_Base.prefab using Guid(31a01b4eec39eee4a8f9af7cd90c52da) Importer(2089858483,b0f066a214c2f5e87bad3c948f4d605d) (ScriptedImporter) -> (artifact id: '286b392a086c9ee572fac5f2c2bee7f3') in 0.0095595 seconds
Number of updated asset objects reloaded before import = 0Number of asset objects unloaded after import = 9

========================================================================
Received Import Request.
  Time since last request: 0.000023 seconds.
  path: Assets/Flooded_Grounds/Content/Materials/BLD_Structures1.mat
  artifactKey: Guid(bece166f1833f674d9c16ea5184455ca) Importer(2089858483,b0f066a214c2f5e87bad3c948f4d605d)
Start importing Assets/Flooded_Grounds/Content/Materials/BLD_Structures1.mat using Guid(bece166f1833f674d9c16ea5184455ca) Importer(2089858483,b0f066a214c2f5e87bad3c948f4d605d) (ScriptedImporter) -> (artifact id: '49feaa00cfbb292a089b179339c65499') in 0.0195232 seconds
Number of updated asset objects reloaded before import = 0Number of asset objects unloaded after import = 7

========================================================================
Received Import Request.
  Time since last request: 0.000027 seconds.
  path: Assets/Flooded_Grounds/Prefabs/Buildings/Villa2/Villa2_Deco_Beam_A_2x.prefab
  artifactKey: Guid(f0f79e951a6fd2547a1b21301ded163e) Importer(2089858483,b0f066a214c2f5e87bad3c948f4d605d)
Start importing Assets/Flooded_Grounds/Prefabs/Buildings/Villa2/Villa2_Deco_Beam_A_2x.prefab using Guid(f0f79e951a6fd2547a1b21301ded163e) Importer(2089858483,b0f066a214c2f5e87bad3c948f4d605d) (ScriptedImporter) -> (artifact id: '7e6f22b0c01d40d8fe1cd4b4c805de29') in 0.0096565 seconds
Number of updated asset objects reloaded before import = 0Number of asset objects unloaded after import = 9

========================================================================
Received Import Request.
  Time since last request: 0.000034 seconds.
  path: Assets/Flooded_Grounds/Content/Materials/BLD_Cabins_Mossy.mat
  artifactKey: Guid(0491e1d077b3ca643a27b77d56cc03b3) Importer(2089858483,b0f066a214c2f5e87bad3c948f4d605d)
Start importing Assets/Flooded_Grounds/Content/Materials/BLD_Cabins_Mossy.mat using Guid(0491e1d077b3ca643a27b77d56cc03b3) Importer(2089858483,b0f066a214c2f5e87bad3c948f4d605d) (ScriptedImporter) -> (artifact id: 'b0d2d9d9460d7418a70e9c47812d36bf') in 0.0206167 seconds
Number of updated asset objects reloaded before import = 0Number of asset objects unloaded after import = 8

========================================================================
Received Import Request.
  Time since last request: 0.000017 seconds.
  path: Assets/Flooded_Grounds/Prefabs/Buildings/BrickHouse/BrickHouse_Deco_IntColumn_A.prefab
  artifactKey: Guid(91aa488086ba1864bac8975b7b13487b) Importer(2089858483,b0f066a214c2f5e87bad3c948f4d605d)
Start importing Assets/Flooded_Grounds/Prefabs/Buildings/BrickHouse/BrickHouse_Deco_IntColumn_A.prefab using Guid(91aa488086ba1864bac8975b7b13487b) Importer(2089858483,b0f066a214c2f5e87bad3c948f4d605d) (ScriptedImporter) -> (artifact id: 'a944cd3f1ffd836d270971ae794ed75e') in 0.0090601 seconds
Number of updated asset objects reloaded before import = 0Number of asset objects unloaded after import = 9

========================================================================
Received Import Request.
  Time since last request: 0.000020 seconds.
  path: Assets/Flooded_Grounds/Prefabs/Buildings/Cabins/Cabin1.prefab
  artifactKey: Guid(872b20cc32c99e94d8ecb02c49606f59) Importer(2089858483,b0f066a214c2f5e87bad3c948f4d605d)
Start importing Assets/Flooded_Grounds/Prefabs/Buildings/Cabins/Cabin1.prefab using Guid(872b20cc32c99e94d8ecb02c49606f59) Importer(2089858483,b0f066a214c2f5e87bad3c948f4d605d) (ScriptedImporter) -> (artifact id: '9a8b3d49455e31623ce7e5def62e745f') in 0.0095571 seconds
Number of updated asset objects reloaded before import = 0Number of asset objects unloaded after import = 9

========================================================================
Received Import Request.
  Time since last request: 0.000024 seconds.
  path: Assets/Flooded_Grounds/Scenes/Postprocess_FloodedGrounds.asset
  artifactKey: Guid(29ac70c6bc481c64fb76807cbc16dc82) Importer(2089858483,b0f066a214c2f5e87bad3c948f4d605d)
Start importing Assets/Flooded_Grounds/Scenes/Postprocess_FloodedGrounds.asset using Guid(29ac70c6bc481c64fb76807cbc16dc82) Importer(2089858483,b0f066a214c2f5e87bad3c948f4d605d) (ScriptedImporter) -> (artifact id: '0ddda134f837682d751ce23c895bb0fc') in 0.0157705 seconds
Number of updated asset objects reloaded before import = 0Number of asset objects unloaded after import = 1

========================================================================
Received Import Request.
  Time since last request: 0.000021 seconds.
  path: Assets/Flooded_Grounds/Prefabs/Props/Prop_Chair_A.prefab
  artifactKey: Guid(ab34233292d193c47948f094a12fc6c7) Importer(2089858483,b0f066a214c2f5e87bad3c948f4d605d)
Start importing Assets/Flooded_Grounds/Prefabs/Props/Prop_Chair_A.prefab using Guid(ab34233292d193c47948f094a12fc6c7) Importer(2089858483,b0f066a214c2f5e87bad3c948f4d605d) (ScriptedImporter) -> (artifact id: 'a357eba02bb2768102799ba42da54315') in 0.0089788 seconds
Number of updated asset objects reloaded before import = 0Number of asset objects unloaded after import = 17

========================================================================
Received Import Request.
  Time since last request: 0.000016 seconds.
  path: Assets/Flooded_Grounds/Prefabs/Buildings/Structures1/Struct_ExtStairs_B.prefab
  artifactKey: Guid(4a1c69b90f1bb304a928f19ce913cecc) Importer(2089858483,b0f066a214c2f5e87bad3c948f4d605d)
Start importing Assets/Flooded_Grounds/Prefabs/Buildings/Structures1/Struct_ExtStairs_B.prefab using Guid(4a1c69b90f1bb304a928f19ce913cecc) Importer(2089858483,b0f066a214c2f5e87bad3c948f4d605d) (ScriptedImporter) -> (artifact id: '6c1654cc5b355c8815c08d56e6abf3e0') in 0.008231 seconds
Number of updated asset objects reloaded before import = 0Number of asset objects unloaded after import = 23

========================================================================
Received Import Request.
  Time since last request: 0.000024 seconds.
  path: Assets/Flooded_Grounds/Content/Materials/BLD_IndBuilding1_LOD.mat
  artifactKey: Guid(eb205ee712ebdad44846425da33e862d) Importer(2089858483,b0f066a214c2f5e87bad3c948f4d605d)
Start importing Assets/Flooded_Grounds/Content/Materials/BLD_IndBuilding1_LOD.mat using Guid(eb205ee712ebdad44846425da33e862d) Importer(2089858483,b0f066a214c2f5e87bad3c948f4d605d) (ScriptedImporter) -> (artifact id: '6174538394d5da2ee5ae890d129078f0') in 0.0135348 seconds
Number of updated asset objects reloaded before import = 0Number of asset objects unloaded after import = 3

========================================================================
Received Import Request.
  Time since last request: 0.000029 seconds.
  path: Assets/Flooded_Grounds/Content/Animations/FlyingSaucer_Body_Ctrl.controller
  artifactKey: Guid(0146707624aa9ec40a92615d304dd1f0) Importer(2089858483,b0f066a214c2f5e87bad3c948f4d605d)
Start importing Assets/Flooded_Grounds/Content/Animations/FlyingSaucer_Body_Ctrl.controller using Guid(0146707624aa9ec40a92615d304dd1f0) Importer(2089858483,b0f066a214c2f5e87bad3c948f4d605d) (ScriptedImporter) -> (artifact id: '2ab3f16b5e2b2ba9baeca702a3244cd8') in 0.015495 seconds
Number of updated asset objects reloaded before import = 0Number of asset objects unloaded after import = 4

========================================================================
Received Import Request.
  Time since last request: 0.000022 seconds.
  path: Assets/Flooded_Grounds/Prefabs/Props/Prop_SmallTable_B.prefab
  artifactKey: Guid(de989d50c4fd676479d25b597fc65314) Importer(2089858483,b0f066a214c2f5e87bad3c948f4d605d)
Start importing Assets/Flooded_Grounds/Prefabs/Props/Prop_SmallTable_B.prefab using Guid(de989d50c4fd676479d25b597fc65314) Importer(2089858483,b0f066a214c2f5e87bad3c948f4d605d) (ScriptedImporter) -> (artifact id: 'b46bcbbebc6462579452dec6b2737164') in 0.0073022 seconds
Number of updated asset objects reloaded before import = 0Number of asset objects unloaded after import = 17

========================================================================
Received Import Request.
  Time since last request: 0.000016 seconds.
  path: Assets/Flooded_Grounds/Prefabs/Buildings/Villa2/Villa2_Deco_Column_Top_B.prefab
  artifactKey: Guid(38a7a7adba1d0aa49bb822e1054ae053) Importer(2089858483,b0f066a214c2f5e87bad3c948f4d605d)
Start importing Assets/Flooded_Grounds/Prefabs/Buildings/Villa2/Villa2_Deco_Column_Top_B.prefab using Guid(38a7a7adba1d0aa49bb822e1054ae053) Importer(2089858483,b0f066a214c2f5e87bad3c948f4d605d) (ScriptedImporter) -> (artifact id: '74117dab9d9dccf5c815b8cc96aab8f7') in 0.009643 seconds
Number of updated asset objects reloaded before import = 0Number of asset objects unloaded after import = 9

========================================================================
Received Import Request.
  Time since last request: 0.000022 seconds.
  path: Assets/Flooded_Grounds/Prefabs/Buildings/Villa1/Villa1_Floor_Mid_A.prefab
  artifactKey: Guid(1893b7edd0ad11b4e9f6f17eeb9455b6) Importer(2089858483,b0f066a214c2f5e87bad3c948f4d605d)
Start importing Assets/Flooded_Grounds/Prefabs/Buildings/Villa1/Villa1_Floor_Mid_A.prefab using Guid(1893b7edd0ad11b4e9f6f17eeb9455b6) Importer(2089858483,b0f066a214c2f5e87bad3c948f4d605d) (ScriptedImporter) -> (artifact id: '1b178aa219d9a74da915c5f5bfe8d41f') in 0.0113946 seconds
Number of updated asset objects reloaded before import = 0Number of asset objects unloaded after import = 9

========================================================================
Received Import Request.
  Time since last request: 0.000024 seconds.
  path: Assets/Flooded_Grounds/Prefabs/Buildings/IndBuilding1/IndBuilding1_Floor_Mid_A.prefab
  artifactKey: Guid(812c9b36537fa8146bed44183a36cf7a) Importer(2089858483,b0f066a214c2f5e87bad3c948f4d605d)
Start importing Assets/Flooded_Grounds/Prefabs/Buildings/IndBuilding1/IndBuilding1_Floor_Mid_A.prefab using Guid(812c9b36537fa8146bed44183a36cf7a) Importer(2089858483,b0f066a214c2f5e87bad3c948f4d605d) (ScriptedImporter) -> (artifact id: 'dd37825f563439a7978d2f2c523a71c3') in 0.0089426 seconds
Number of updated asset objects reloaded before import = 0Number of asset objects unloaded after import = 9

========================================================================
Received Import Request.
  Time since last request: 0.000021 seconds.
  path: Assets/Flooded_Grounds/Prefabs/Buildings/Villa2/Villa2_Deco_Column_Base_A.prefab
  artifactKey: Guid(afdad0efc675a5f4a88b20acb7b88dd5) Importer(2089858483,b0f066a214c2f5e87bad3c948f4d605d)
Start importing Assets/Flooded_Grounds/Prefabs/Buildings/Villa2/Villa2_Deco_Column_Base_A.prefab using Guid(afdad0efc675a5f4a88b20acb7b88dd5) Importer(2089858483,b0f066a214c2f5e87bad3c948f4d605d) (ScriptedImporter) -> (artifact id: '4dc2d52ed56ea787010c8bc96dfb8e16') in 0.0111684 seconds
Number of updated asset objects reloaded before import = 0Number of asset objects unloaded after import = 9

========================================================================
Received Import Request.
  Time since last request: 0.000023 seconds.
  path: Assets/Flooded_Grounds/Prefabs/Buildings/Villa1/Villa1_Deco_Column_Top_A.prefab
  artifactKey: Guid(201c750a85d617249b8405c7d042da15) Importer(2089858483,b0f066a214c2f5e87bad3c948f4d605d)
Start importing Assets/Flooded_Grounds/Prefabs/Buildings/Villa1/Villa1_Deco_Column_Top_A.prefab using Guid(201c750a85d617249b8405c7d042da15) Importer(2089858483,b0f066a214c2f5e87bad3c948f4d605d) (ScriptedImporter) -> (artifact id: '96a7b59ff2dc43a1af5fa3430916ba47') in 0.0093821 seconds
Number of updated asset objects reloaded before import = 0Number of asset objects unloaded after import = 9

========================================================================
Received Import Request.
  Time since last request: 0.000033 seconds.
  path: Assets/Flooded_Grounds/Prefabs/Buildings/Bridge/BLD_Bridge_B.prefab
  artifactKey: Guid(6f60540659e8d0040aaae31620c1ac44) Importer(2089858483,b0f066a214c2f5e87bad3c948f4d605d)
Start importing Assets/Flooded_Grounds/Prefabs/Buildings/Bridge/BLD_Bridge_B.prefab using Guid(6f60540659e8d0040aaae31620c1ac44) Importer(2089858483,b0f066a214c2f5e87bad3c948f4d605d) (ScriptedImporter) -> (artifact id: 'ab83f4f8d236cfb6e5209f21813511c6') in 0.0116628 seconds
Number of updated asset objects reloaded before import = 0Number of asset objects unloaded after import = 23

========================================================================
Received Import Request.
  Time since last request: 0.000019 seconds.
  path: Assets/Flooded_Grounds/Prefabs/Backgrounds/BGR_Factory_B.prefab
  artifactKey: Guid(6af6d0b9ef2bca54cb04f979d921648d) Importer(2089858483,b0f066a214c2f5e87bad3c948f4d605d)
Start importing Assets/Flooded_Grounds/Prefabs/Backgrounds/BGR_Factory_B.prefab using Guid(6af6d0b9ef2bca54cb04f979d921648d) Importer(2089858483,b0f066a214c2f5e87bad3c948f4d605d) (ScriptedImporter) -> (artifact id: 'e4ef6dc81d445e86300a3ef23b694214') in 0.0091431 seconds
Number of updated asset objects reloaded before import = 0Number of asset objects unloaded after import = 8

========================================================================
Received Import Request.
  Time since last request: 0.000022 seconds.
  path: Assets/Flooded_Grounds/Prefabs/Buildings/Churches/Church1_Mid_A.prefab
  artifactKey: Guid(5700c2dc6724c3a4fb462b0001e31742) Importer(2089858483,b0f066a214c2f5e87bad3c948f4d605d)
Start importing Assets/Flooded_Grounds/Prefabs/Buildings/Churches/Church1_Mid_A.prefab using Guid(5700c2dc6724c3a4fb462b0001e31742) Importer(2089858483,b0f066a214c2f5e87bad3c948f4d605d) (ScriptedImporter) -> (artifact id: 'bbc04876e6b0c53410f84dc55311eb13') in 0.0100074 seconds
Number of updated asset objects reloaded before import = 0Number of asset objects unloaded after import = 9

========================================================================
Received Import Request.
  Time since last request: 0.000022 seconds.
  path: Assets/Flooded_Grounds/Prefabs/Buildings/Cabins/Cabin2_End1.prefab
  artifactKey: Guid(3fd2fe4dce6b88f4e9f2fc1dcd085960) Importer(2089858483,b0f066a214c2f5e87bad3c948f4d605d)
Start importing Assets/Flooded_Grounds/Prefabs/Buildings/Cabins/Cabin2_End1.prefab using Guid(3fd2fe4dce6b88f4e9f2fc1dcd085960) Importer(2089858483,b0f066a214c2f5e87bad3c948f4d605d) (ScriptedImporter) -> (artifact id: '734cfb551eaed1c32179c9d1837f00b3') in 0.0114932 seconds
Number of updated asset objects reloaded before import = 0Number of asset objects unloaded after import = 9

========================================================================
Received Import Request.
  Time since last request: 0.000022 seconds.
  path: Assets/Flooded_Grounds/Prefabs/Props/Prop_Clock_A.prefab
  artifactKey: Guid(1e627c2e1810cde4897b566ba90fd986) Importer(2089858483,b0f066a214c2f5e87bad3c948f4d605d)
Start importing Assets/Flooded_Grounds/Prefabs/Props/Prop_Clock_A.prefab using Guid(1e627c2e1810cde4897b566ba90fd986) Importer(2089858483,b0f066a214c2f5e87bad3c948f4d605d) (ScriptedImporter) -> (artifact id: '5c0daaf37c61be8e3855ea77e92a52e8') in 0.0104212 seconds
Number of updated asset objects reloaded before import = 0Number of asset objects unloaded after import = 17

========================================================================
Received Import Request.
  Time since last request: 0.000021 seconds.
  path: Assets/Flooded_Grounds/Content/Materials/PROP_Gravestones1.mat
  artifactKey: Guid(e6f5834528a499646b75d68c40b11659) Importer(2089858483,b0f066a214c2f5e87bad3c948f4d605d)
Start importing Assets/Flooded_Grounds/Content/Materials/PROP_Gravestones1.mat using Guid(e6f5834528a499646b75d68c40b11659) Importer(2089858483,b0f066a214c2f5e87bad3c948f4d605d) (ScriptedImporter) -> (artifact id: '154208990db9f69ad0cf7595133c2f3f') in 0.0198314 seconds
Number of updated asset objects reloaded before import = 0Number of asset objects unloaded after import = 7

========================================================================
Received Import Request.
  Time since last request: 0.000023 seconds.
  path: Assets/Flooded_Grounds/Prefabs/Buildings/IndBuilding1/IndBuilding1_Top_Cor_A.prefab
  artifactKey: Guid(99595bd0d03112b4480b3101e8806de5) Importer(2089858483,b0f066a214c2f5e87bad3c948f4d605d)
Start importing Assets/Flooded_Grounds/Prefabs/Buildings/IndBuilding1/IndBuilding1_Top_Cor_A.prefab using Guid(99595bd0d03112b4480b3101e8806de5) Importer(2089858483,b0f066a214c2f5e87bad3c948f4d605d) (ScriptedImporter) -> (artifact id: 'cdf496a841806f66ceaa65cdcab74200') in 0.0095047 seconds
Number of updated asset objects reloaded before import = 0Number of asset objects unloaded after import = 9

========================================================================
Received Import Request.
  Time since last request: 0.000025 seconds.
  path: Assets/Flooded_Grounds/Prefabs/Buildings/GreenHouse/GreenHouse1_End_A.prefab
  artifactKey: Guid(d18477f28fb30864d83758989554e271) Importer(2089858483,b0f066a214c2f5e87bad3c948f4d605d)
Start importing Assets/Flooded_Grounds/Prefabs/Buildings/GreenHouse/GreenHouse1_End_A.prefab using Guid(d18477f28fb30864d83758989554e271) Importer(2089858483,b0f066a214c2f5e87bad3c948f4d605d) (ScriptedImporter) -> (artifact id: 'a07489509f7a180e2692b26ce5d68381') in 0.0106912 seconds
Number of updated asset objects reloaded before import = 0Number of asset objects unloaded after import = 9

========================================================================
Received Import Request.
  Time since last request: 0.000025 seconds.
  path: Assets/Flooded_Grounds/Prefabs/Buildings/Churches/Church1_Base_Stairs_A.prefab
  artifactKey: Guid(2808d115c4ff0204e9ba7859b1ba3ec9) Importer(2089858483,b0f066a214c2f5e87bad3c948f4d605d)
Start importing Assets/Flooded_Grounds/Prefabs/Buildings/Churches/Church1_Base_Stairs_A.prefab using Guid(2808d115c4ff0204e9ba7859b1ba3ec9) Importer(2089858483,b0f066a214c2f5e87bad3c948f4d605d) (ScriptedImporter) -> (artifact id: '2512f51b4c89a8f3a56ec276eb7d7050') in 0.0103032 seconds
Number of updated asset objects reloaded before import = 0Number of asset objects unloaded after import = 9

========================================================================
Received Import Request.
  Time since last request: 0.000023 seconds.
  path: Assets/Flooded_Grounds/Prefabs/Sounds/3D_DeepRattle.prefab
  artifactKey: Guid(f4da384b50a3b8f42b5b5315740afb00) Importer(2089858483,b0f066a214c2f5e87bad3c948f4d605d)
Start importing Assets/Flooded_Grounds/Prefabs/Sounds/3D_DeepRattle.prefab using Guid(f4da384b50a3b8f42b5b5315740afb00) Importer(2089858483,b0f066a214c2f5e87bad3c948f4d605d) (ScriptedImporter) -> (artifact id: '889ab368c65612a03f66e3eba88c2580') in 0.0232104 seconds
Number of updated asset objects reloaded before import = 0Number of asset objects unloaded after import = 6

========================================================================
Received Import Request.
  Time since last request: 0.000019 seconds.
  path: Assets/Flooded_Grounds/Prefabs/Buildings/Churches/Church1_Deco_Column_A.prefab
  artifactKey: Guid(f8515ca20eba062499108c590879972d) Importer(2089858483,b0f066a214c2f5e87bad3c948f4d605d)
Start importing Assets/Flooded_Grounds/Prefabs/Buildings/Churches/Church1_Deco_Column_A.prefab using Guid(f8515ca20eba062499108c590879972d) Importer(2089858483,b0f066a214c2f5e87bad3c948f4d605d) (ScriptedImporter) -> (artifact id: '4a344539551a5aa8c186d11e66fcfee0') in 0.01125 seconds
Number of updated asset objects reloaded before import = 0Number of asset objects unloaded after import = 9

========================================================================
Received Import Request.
  Time since last request: 0.000022 seconds.
  path: Assets/Flooded_Grounds/PostProcessing/Editor/PropertyDrawers/MinDrawer.cs
  artifactKey: Guid(8995f52f410f0fb4cb1bdaa71a16e04e) Importer(2089858483,b0f066a214c2f5e87bad3c948f4d605d)
Start importing Assets/Flooded_Grounds/PostProcessing/Editor/PropertyDrawers/MinDrawer.cs using Guid(8995f52f410f0fb4cb1bdaa71a16e04e) Importer(2089858483,b0f066a214c2f5e87bad3c948f4d605d) (ScriptedImporter) -> (artifact id: '2337872c5cf1a8fcd4f4190a98d8b0b7') in 0.0098859 seconds
Number of updated asset objects reloaded before import = 0Number of asset objects unloaded after import = 0

========================================================================
Received Import Request.
  Time since last request: 0.000023 seconds.
  path: Assets/Flooded_Grounds/Prefabs/Buildings/Villa1/Villa1_Deco_Handrail1_Cor_A.prefab
  artifactKey: Guid(5231b1ce9b6dd08469350cd29d28d50d) Importer(2089858483,b0f066a214c2f5e87bad3c948f4d605d)
Start importing Assets/Flooded_Grounds/Prefabs/Buildings/Villa1/Villa1_Deco_Handrail1_Cor_A.prefab using Guid(5231b1ce9b6dd08469350cd29d28d50d) Importer(2089858483,b0f066a214c2f5e87bad3c948f4d605d) (ScriptedImporter) -> (artifact id: '17f83de10331a99501030ae9bd6c8a9c') in 0.0137266 seconds
Number of updated asset objects reloaded before import = 0Number of asset objects unloaded after import = 10

========================================================================
Received Import Request.
  Time since last request: 0.000030 seconds.
  path: Assets/Flooded_Grounds/Prefabs/Props/Prop_FlyingSaucer.prefab
  artifactKey: Guid(6a5be503323d68540adb3b1e037dfd48) Importer(2089858483,b0f066a214c2f5e87bad3c948f4d605d)
Start importing Assets/Flooded_Grounds/Prefabs/Props/Prop_FlyingSaucer.prefab using Guid(6a5be503323d68540adb3b1e037dfd48) Importer(2089858483,b0f066a214c2f5e87bad3c948f4d605d) (ScriptedImporter) -> (artifact id: '12e793c97ab3dfe307a8fe3b687d52f8') in 0.011754 seconds
Number of updated asset objects reloaded before import = 0Number of asset objects unloaded after import = 8

========================================================================
Received Import Request.
  Time since last request: 0.000022 seconds.
  path: Assets/Flooded_Grounds/Prefabs/Buildings/BrickHouse/BrickHouse_Deco_WindowGlass_A.prefab
  artifactKey: Guid(7e9dc500b042d594f976c40103e5aa08) Importer(2089858483,b0f066a214c2f5e87bad3c948f4d605d)
Start importing Assets/Flooded_Grounds/Prefabs/Buildings/BrickHouse/BrickHouse_Deco_WindowGlass_A.prefab using Guid(7e9dc500b042d594f976c40103e5aa08) Importer(2089858483,b0f066a214c2f5e87bad3c948f4d605d) (ScriptedImporter) -> (artifact id: 'ce97c85a98008e0e6c591d4327d0b995') in 0.0099879 seconds
Number of updated asset objects reloaded before import = 0Number of asset objects unloaded after import = 8

========================================================================
Received Import Request.
  Time since last request: 0.000022 seconds.
  path: Assets/Flooded_Grounds/Prefabs/Buildings/Barns/Barn2_Mid_A.prefab
  artifactKey: Guid(bbf238cb04c5df440a0c498ad01f08e2) Importer(2089858483,b0f066a214c2f5e87bad3c948f4d605d)
Start importing Assets/Flooded_Grounds/Prefabs/Buildings/Barns/Barn2_Mid_A.prefab using Guid(bbf238cb04c5df440a0c498ad01f08e2) Importer(2089858483,b0f066a214c2f5e87bad3c948f4d605d) (ScriptedImporter) -> (artifact id: '473d075d84520685fc5a6078e3329c82') in 0.01 seconds
Number of updated asset objects reloaded before import = 0Number of asset objects unloaded after import = 10

========================================================================
Received Import Request.
  Time since last request: 12.817801 seconds.
  path: Assets/Flooded_Grounds/Content/Trees/SrcMaterials/Branch1.mat
  artifactKey: Guid(e2b1787858919764498bf5efb8d00efe) Importer(2089858483,b0f066a214c2f5e87bad3c948f4d605d)
Start importing Assets/Flooded_Grounds/Content/Trees/SrcMaterials/Branch1.mat using Guid(e2b1787858919764498bf5efb8d00efe) Importer(2089858483,b0f066a214c2f5e87bad3c948f4d605d) (ScriptedImporter) -> (artifact id: '88f043f49823b7ad85139ff69165547e') in 0.0115021 seconds
Number of updated asset objects reloaded before import = 0Number of asset objects unloaded after import = 3

========================================================================
Received Import Request.
  Time since last request: 0.000020 seconds.
  path: Assets/Flooded_Grounds/Content/Trees/SrcMaterials/Branch2.mat
  artifactKey: Guid(ec838c9a6cdda7c439048c5b259d7707) Importer(2089858483,b0f066a214c2f5e87bad3c948f4d605d)
Start importing Assets/Flooded_Grounds/Content/Trees/SrcMaterials/Branch2.mat using Guid(ec838c9a6cdda7c439048c5b259d7707) Importer(2089858483,b0f066a214c2f5e87bad3c948f4d605d) (ScriptedImporter) -> (artifact id: 'dcb54e54fe406ad05996cf8d10dc87d6') in 0.0103331 seconds
Number of updated asset objects reloaded before import = 0Number of asset objects unloaded after import = 3

========================================================================
Received Import Request.
  Time since last request: 0.000023 seconds.
  path: Assets/Flooded_Grounds/Prefabs/Nature/Grass/Grass_Tall_A.prefab
  artifactKey: Guid(303e052397d101d4593b4a0653331030) Importer(2089858483,b0f066a214c2f5e87bad3c948f4d605d)
Start importing Assets/Flooded_Grounds/Prefabs/Nature/Grass/Grass_Tall_A.prefab using Guid(303e052397d101d4593b4a0653331030) Importer(2089858483,b0f066a214c2f5e87bad3c948f4d605d) (ScriptedImporter) -> (artifact id: '18d52ce66ca9421c3fb9895516be80b7') in 0.0097657 seconds
Number of updated asset objects reloaded before import = 0Number of asset objects unloaded after import = 8

========================================================================
Received Import Request.
  Time since last request: 0.000027 seconds.
  path: Assets/Flooded_Grounds/Content/Materials/BLD_Doors1.mat
  artifactKey: Guid(7a8d6bb394f243445b9377162ba792a8) Importer(2089858483,b0f066a214c2f5e87bad3c948f4d605d)
Start importing Assets/Flooded_Grounds/Content/Materials/BLD_Doors1.mat using Guid(7a8d6bb394f243445b9377162ba792a8) Importer(2089858483,b0f066a214c2f5e87bad3c948f4d605d) (ScriptedImporter) -> (artifact id: '43710996edf832cb6ab4366391671bef') in 0.0184047 seconds
Number of updated asset objects reloaded before import = 0Number of asset objects unloaded after import = 6

========================================================================
Received Import Request.
  Time since last request: 0.000014 seconds.
  path: Assets/Flooded_Grounds/Prefabs/Backgrounds/BGR_Pipe_A.prefab
  artifactKey: Guid(babcc1aaacfd18a43aa346a87c9002f0) Importer(2089858483,b0f066a214c2f5e87bad3c948f4d605d)
Start importing Assets/Flooded_Grounds/Prefabs/Backgrounds/BGR_Pipe_A.prefab using Guid(babcc1aaacfd18a43aa346a87c9002f0) Importer(2089858483,b0f066a214c2f5e87bad3c948f4d605d) (ScriptedImporter) -> (artifact id: 'a9ee812a4cbc8fbf7a90bfa954c30773') in 0.0094529 seconds
Number of updated asset objects reloaded before import = 0Number of asset objects unloaded after import = 8

========================================================================
Received Import Request.
  Time since last request: 0.000020 seconds.
  path: Assets/Flooded_Grounds/Prefabs/Buildings/IndBuilding1/IndBuilding1_Base_Stairs.prefab
  artifactKey: Guid(844d555ff5b93b246b2e27f48bc4732f) Importer(2089858483,b0f066a214c2f5e87bad3c948f4d605d)
Start importing Assets/Flooded_Grounds/Prefabs/Buildings/IndBuilding1/IndBuilding1_Base_Stairs.prefab using Guid(844d555ff5b93b246b2e27f48bc4732f) Importer(2089858483,b0f066a214c2f5e87bad3c948f4d605d) (ScriptedImporter) -> (artifact id: '0a32c7122101c0d06620b3b3cba16758') in 0.0097333 seconds
Number of updated asset objects reloaded before import = 0Number of asset objects unloaded after import = 9

========================================================================
Received Import Request.
  Time since last request: 0.000019 seconds.
  path: Assets/Flooded_Grounds/Content/Materials/BLD_Bridge1.mat
  artifactKey: Guid(5a13720bee0f5804d91f33010ed31391) Importer(2089858483,b0f066a214c2f5e87bad3c948f4d605d)
Start importing Assets/Flooded_Grounds/Content/Materials/BLD_Bridge1.mat using Guid(5a13720bee0f5804d91f33010ed31391) Importer(2089858483,b0f066a214c2f5e87bad3c948f4d605d) (ScriptedImporter) -> (artifact id: '969623e2cabb9c07ee2b158e628882e9') in 0.0216853 seconds
Number of updated asset objects reloaded before import = 0Number of asset objects unloaded after import = 9

========================================================================
Received Import Request.
  Time since last request: 0.000018 seconds.
  path: Assets/Flooded_Grounds/Prefabs/Buildings/Structures1/Struct_Fence1_Gate_B.prefab
  artifactKey: Guid(4b8bfd825ef8db444b6bb8add0914c2c) Importer(2089858483,b0f066a214c2f5e87bad3c948f4d605d)
Start importing Assets/Flooded_Grounds/Prefabs/Buildings/Structures1/Struct_Fence1_Gate_B.prefab using Guid(4b8bfd825ef8db444b6bb8add0914c2c) Importer(2089858483,b0f066a214c2f5e87bad3c948f4d605d) (ScriptedImporter) -> (artifact id: '0d06b3c9c59c96a6e5bf18b96cfcfc32') in 0.0093153 seconds
Number of updated asset objects reloaded before import = 0Number of asset objects unloaded after import = 23

========================================================================
Received Import Request.
  Time since last request: 0.000021 seconds.
  path: Assets/Flooded_Grounds/Prefabs/Buildings/Structures1/Pavement2_Mid_A.prefab
  artifactKey: Guid(688b081210a779845bda66a0015f75ab) Importer(2089858483,b0f066a214c2f5e87bad3c948f4d605d)
Start importing Assets/Flooded_Grounds/Prefabs/Buildings/Structures1/Pavement2_Mid_A.prefab using Guid(688b081210a779845bda66a0015f75ab) Importer(2089858483,b0f066a214c2f5e87bad3c948f4d605d) (ScriptedImporter) -> (artifact id: 'da95ea852743999528482b584d6a4484') in 0.0093915 seconds
Number of updated asset objects reloaded before import = 0Number of asset objects unloaded after import = 9

========================================================================
Received Import Request.
  Time since last request: 0.000019 seconds.
  path: Assets/Flooded_Grounds/Prefabs/Props/Prop_Painting_D.prefab
  artifactKey: Guid(00941ab5dd3500748ac6e339132b3596) Importer(2089858483,b0f066a214c2f5e87bad3c948f4d605d)
Start importing Assets/Flooded_Grounds/Prefabs/Props/Prop_Painting_D.prefab using Guid(00941ab5dd3500748ac6e339132b3596) Importer(2089858483,b0f066a214c2f5e87bad3c948f4d605d) (ScriptedImporter) -> (artifact id: '6d08c39acade4c351ebfee69df2878e0') in 0.0095892 seconds
Number of updated asset objects reloaded before import = 0Number of asset objects unloaded after import = 8

========================================================================
Received Import Request.
  Time since last request: 0.000031 seconds.
  path: Assets/Flooded_Grounds/Prefabs/Buildings/IndBuilding2/IndBuilding2_Deco_WindowGlass_A.prefab
  artifactKey: Guid(02a0e42f36bf76d4c946b93fc70c3cee) Importer(2089858483,b0f066a214c2f5e87bad3c948f4d605d)
Start importing Assets/Flooded_Grounds/Prefabs/Buildings/IndBuilding2/IndBuilding2_Deco_WindowGlass_A.prefab using Guid(02a0e42f36bf76d4c946b93fc70c3cee) Importer(2089858483,b0f066a214c2f5e87bad3c948f4d605d) (ScriptedImporter) -> (artifact id: '7372b914a3ad10e3ac318cae98bdcd96') in 0.0091499 seconds
Number of updated asset objects reloaded before import = 0Number of asset objects unloaded after import = 8

========================================================================
Received Import Request.
  Time since last request: 0.000021 seconds.
  path: Assets/Flooded_Grounds/Content/Trees/SrcMeshes/Materials/No Name.mat
  artifactKey: Guid(9b287fc6ac746294ab90a1dd4ec5e9d9) Importer(2089858483,b0f066a214c2f5e87bad3c948f4d605d)
Start importing Assets/Flooded_Grounds/Content/Trees/SrcMeshes/Materials/No Name.mat using Guid(9b287fc6ac746294ab90a1dd4ec5e9d9) Importer(2089858483,b0f066a214c2f5e87bad3c948f4d605d) (ScriptedImporter) -> (artifact id: '521140131647f4ed073b176606912f13') in 0.009282 seconds
Number of updated asset objects reloaded before import = 0Number of asset objects unloaded after import = 1

========================================================================
Received Import Request.
  Time since last request: 0.000018 seconds.
  path: Assets/Flooded_Grounds/Prefabs/Buildings/Structures1/Struct_Fence2_Mid_A_DM.prefab
  artifactKey: Guid(c1f58f0ed2ff6124d8a34bc65d503041) Importer(2089858483,b0f066a214c2f5e87bad3c948f4d605d)
Start importing Assets/Flooded_Grounds/Prefabs/Buildings/Structures1/Struct_Fence2_Mid_A_DM.prefab using Guid(c1f58f0ed2ff6124d8a34bc65d503041) Importer(2089858483,b0f066a214c2f5e87bad3c948f4d605d) (ScriptedImporter) -> (artifact id: 'ed955a5d916485e32f6cd2e60331fd4b') in 0.0098193 seconds
Number of updated asset objects reloaded before import = 0Number of asset objects unloaded after import = 9

========================================================================
Received Import Request.
  Time since last request: 0.000019 seconds.
  path: Assets/Flooded_Grounds/Prefabs/Buildings/Cabins/Cabin1_Door_A.prefab
  artifactKey: Guid(bbe3e65d308bf7b4bba358ca68dac3f9) Importer(2089858483,b0f066a214c2f5e87bad3c948f4d605d)
Start importing Assets/Flooded_Grounds/Prefabs/Buildings/Cabins/Cabin1_Door_A.prefab using Guid(bbe3e65d308bf7b4bba358ca68dac3f9) Importer(2089858483,b0f066a214c2f5e87bad3c948f4d605d) (ScriptedImporter) -> (artifact id: 'f29383c304f63e20dbd743cfd5f36045') in 0.0087906 seconds
Number of updated asset objects reloaded before import = 0Number of asset objects unloaded after import = 9

========================================================================
Received Import Request.
  Time since last request: 0.000020 seconds.
  path: Assets/Flooded_Grounds/Prefabs/Buildings/IndBuilding2/IndBuilding2_End_B.prefab
  artifactKey: Guid(842d775d6e152ef498552214c932285f) Importer(2089858483,b0f066a214c2f5e87bad3c948f4d605d)
Start importing Assets/Flooded_Grounds/Prefabs/Buildings/IndBuilding2/IndBuilding2_End_B.prefab using Guid(842d775d6e152ef498552214c932285f) Importer(2089858483,b0f066a214c2f5e87bad3c948f4d605d) (ScriptedImporter) -> (artifact id: '55bcbc48b4a4274c84e2a37496315d6d') in 0.0117482 seconds
Number of updated asset objects reloaded before import = 0Number of asset objects unloaded after import = 10

========================================================================
Received Import Request.
  Time since last request: 0.000019 seconds.
  path: Assets/Flooded_Grounds/Prefabs/Buildings/IndBuilding1/IndBuilding1_Deco_IntColumn_Mid.prefab
  artifactKey: Guid(dc203fb0cc8d7e34c8a64e7cba631d02) Importer(2089858483,b0f066a214c2f5e87bad3c948f4d605d)
Start importing Assets/Flooded_Grounds/Prefabs/Buildings/IndBuilding1/IndBuilding1_Deco_IntColumn_Mid.prefab using Guid(dc203fb0cc8d7e34c8a64e7cba631d02) Importer(2089858483,b0f066a214c2f5e87bad3c948f4d605d) (ScriptedImporter) -> (artifact id: '23edb6ca9cdc0bdc7f2f2fe92028a3b1') in 0.008914 seconds
Number of updated asset objects reloaded before import = 0Number of asset objects unloaded after import = 9

========================================================================
Received Import Request.
  Time since last request: 0.000020 seconds.
  path: Assets/Flooded_Grounds/Scenes/PreAsembeld_BuildingsSettings.lighting
  artifactKey: Guid(7d4192254d021634aae8f433bdff471c) Importer(2089858483,b0f066a214c2f5e87bad3c948f4d605d)
Start importing Assets/Flooded_Grounds/Scenes/PreAsembeld_BuildingsSettings.lighting using Guid(7d4192254d021634aae8f433bdff471c) Importer(2089858483,b0f066a214c2f5e87bad3c948f4d605d) (ScriptedImporter)LightingSettings: switching bake backend from 2 to 1.
 -> (artifact id: '81efb5a3578f8f559e6d0742b74e8ef8') in 0.0169716 seconds
Number of updated asset objects reloaded before import = 0Number of asset objects unloaded after import = 1

========================================================================
Received Import Request.
  Time since last request: 0.000027 seconds.
  path: Assets/Flooded_Grounds/Prefabs/Buildings/Villa2/Villa2_Roof_Mid_A_4x.prefab
  artifactKey: Guid(cf4f5e6cd5a9c7549aa7c76b3d4e742f) Importer(2089858483,b0f066a214c2f5e87bad3c948f4d605d)
Start importing Assets/Flooded_Grounds/Prefabs/Buildings/Villa2/Villa2_Roof_Mid_A_4x.prefab using Guid(cf4f5e6cd5a9c7549aa7c76b3d4e742f) Importer(2089858483,b0f066a214c2f5e87bad3c948f4d605d) (ScriptedImporter) -> (artifact id: '268f7354050948b0206b9ea7504bc27f') in 0.0089591 seconds
Number of updated asset objects reloaded before import = 0Number of asset objects unloaded after import = 9

========================================================================
Received Import Request.
  Time since last request: 0.000017 seconds.
  path: Assets/Flooded_Grounds/Prefabs/Buildings/IndBuilding1/IndBuilding1_Wall_Int_B.prefab
  artifactKey: Guid(49b7895d0e133d24ca6c78d4ea46be33) Importer(2089858483,b0f066a214c2f5e87bad3c948f4d605d)
Start importing Assets/Flooded_Grounds/Prefabs/Buildings/IndBuilding1/IndBuilding1_Wall_Int_B.prefab using Guid(49b7895d0e133d24ca6c78d4ea46be33) Importer(2089858483,b0f066a214c2f5e87bad3c948f4d605d) (ScriptedImporter) -> (artifact id: 'cbe754d52f5a5bedc950ea649813eacf') in 0.0099094 seconds
Number of updated asset objects reloaded before import = 0Number of asset objects unloaded after import = 9

========================================================================
Received Import Request.
  Time since last request: 0.000018 seconds.
  path: Assets/Flooded_Grounds/Prefabs/Props/Prop_LargeTable_A.prefab
  artifactKey: Guid(a11e981b37ff86749a7a41b2999e3199) Importer(2089858483,b0f066a214c2f5e87bad3c948f4d605d)
Start importing Assets/Flooded_Grounds/Prefabs/Props/Prop_LargeTable_A.prefab using Guid(a11e981b37ff86749a7a41b2999e3199) Importer(2089858483,b0f066a214c2f5e87bad3c948f4d605d) (ScriptedImporter) -> (artifact id: 'a95e4bb5cbaea090bc5cf2460432622a') in 0.0095965 seconds
Number of updated asset objects reloaded before import = 0Number of asset objects unloaded after import = 17

========================================================================
Received Import Request.
  Time since last request: 0.000018 seconds.
  path: Assets/Flooded_Grounds/Prefabs/Buildings/BrickHouse/BrickHouse_IntWall_C.prefab
  artifactKey: Guid(9e6595faa92cb044993f2ce0fedd7047) Importer(2089858483,b0f066a214c2f5e87bad3c948f4d605d)
Start importing Assets/Flooded_Grounds/Prefabs/Buildings/BrickHouse/BrickHouse_IntWall_C.prefab using Guid(9e6595faa92cb044993f2ce0fedd7047) Importer(2089858483,b0f066a214c2f5e87bad3c948f4d605d) (ScriptedImporter) -> (artifact id: '2a0576dbc2deba3eec503690949b0a11') in 0.0115976 seconds
Number of updated asset objects reloaded before import = 0Number of asset objects unloaded after import = 9

========================================================================
Received Import Request.
  Time since last request: 0.000019 seconds.
  path: Assets/Flooded_Grounds/Content/Materials/BLD_Rubble1.mat
  artifactKey: Guid(aa892dd8e16aef04697a0b7649944fd2) Importer(2089858483,b0f066a214c2f5e87bad3c948f4d605d)
Start importing Assets/Flooded_Grounds/Content/Materials/BLD_Rubble1.mat using Guid(aa892dd8e16aef04697a0b7649944fd2) Importer(2089858483,b0f066a214c2f5e87bad3c948f4d605d) (ScriptedImporter) -> (artifact id: '4d3e3ff8192419d0452338992e54b88b') in 0.0108474 seconds
Number of updated asset objects reloaded before import = 0Number of asset objects unloaded after import = 5

========================================================================
Received Import Request.
  Time since last request: 0.000018 seconds.
  path: Assets/Flooded_Grounds/Prefabs/Buildings/Villa1/Villa1_IntStairs_B.prefab
  artifactKey: Guid(f1f3a6b5d79f5d74c9c6fa29dc791dbb) Importer(2089858483,b0f066a214c2f5e87bad3c948f4d605d)
Start importing Assets/Flooded_Grounds/Prefabs/Buildings/Villa1/Villa1_IntStairs_B.prefab using Guid(f1f3a6b5d79f5d74c9c6fa29dc791dbb) Importer(2089858483,b0f066a214c2f5e87bad3c948f4d605d) (ScriptedImporter) -> (artifact id: 'c6cca2db26c51ec037bca61a14c708f8') in 0.010385 seconds
Number of updated asset objects reloaded before import = 0Number of asset objects unloaded after import = 10

========================================================================
Received Import Request.
  Time since last request: 0.000024 seconds.
  path: Assets/Flooded_Grounds/Prefabs/Buildings/Villa2/Villa2_IntStairs_A.prefab
  artifactKey: Guid(e21009e7dc5e8544c82d5fe2b089da33) Importer(2089858483,b0f066a214c2f5e87bad3c948f4d605d)
Start importing Assets/Flooded_Grounds/Prefabs/Buildings/Villa2/Villa2_IntStairs_A.prefab using Guid(e21009e7dc5e8544c82d5fe2b089da33) Importer(2089858483,b0f066a214c2f5e87bad3c948f4d605d) (ScriptedImporter) -> (artifact id: '1c80275796563d1bdf287ced923a2e28') in 0.0100121 seconds
Number of updated asset objects reloaded before import = 0Number of asset objects unloaded after import = 10

========================================================================
Received Import Request.
  Time since last request: 0.000023 seconds.
  path: Assets/Flooded_Grounds/Content/Materials/BLD_IndBuilding1.mat
  artifactKey: Guid(94ec8f2f1cb846640aa49d49eba59de3) Importer(2089858483,b0f066a214c2f5e87bad3c948f4d605d)
Start importing Assets/Flooded_Grounds/Content/Materials/BLD_IndBuilding1.mat using Guid(94ec8f2f1cb846640aa49d49eba59de3) Importer(2089858483,b0f066a214c2f5e87bad3c948f4d605d) (ScriptedImporter) -> (artifact id: '91e8642d70f5dc4bf95012ed9e4f53a7') in 0.0211562 seconds
Number of updated asset objects reloaded before import = 0Number of asset objects unloaded after import = 7

========================================================================
Received Import Request.
  Time since last request: 0.000023 seconds.
  path: Assets/Flooded_Grounds/Content/Materials/NAT_Bush1.mat
  artifactKey: Guid(d26ea6fcc09300042a18c16ba1ac7887) Importer(2089858483,b0f066a214c2f5e87bad3c948f4d605d)
Start importing Assets/Flooded_Grounds/Content/Materials/NAT_Bush1.mat using Guid(d26ea6fcc09300042a18c16ba1ac7887) Importer(2089858483,b0f066a214c2f5e87bad3c948f4d605d) (ScriptedImporter) -> (artifact id: '88f72d6a6ad2f4306eeb4e99aaf40e46') in 0.0099957 seconds
Number of updated asset objects reloaded before import = 0Number of asset objects unloaded after import = 3

========================================================================
Received Import Request.
  Time since last request: 0.000028 seconds.
  path: Assets/Flooded_Grounds/Prefabs/Buildings/Villa1/Villa1_Wall_Mid_B.prefab
  artifactKey: Guid(d36395ac826e6f04f94518e05e52b105) Importer(2089858483,b0f066a214c2f5e87bad3c948f4d605d)
Start importing Assets/Flooded_Grounds/Prefabs/Buildings/Villa1/Villa1_Wall_Mid_B.prefab using Guid(d36395ac826e6f04f94518e05e52b105) Importer(2089858483,b0f066a214c2f5e87bad3c948f4d605d) (ScriptedImporter) -> (artifact id: '47c79b923f5869e39d97be78638b71e4') in 0.0109582 seconds
Number of updated asset objects reloaded before import = 0Number of asset objects unloaded after import = 9

========================================================================
Received Import Request.
  Time since last request: 0.000018 seconds.
  path: Assets/Flooded_Grounds/Prefabs/Buildings/Barns/Barn2_End_B.prefab
  artifactKey: Guid(9503dd374b0a87e4b8739d2906cd3f6f) Importer(2089858483,b0f066a214c2f5e87bad3c948f4d605d)
Start importing Assets/Flooded_Grounds/Prefabs/Buildings/Barns/Barn2_End_B.prefab using Guid(9503dd374b0a87e4b8739d2906cd3f6f) Importer(2089858483,b0f066a214c2f5e87bad3c948f4d605d) (ScriptedImporter) -> (artifact id: '4ef02080539700a286d5fbb8a8b13f10') in 0.0092271 seconds
Number of updated asset objects reloaded before import = 0Number of asset objects unloaded after import = 10

========================================================================
Received Import Request.
  Time since last request: 0.000020 seconds.
  path: Assets/Flooded_Grounds/Prefabs/Nature/Grass/Grass_Med_C.prefab
  artifactKey: Guid(de006beaac36de64d9a2c3569ad1be67) Importer(2089858483,b0f066a214c2f5e87bad3c948f4d605d)
Start importing Assets/Flooded_Grounds/Prefabs/Nature/Grass/Grass_Med_C.prefab using Guid(de006beaac36de64d9a2c3569ad1be67) Importer(2089858483,b0f066a214c2f5e87bad3c948f4d605d) (ScriptedImporter) -> (artifact id: '50a1616bdb84424858262d360cddcfe9') in 0.0106552 seconds
Number of updated asset objects reloaded before import = 0Number of asset objects unloaded after import = 8

========================================================================
Received Import Request.
  Time since last request: 0.000024 seconds.
  path: Assets/Flooded_Grounds/Content/Materials/ATM_Leaf1.mat
  artifactKey: Guid(e049ee4d8606de040a720fb72ae1d9f2) Importer(2089858483,b0f066a214c2f5e87bad3c948f4d605d)
Start importing Assets/Flooded_Grounds/Content/Materials/ATM_Leaf1.mat using Guid(e049ee4d8606de040a720fb72ae1d9f2) Importer(2089858483,b0f066a214c2f5e87bad3c948f4d605d) (ScriptedImporter) -> (artifact id: '0ce4e62e60f2fc566dac58906e1a7e91') in 0.0075363 seconds
Number of updated asset objects reloaded before import = 0Number of asset objects unloaded after import = 2

========================================================================
Received Import Request.
  Time since last request: 0.000028 seconds.
  path: Assets/Flooded_Grounds/Prefabs/Buildings/BrickHouse/BrickHouse_Deco_Handrail_A.prefab
  artifactKey: Guid(6a8ddc2ca1fe3f642beafd6fdd154d77) Importer(2089858483,b0f066a214c2f5e87bad3c948f4d605d)
Start importing Assets/Flooded_Grounds/Prefabs/Buildings/BrickHouse/BrickHouse_Deco_Handrail_A.prefab using Guid(6a8ddc2ca1fe3f642beafd6fdd154d77) Importer(2089858483,b0f066a214c2f5e87bad3c948f4d605d) (ScriptedImporter) -> (artifact id: '1f51f827c4e48a1f748534ed6f2987a1') in 0.0104727 seconds
Number of updated asset objects reloaded before import = 0Number of asset objects unloaded after import = 9

========================================================================
Received Import Request.
  Time since last request: 0.000021 seconds.
  path: Assets/Flooded_Grounds/Prefabs/Props/Prop_Gravestone_B.prefab
  artifactKey: Guid(f36479c73ce938a4a946477482ce20ab) Importer(2089858483,b0f066a214c2f5e87bad3c948f4d605d)
Start importing Assets/Flooded_Grounds/Prefabs/Props/Prop_Gravestone_B.prefab using Guid(f36479c73ce938a4a946477482ce20ab) Importer(2089858483,b0f066a214c2f5e87bad3c948f4d605d) (ScriptedImporter) -> (artifact id: '7d7e44777db3b8f91a7dad1be1cd4870') in 0.0099538 seconds
Number of updated asset objects reloaded before import = 0Number of asset objects unloaded after import = 9

========================================================================
Received Import Request.
  Time since last request: 0.000019 seconds.
  path: Assets/Flooded_Grounds/Prefabs/Nature/Grass/Grass_Tall_B.prefab
  artifactKey: Guid(0afb191bb5d4e8c47b6fddcd5b8c8bea) Importer(2089858483,b0f066a214c2f5e87bad3c948f4d605d)
Start importing Assets/Flooded_Grounds/Prefabs/Nature/Grass/Grass_Tall_B.prefab using Guid(0afb191bb5d4e8c47b6fddcd5b8c8bea) Importer(2089858483,b0f066a214c2f5e87bad3c948f4d605d) (ScriptedImporter) -> (artifact id: '4acfa86abf979dfb5c93408ba6026942') in 0.0090558 seconds
Number of updated asset objects reloaded before import = 0Number of asset objects unloaded after import = 8

========================================================================
Received Import Request.
  Time since last request: 0.000019 seconds.
  path: Assets/Flooded_Grounds/Prefabs/Buildings/Structures1/Struct_Fence1_Column_A_DM.prefab
  artifactKey: Guid(8cfafaa03df8a814bbaeecb52ab759cb) Importer(2089858483,b0f066a214c2f5e87bad3c948f4d605d)
Start importing Assets/Flooded_Grounds/Prefabs/Buildings/Structures1/Struct_Fence1_Column_A_DM.prefab using Guid(8cfafaa03df8a814bbaeecb52ab759cb) Importer(2089858483,b0f066a214c2f5e87bad3c948f4d605d) (ScriptedImporter) -> (artifact id: 'cc116074170d7a8968c0d5d0cf94cfa4') in 0.0096699 seconds
Number of updated asset objects reloaded before import = 0Number of asset objects unloaded after import = 10

========================================================================
Received Import Request.
  Time since last request: 0.000016 seconds.
  path: Assets/Flooded_Grounds/Prefabs/Buildings/Villa2/Villa2_Deco_Column_Mid_A.prefab
  artifactKey: Guid(0763e8f6d4dbc2a4a8ad9b0f340e81fb) Importer(2089858483,b0f066a214c2f5e87bad3c948f4d605d)
Start importing Assets/Flooded_Grounds/Prefabs/Buildings/Villa2/Villa2_Deco_Column_Mid_A.prefab using Guid(0763e8f6d4dbc2a4a8ad9b0f340e81fb) Importer(2089858483,b0f066a214c2f5e87bad3c948f4d605d) (ScriptedImporter) -> (artifact id: '896f4b8a03f8ff7af07193ac92443a0f') in 0.0088097 seconds
Number of updated asset objects reloaded before import = 0Number of asset objects unloaded after import = 9

========================================================================
Received Import Request.
  Time since last request: 0.000021 seconds.
  path: Assets/Flooded_Grounds/Prefabs/Buildings/Structures1/Struct_Billboard_C.prefab
  artifactKey: Guid(9e3e63238d528fb42bcd93843763fc67) Importer(2089858483,b0f066a214c2f5e87bad3c948f4d605d)
Start importing Assets/Flooded_Grounds/Prefabs/Buildings/Structures1/Struct_Billboard_C.prefab using Guid(9e3e63238d528fb42bcd93843763fc67) Importer(2089858483,b0f066a214c2f5e87bad3c948f4d605d) (ScriptedImporter) -> (artifact id: 'b7300412f9244292155125bcf375b800') in 0.0103313 seconds
Number of updated asset objects reloaded before import = 0Number of asset objects unloaded after import = 23

========================================================================
Received Import Request.
  Time since last request: 0.000018 seconds.
  path: Assets/Flooded_Grounds/Prefabs/Props/Prop_Gravestone_C.prefab
  artifactKey: Guid(513a0e1241d2a72459d1db2f9dc27f3e) Importer(2089858483,b0f066a214c2f5e87bad3c948f4d605d)
Start importing Assets/Flooded_Grounds/Prefabs/Props/Prop_Gravestone_C.prefab using Guid(513a0e1241d2a72459d1db2f9dc27f3e) Importer(2089858483,b0f066a214c2f5e87bad3c948f4d605d) (ScriptedImporter) -> (artifact id: 'cfa659b197fb03d7aee9162b1476aec5') in 0.0098237 seconds
Number of updated asset objects reloaded before import = 0Number of asset objects unloaded after import = 9

Editor requested this worker to shutdown with reason: Scaling down because of idle timeout
AssetImportWorker is now disconnected from the server
Process exiting
Exiting without the bug reporter. Application will terminate with return code 0